coder,coder_slot,classifier_slot,spans
A,CROWD,CROWD,20
A,CROWD,JUDGE,6
A,CROWD,OTHER,10
A,CROWD,SCORE,3
A,CROWD,SHOT,1
A,CROWD,STAT,3
A,JUDGE,CROWD,1
A,JUDGE,JUDGE,170
A,JUDGE,OFFICIAL,4
A,JUDGE,OTHER,110
A,JUDGE,SCORE,16
A,JUDGE,SHOT,82
A,JUDGE,STAT,9
A,OFFICIAL,JUDGE,1
A,OFFICIAL,OFFICIAL,53
A,OFFICIAL,OTHER,3
A,OFFICIAL,SCORE,1
A,OFFICIAL,SHOT,4
A,OTHER,JUDGE,9
A,OTHER,OFFICIAL,2
A,OTHER,OTHER,25
A,OTHER,SCORE,3
A,OTHER,SHOT,11
A,OTHER,STAT,2
A,SCORE,JUDGE,18
A,SCORE,OTHER,71
A,SCORE,SCORE,155
A,SCORE,SHOT,20
A,SCORE,STAT,11
A,SHOT,CROWD,1
A,SHOT,JUDGE,15
A,SHOT,OTHER,24
A,SHOT,SCORE,2
A,SHOT,SHOT,216
A,SHOT,STAT,2
A,STAT,CROWD,2
A,STAT,JUDGE,5
A,STAT,OFFICIAL,1
A,STAT,OTHER,31
A,STAT,SCORE,6
A,STAT,SHOT,36
A,STAT,STAT,84
B,CROWD,CROWD,15
B,CROWD,JUDGE,2
B,CROWD,OTHER,13
B,CROWD,SCORE,2
B,CROWD,SHOT,1
B,CROWD,STAT,1
B,JUDGE,CROWD,1
B,JUDGE,JUDGE,111
B,JUDGE,OTHER,74
B,JUDGE,SCORE,16
B,JUDGE,SHOT,55
B,JUDGE,STAT,10
B,OFFICIAL,OFFICIAL,46
B,OFFICIAL,OTHER,2
B,OFFICIAL,SCORE,1
B,OFFICIAL,SHOT,4
B,OTHER,CROWD,1
B,OTHER,JUDGE,6
B,OTHER,OFFICIAL,3
B,OTHER,OTHER,14
B,OTHER,SCORE,1
B,OTHER,SHOT,17
B,OTHER,STAT,1
B,SCORE,JUDGE,8
B,SCORE,OTHER,46
B,SCORE,SCORE,143
B,SCORE,SHOT,15
B,SCORE,STAT,7
B,SHOT,CROWD,1
B,SHOT,JUDGE,13
B,SHOT,OFFICIAL,1
B,SHOT,OTHER,19
B,SHOT,SCORE,1
B,SHOT,SHOT,183
B,SHOT,STAT,9
B,STAT,CROWD,2
B,STAT,JUDGE,10
B,STAT,OTHER,42
B,STAT,SCORE,12
B,STAT,SHOT,34
B,STAT,STAT,67
