unit,coder,mode,coder_slot,classifier_slot,n
coder span,A,context,CROWD,CROWD,2
coder span,A,context,CROWD,JUDGE,10
coder span,A,context,CROWD,OTHER,22
coder span,A,context,CROWD,SCORE,4
coder span,A,context,CROWD,SHOT,2
coder span,A,context,CROWD,STAT,3
coder span,A,context,JUDGE,CROWD,3
coder span,A,context,JUDGE,JUDGE,93
coder span,A,context,JUDGE,OFFICIAL,7
coder span,A,context,JUDGE,OTHER,185
coder span,A,context,JUDGE,SCORE,28
coder span,A,context,JUDGE,SHOT,69
coder span,A,context,JUDGE,STAT,7
coder span,A,context,OFFICIAL,JUDGE,3
coder span,A,context,OFFICIAL,OFFICIAL,31
coder span,A,context,OFFICIAL,OTHER,18
coder span,A,context,OFFICIAL,SCORE,4
coder span,A,context,OFFICIAL,SHOT,6
coder span,A,context,OTHER,JUDGE,11
coder span,A,context,OTHER,OTHER,29
coder span,A,context,OTHER,SCORE,3
coder span,A,context,OTHER,SHOT,7
coder span,A,context,OTHER,STAT,2
coder span,A,context,SCORE,CROWD,1
coder span,A,context,SCORE,JUDGE,33
coder span,A,context,SCORE,OFFICIAL,3
coder span,A,context,SCORE,OTHER,143
coder span,A,context,SCORE,SCORE,62
coder span,A,context,SCORE,SHOT,18
coder span,A,context,SCORE,STAT,15
coder span,A,context,SHOT,CROWD,1
coder span,A,context,SHOT,JUDGE,42
coder span,A,context,SHOT,OFFICIAL,1
coder span,A,context,SHOT,OTHER,112
coder span,A,context,SHOT,SCORE,6
coder span,A,context,SHOT,SHOT,85
coder span,A,context,SHOT,STAT,13
coder span,A,context,STAT,CROWD,4
coder span,A,context,STAT,JUDGE,18
coder span,A,context,STAT,OFFICIAL,2
coder span,A,context,STAT,OTHER,81
coder span,A,context,STAT,SCORE,10
coder span,A,context,STAT,SHOT,28
coder span,A,context,STAT,STAT,22
coder span,A,span,CROWD,CROWD,20
coder span,A,span,CROWD,JUDGE,6
coder span,A,span,CROWD,OTHER,10
coder span,A,span,CROWD,SCORE,3
coder span,A,span,CROWD,SHOT,1
coder span,A,span,CROWD,STAT,3
coder span,A,span,JUDGE,CROWD,1
coder span,A,span,JUDGE,JUDGE,170
coder span,A,span,JUDGE,OFFICIAL,4
coder span,A,span,JUDGE,OTHER,110
coder span,A,span,JUDGE,SCORE,16
coder span,A,span,JUDGE,SHOT,82
coder span,A,span,JUDGE,STAT,9
coder span,A,span,OFFICIAL,JUDGE,1
coder span,A,span,OFFICIAL,OFFICIAL,53
coder span,A,span,OFFICIAL,OTHER,3
coder span,A,span,OFFICIAL,SCORE,1
coder span,A,span,OFFICIAL,SHOT,4
coder span,A,span,OTHER,JUDGE,9
coder span,A,span,OTHER,OFFICIAL,2
coder span,A,span,OTHER,OTHER,25
coder span,A,span,OTHER,SCORE,3
coder span,A,span,OTHER,SHOT,11
coder span,A,span,OTHER,STAT,2
coder span,A,span,SCORE,JUDGE,18
coder span,A,span,SCORE,OTHER,71
coder span,A,span,SCORE,SCORE,155
coder span,A,span,SCORE,SHOT,20
coder span,A,span,SCORE,STAT,11
coder span,A,span,SHOT,CROWD,1
coder span,A,span,SHOT,JUDGE,15
coder span,A,span,SHOT,OTHER,24
coder span,A,span,SHOT,SCORE,2
coder span,A,span,SHOT,SHOT,216
coder span,A,span,SHOT,STAT,2
coder span,A,span,STAT,CROWD,2
coder span,A,span,STAT,JUDGE,5
coder span,A,span,STAT,OFFICIAL,1
coder span,A,span,STAT,OTHER,31
coder span,A,span,STAT,SCORE,6
coder span,A,span,STAT,SHOT,36
coder span,A,span,STAT,STAT,84
coder span,B,context,CROWD,CROWD,4
coder span,B,context,CROWD,JUDGE,5
coder span,B,context,CROWD,OTHER,21
coder span,B,context,CROWD,SCORE,3
coder span,B,context,CROWD,STAT,1
coder span,B,context,JUDGE,CROWD,2
coder span,B,context,JUDGE,JUDGE,62
coder span,B,context,JUDGE,OFFICIAL,3
coder span,B,context,JUDGE,OTHER,131
coder span,B,context,JUDGE,SCORE,23
coder span,B,context,JUDGE,SHOT,40
coder span,B,context,JUDGE,STAT,6
coder span,B,context,OFFICIAL,JUDGE,1
coder span,B,context,OFFICIAL,OFFICIAL,24
coder span,B,context,OFFICIAL,OTHER,18
coder span,B,context,OFFICIAL,SCORE,4
coder span,B,context,OFFICIAL,SHOT,5
coder span,B,context,OFFICIAL,STAT,1
coder span,B,context,OTHER,CROWD,1
coder span,B,context,OTHER,JUDGE,8
coder span,B,context,OTHER,OFFICIAL,1
coder span,B,context,OTHER,OTHER,20
coder span,B,context,OTHER,SCORE,2
coder span,B,context,OTHER,SHOT,6
coder span,B,context,OTHER,STAT,5
coder span,B,context,SCORE,CROWD,1
coder span,B,context,SCORE,JUDGE,23
coder span,B,context,SCORE,OFFICIAL,3
coder span,B,context,SCORE,OTHER,110
coder span,B,context,SCORE,SCORE,57
coder span,B,context,SCORE,SHOT,14
coder span,B,context,SCORE,STAT,11
coder span,B,context,SHOT,CROWD,2
coder span,B,context,SHOT,JUDGE,40
coder span,B,context,SHOT,OFFICIAL,3
coder span,B,context,SHOT,OTHER,96
coder span,B,context,SHOT,SCORE,7
coder span,B,context,SHOT,SHOT,71
coder span,B,context,SHOT,STAT,8
coder span,B,context,STAT,CROWD,3
coder span,B,context,STAT,JUDGE,18
coder span,B,context,STAT,OFFICIAL,1
coder span,B,context,STAT,OTHER,90
coder span,B,context,STAT,SCORE,9
coder span,B,context,STAT,SHOT,24
coder span,B,context,STAT,STAT,22
coder span,B,span,CROWD,CROWD,15
coder span,B,span,CROWD,JUDGE,2
coder span,B,span,CROWD,OTHER,13
coder span,B,span,CROWD,SCORE,2
coder span,B,span,CROWD,SHOT,1
coder span,B,span,CROWD,STAT,1
coder span,B,span,JUDGE,CROWD,1
coder span,B,span,JUDGE,JUDGE,111
coder span,B,span,JUDGE,OTHER,74
coder span,B,span,JUDGE,SCORE,16
coder span,B,span,JUDGE,SHOT,55
coder span,B,span,JUDGE,STAT,10
coder span,B,span,OFFICIAL,OFFICIAL,46
coder span,B,span,OFFICIAL,OTHER,2
coder span,B,span,OFFICIAL,SCORE,1
coder span,B,span,OFFICIAL,SHOT,4
coder span,B,span,OTHER,CROWD,1
coder span,B,span,OTHER,JUDGE,6
coder span,B,span,OTHER,OFFICIAL,3
coder span,B,span,OTHER,OTHER,14
coder span,B,span,OTHER,SCORE,1
coder span,B,span,OTHER,SHOT,17
coder span,B,span,OTHER,STAT,1
coder span,B,span,SCORE,JUDGE,8
coder span,B,span,SCORE,OTHER,46
coder span,B,span,SCORE,SCORE,143
coder span,B,span,SCORE,SHOT,15
coder span,B,span,SCORE,STAT,7
coder span,B,span,SHOT,CROWD,1
coder span,B,span,SHOT,JUDGE,13
coder span,B,span,SHOT,OFFICIAL,1
coder span,B,span,SHOT,OTHER,19
coder span,B,span,SHOT,SCORE,1
coder span,B,span,SHOT,SHOT,183
coder span,B,span,SHOT,STAT,9
coder span,B,span,STAT,CROWD,2
coder span,B,span,STAT,JUDGE,10
coder span,B,span,STAT,OTHER,42
coder span,B,span,STAT,SCORE,12
coder span,B,span,STAT,SHOT,34
coder span,B,span,STAT,STAT,67
reference (all),A,context,CROWD,CROWD,1
reference (all),A,context,CROWD,OTHER,2
reference (all),A,context,CROWD,SCORE,1
reference (all),A,context,JUDGE,JUDGE,6
reference (all),A,context,JUDGE,OFFICIAL,1
reference (all),A,context,JUDGE,OTHER,10
reference (all),A,context,JUDGE,SCORE,2
reference (all),A,context,JUDGE,SHOT,4
reference (all),A,context,OFFICIAL,OFFICIAL,11
reference (all),A,context,OTHER,OTHER,5
reference (all),A,context,OTHER,SHOT,2
reference (all),A,context,SCORE,OTHER,1
reference (all),A,context,SCORE,SCORE,18
reference (all),A,context,SCORE,SHOT,1
reference (all),A,context,SCORE,STAT,1
reference (all),A,context,SHOT,JUDGE,2
reference (all),A,context,SHOT,OTHER,1
reference (all),A,context,SHOT,SHOT,9
reference (all),A,context,SHOT,STAT,1
reference (all),A,context,STAT,OTHER,7
reference (all),A,context,STAT,STAT,6
reference (all),A,span,CROWD,CROWD,1
reference (all),A,span,CROWD,OTHER,2
reference (all),A,span,CROWD,SCORE,1
reference (all),A,span,JUDGE,JUDGE,6
reference (all),A,span,JUDGE,OFFICIAL,1
reference (all),A,span,JUDGE,OTHER,10
reference (all),A,span,JUDGE,SCORE,2
reference (all),A,span,JUDGE,SHOT,4
reference (all),A,span,OFFICIAL,OFFICIAL,11
reference (all),A,span,OTHER,JUDGE,2
reference (all),A,span,OTHER,OTHER,3
reference (all),A,span,OTHER,SHOT,2
reference (all),A,span,SCORE,OTHER,1
reference (all),A,span,SCORE,SCORE,18
reference (all),A,span,SCORE,SHOT,1
reference (all),A,span,SCORE,STAT,1
reference (all),A,span,SHOT,JUDGE,2
reference (all),A,span,SHOT,OTHER,1
reference (all),A,span,SHOT,SHOT,9
reference (all),A,span,SHOT,STAT,1
reference (all),A,span,STAT,OTHER,3
reference (all),A,span,STAT,SHOT,2
reference (all),A,span,STAT,STAT,8
reference (commentary_only),A,context,CROWD,CROWD,1
reference (commentary_only),A,context,CROWD,OTHER,2
reference (commentary_only),A,context,CROWD,SCORE,1
reference (commentary_only),A,context,JUDGE,JUDGE,6
reference (commentary_only),A,context,JUDGE,OFFICIAL,1
reference (commentary_only),A,context,JUDGE,OTHER,10
reference (commentary_only),A,context,JUDGE,SCORE,2
reference (commentary_only),A,context,JUDGE,SHOT,4
reference (commentary_only),A,context,OTHER,OTHER,5
reference (commentary_only),A,context,OTHER,SHOT,2
reference (commentary_only),A,context,SCORE,SCORE,3
reference (commentary_only),A,context,SCORE,SHOT,1
reference (commentary_only),A,context,SCORE,STAT,1
reference (commentary_only),A,context,SHOT,JUDGE,2
reference (commentary_only),A,context,SHOT,OTHER,1
reference (commentary_only),A,context,SHOT,SHOT,9
reference (commentary_only),A,context,SHOT,STAT,1
reference (commentary_only),A,context,STAT,OTHER,7
reference (commentary_only),A,context,STAT,STAT,6
reference (commentary_only),A,span,CROWD,CROWD,1
reference (commentary_only),A,span,CROWD,OTHER,2
reference (commentary_only),A,span,CROWD,SCORE,1
reference (commentary_only),A,span,JUDGE,JUDGE,6
reference (commentary_only),A,span,JUDGE,OFFICIAL,1
reference (commentary_only),A,span,JUDGE,OTHER,10
reference (commentary_only),A,span,JUDGE,SCORE,2
reference (commentary_only),A,span,JUDGE,SHOT,4
reference (commentary_only),A,span,OTHER,JUDGE,2
reference (commentary_only),A,span,OTHER,OTHER,3
reference (commentary_only),A,span,OTHER,SHOT,2
reference (commentary_only),A,span,SCORE,SCORE,3
reference (commentary_only),A,span,SCORE,SHOT,1
reference (commentary_only),A,span,SCORE,STAT,1
reference (commentary_only),A,span,SHOT,JUDGE,2
reference (commentary_only),A,span,SHOT,OTHER,1
reference (commentary_only),A,span,SHOT,SHOT,9
reference (commentary_only),A,span,SHOT,STAT,1
reference (commentary_only),A,span,STAT,OTHER,3
reference (commentary_only),A,span,STAT,SHOT,2
reference (commentary_only),A,span,STAT,STAT,8
reference (all),B,context,CROWD,CROWD,3
reference (all),B,context,CROWD,OTHER,2
reference (all),B,context,JUDGE,JUDGE,9
reference (all),B,context,JUDGE,OTHER,9
reference (all),B,context,JUDGE,SCORE,2
reference (all),B,context,JUDGE,SHOT,4
reference (all),B,context,JUDGE,STAT,1
reference (all),B,context,OFFICIAL,OFFICIAL,12
reference (all),B,context,OTHER,OTHER,5
reference (all),B,context,OTHER,SCORE,1
reference (all),B,context,OTHER,SHOT,2
reference (all),B,context,OTHER,STAT,1
reference (all),B,context,SCORE,JUDGE,1
reference (all),B,context,SCORE,OTHER,2
reference (all),B,context,SCORE,SCORE,19
reference (all),B,context,SCORE,SHOT,2
reference (all),B,context,SCORE,STAT,1
reference (all),B,context,SHOT,JUDGE,1
reference (all),B,context,SHOT,OTHER,1
reference (all),B,context,SHOT,SHOT,8
reference (all),B,context,STAT,OTHER,6
reference (all),B,context,STAT,STAT,5
reference (all),B,span,CROWD,CROWD,3
reference (all),B,span,CROWD,OTHER,2
reference (all),B,span,JUDGE,JUDGE,9
reference (all),B,span,JUDGE,OTHER,9
reference (all),B,span,JUDGE,SCORE,2
reference (all),B,span,JUDGE,SHOT,4
reference (all),B,span,JUDGE,STAT,1
reference (all),B,span,OFFICIAL,OFFICIAL,12
reference (all),B,span,OTHER,JUDGE,2
reference (all),B,span,OTHER,OTHER,2
reference (all),B,span,OTHER,SCORE,1
reference (all),B,span,OTHER,SHOT,4
reference (all),B,span,SCORE,JUDGE,1
reference (all),B,span,SCORE,OTHER,2
reference (all),B,span,SCORE,SCORE,19
reference (all),B,span,SCORE,SHOT,2
reference (all),B,span,SCORE,STAT,1
reference (all),B,span,SHOT,JUDGE,1
reference (all),B,span,SHOT,OTHER,1
reference (all),B,span,SHOT,SHOT,8
reference (all),B,span,STAT,OTHER,4
reference (all),B,span,STAT,STAT,7
reference (commentary_only),B,context,CROWD,CROWD,3
reference (commentary_only),B,context,CROWD,OTHER,2
reference (commentary_only),B,context,JUDGE,JUDGE,9
reference (commentary_only),B,context,JUDGE,OTHER,9
reference (commentary_only),B,context,JUDGE,SCORE,2
reference (commentary_only),B,context,JUDGE,SHOT,4
reference (commentary_only),B,context,JUDGE,STAT,1
reference (commentary_only),B,context,OTHER,OTHER,5
reference (commentary_only),B,context,OTHER,SCORE,1
reference (commentary_only),B,context,OTHER,SHOT,2
reference (commentary_only),B,context,OTHER,STAT,1
reference (commentary_only),B,context,SCORE,JUDGE,1
reference (commentary_only),B,context,SCORE,OTHER,1
reference (commentary_only),B,context,SCORE,SCORE,4
reference (commentary_only),B,context,SCORE,SHOT,2
reference (commentary_only),B,context,SCORE,STAT,1
reference (commentary_only),B,context,SHOT,JUDGE,1
reference (commentary_only),B,context,SHOT,OTHER,1
reference (commentary_only),B,context,SHOT,SHOT,8
reference (commentary_only),B,context,STAT,OTHER,6
reference (commentary_only),B,context,STAT,STAT,5
reference (commentary_only),B,span,CROWD,CROWD,3
reference (commentary_only),B,span,CROWD,OTHER,2
reference (commentary_only),B,span,JUDGE,JUDGE,9
reference (commentary_only),B,span,JUDGE,OTHER,9
reference (commentary_only),B,span,JUDGE,SCORE,2
reference (commentary_only),B,span,JUDGE,SHOT,4
reference (commentary_only),B,span,JUDGE,STAT,1
reference (commentary_only),B,span,OTHER,JUDGE,2
reference (commentary_only),B,span,OTHER,OTHER,2
reference (commentary_only),B,span,OTHER,SCORE,1
reference (commentary_only),B,span,OTHER,SHOT,4
reference (commentary_only),B,span,SCORE,JUDGE,1
reference (commentary_only),B,span,SCORE,OTHER,1
reference (commentary_only),B,span,SCORE,SCORE,4
reference (commentary_only),B,span,SCORE,SHOT,2
reference (commentary_only),B,span,SCORE,STAT,1
reference (commentary_only),B,span,SHOT,JUDGE,1
reference (commentary_only),B,span,SHOT,OTHER,1
reference (commentary_only),B,span,SHOT,SHOT,8
reference (commentary_only),B,span,STAT,OTHER,4
reference (commentary_only),B,span,STAT,STAT,7
