S,tokens,team,types_base,types_n3,types_content,types_base_shuffled,types_n3_shuffled,subsample_tokens,R
1500,norm,tv_2019wimF,95.294,24.668,84.654,32.014,0.89,1542.33,500
1500,norm,tv_2023wimF,110.308,34.866,100.12,26.308,0.47,1525.08,500
1500,norm,tv_pool_20190126-W-Australian_Open-F-Naomi_Osaka-Petra_Kvitova,93.03,21.166,87.218,19.434,0.286,1529.53,500
1500,norm,tv_pool_20200202-M-Australian_Open-F-Novak_Djokovic-Dominic_Thiem,94.806,26.076,89.08,19.136,0.304,1527.53,500
1500,norm,tv_pool_20201010-W-Roland_Garros-F-Iga_Swiatek-Sofia_Kenin,100.69,25.766,93.022,22.806,0.41,1528.89,500
1500,norm,tv_pool_20210220-W-Australian_Open-F-Naomi_Osaka-Jennifer_Brady,114.25,30.882,105.452,31.102,0.628,1527.88,500
1500,norm,tv_pool_20210613-M-Roland_Garros-F-Stefanos_Tsitsipas-Novak_Djokovic,108.296,30.288,98.262,25.76,0.544,1528.45,500
1500,norm,tv_pool_20210911-W-US_Open-F-Emma_Raducanu-Leylah_Fernandez,85.518,19.262,76.332,16.532,0.212,1524.48,500
1500,norm,tv_pool_20220130-M-Australian_Open-F-Rafael_Nadal-Daniil_Medvedev,85.736,21.682,77.09,17.686,0.282,1542.6,500
1500,norm,tv_pool_20220531-M-Roland_Garros-QF-Novak_Djokovic-Rafael_Nadal,98.862,23.946,86.264,24.926,0.47,1538.72,500
1500,norm,tv_pool_20220911-M-US_Open-F-Casper_Ruud-Carlos_Alcaraz,94.126,24.916,83.854,18.448,0.254,1537.18,500
1500,norm,tv_pool_20230610-W-Roland_Garros-F-Iga_Swiatek-Karolina_Muchova,128.102,35.714,120.874,25.076,0.462,1522.8,500
1500,norm,tv_pool_20230910-M-US_Open-F-Novak_Djokovic-Daniil_Medvedev,88.406,17.556,80.51,22.998,0.33,1537.03,500
1500,norm,tv_pool_20240128-M-Australian_Open-F-Jannik_Sinner-Daniil_Medvedev,85.876,19.956,79.202,17.366,0.244,1532.19,500
1500,norm,tv_pool_20240608-W-Roland_Garros-F-Iga_Swiatek-Jasmine_Paolini,130.254,38.376,119.014,29.322,0.576,1522.33,500
1500,norm,tv_pool_20240713-W-Wimbledon-F-Jasmine_Paolini-Barbora_Krejcikova,128.5,48.754,121.236,19.042,0.272,1533.08,500
1500,norm,tv_pool_20240908-M-US_Open-F-Taylor_Fritz-Jannik_Sinner,74.264,17.018,67.19,18.166,0.276,1544.49,500
1500,norm,tv_pool_20250124-M-Australian_Open-SF-Jannik_Sinner-Ben_Shelton,103.638,30.076,93.986,20.946,0.3,1533.97,500
1500,norm,tv_pool_20250712-W-Wimbledon-F-Amanda_Anisimova-Iga_Swiatek,82.15,20.09,72.28,18.298,0.3,1534.74,500
1500,norm,tv_pool_20250907-M-US_Open-F-Jannik_Sinner-Carlos_Alcaraz,80.56,18.188,72.72,17.906,0.27,1534.22,500
1500,norm,cornell,197.57,72.782,178.064,52.944,2.292,1528.37,500
1500,norm,press_pooled,91.168,25.642,87.74,19.466,0.358,1554.82,500
1500,norm,press_federer,92.356,27.64,89.496,17.564,0.274,1577.18,500
1500,norm,press_djokovic,103.5,32.652,99.448,17.398,0.31,1561.31,500
1500,norm,press_murray,120.688,41.218,116.322,24.494,0.48,1552.63,500
1500,norm,press_nadal,117.294,37.444,112.084,26.69,0.578,1570.05,500
1500,raw,tv_2019wimF,83.096,18.786,74.676,15.778,0.258,1542.33,500
1500,raw,tv_2023wimF,100.636,29.98,91.98,15.124,0.218,1525.08,500
1500,raw,tv_pool_20190126-W-Australian_Open-F-Naomi_Osaka-Petra_Kvitova,87.44,19.98,83.49,12.656,0.172,1529.53,500
1500,raw,tv_pool_20200202-M-Australian_Open-F-Novak_Djokovic-Dominic_Thiem,89.548,25.388,85.682,13.624,0.182,1527.53,500
1500,raw,tv_pool_20201010-W-Roland_Garros-F-Iga_Swiatek-Sofia_Kenin,97.906,24.884,91.254,17.622,0.21,1528.89,500
1500,raw,tv_pool_20210220-W-Australian_Open-F-Naomi_Osaka-Jennifer_Brady,102.86,26.65,96.62,18.49,0.234,1527.88,500
1500,raw,tv_pool_20210613-M-Roland_Garros-F-Stefanos_Tsitsipas-Novak_Djokovic,100.274,27.338,92.62,16.186,0.268,1528.45,500
1500,raw,tv_pool_20210911-W-US_Open-F-Emma_Raducanu-Leylah_Fernandez,79.64,18.042,72.928,9.512,0.11,1524.48,500
1500,raw,tv_pool_20220130-M-Australian_Open-F-Rafael_Nadal-Daniil_Medvedev,81.342,20.39,74.532,12.674,0.176,1542.6,500
1500,raw,tv_pool_20220531-M-Roland_Garros-QF-Novak_Djokovic-Rafael_Nadal,90.394,21.106,81.712,17.294,0.286,1538.72,500
1500,raw,tv_pool_20220911-M-US_Open-F-Casper_Ruud-Carlos_Alcaraz,86.458,22.158,80.352,11.064,0.13,1537.18,500
1500,raw,tv_pool_20230610-W-Roland_Garros-F-Iga_Swiatek-Karolina_Muchova,120.302,32.19,115.642,19.008,0.304,1522.8,500
1500,raw,tv_pool_20230910-M-US_Open-F-Novak_Djokovic-Daniil_Medvedev,76.224,15.094,72.604,12.924,0.154,1537.03,500
1500,raw,tv_pool_20240128-M-Australian_Open-F-Jannik_Sinner-Daniil_Medvedev,78.492,18.548,74.086,11.692,0.176,1532.19,500
1500,raw,tv_pool_20240608-W-Roland_Garros-F-Iga_Swiatek-Jasmine_Paolini,126.018,35.154,116.928,19.62,0.298,1522.33,500
1500,raw,tv_pool_20240713-W-Wimbledon-F-Jasmine_Paolini-Barbora_Krejcikova,122.858,47.098,116.118,11.77,0.152,1533.08,500
1500,raw,tv_pool_20240908-M-US_Open-F-Taylor_Fritz-Jannik_Sinner,65.646,14.664,62.046,9.838,0.11,1544.49,500
1500,raw,tv_pool_20250124-M-Australian_Open-SF-Jannik_Sinner-Ben_Shelton,94.598,27.508,89.314,12.3,0.15,1533.97,500
1500,raw,tv_pool_20250712-W-Wimbledon-F-Amanda_Anisimova-Iga_Swiatek,68.018,14.704,65.006,9.91,0.106,1534.74,500
1500,raw,tv_pool_20250907-M-US_Open-F-Jannik_Sinner-Carlos_Alcaraz,72.484,16.428,67.264,11.834,0.132,1534.22,500
1500,raw,cornell,156.538,51.774,139.854,27.79,0.568,1528.37,500
1500,raw,press_pooled,89.97,25.328,87.48,19.538,0.4,1554.82,500
1500,raw,press_federer,91.334,27.4,89.296,17.102,0.266,1577.18,500
1500,raw,press_djokovic,102.522,32.434,99.136,17.006,0.288,1561.31,500
1500,raw,press_murray,119.346,40.812,116.002,23.878,0.442,1552.63,500
1500,raw,press_nadal,115.012,36.802,111.8,25.252,0.5,1570.05,500
3000,norm,tv_2019wimF,261.5,80.125,236.79,89.535,3.12,3038.16,200
3000,norm,tv_2023wimF,308.35,110.45,282.805,79.58,2.05,3024.84,200
3000,norm,tv_pool_20190126-W-Australian_Open-F-Naomi_Osaka-Petra_Kvitova,253.87,67.835,238.81,62.69,1.165,3028.87,200
3000,norm,tv_pool_20200202-M-Australian_Open-F-Novak_Djokovic-Dominic_Thiem,264.24,85.895,249.765,62.07,1.255,3026.28,200
3000,norm,tv_pool_20210220-W-Australian_Open-F-Naomi_Osaka-Jennifer_Brady,320.92,106.29,302.27,90.395,2.31,3033.03,200
3000,norm,tv_pool_20210613-M-Roland_Garros-F-Stefanos_Tsitsipas-Novak_Djokovic,293.645,94.05,269.24,78.005,2.04,3027.47,200
3000,norm,tv_pool_20210911-W-US_Open-F-Emma_Raducanu-Leylah_Fernandez,231.615,59.125,208.315,54.16,0.795,3026.27,200
3000,norm,tv_pool_20220130-M-Australian_Open-F-Rafael_Nadal-Daniil_Medvedev,239.515,70.825,217.455,59.705,1.16,3043.74,200
3000,norm,tv_pool_20220531-M-Roland_Garros-QF-Novak_Djokovic-Rafael_Nadal,275.235,82.18,245.09,78.64,1.975,3038.19,200
3000,norm,tv_pool_20220911-M-US_Open-F-Casper_Ruud-Carlos_Alcaraz,268.23,83.87,242.325,59.515,1.035,3035.57,200
3000,norm,tv_pool_20230610-W-Roland_Garros-F-Iga_Swiatek-Karolina_Muchova,342.995,120.075,324.44,80.7,1.705,3022.19,200
3000,norm,tv_pool_20230910-M-US_Open-F-Novak_Djokovic-Daniil_Medvedev,248.71,61.98,228.425,72.125,1.33,3035.79,200
3000,norm,tv_pool_20240128-M-Australian_Open-F-Jannik_Sinner-Daniil_Medvedev,237.225,67.85,220.345,57.425,1.04,3030.74,200
3000,norm,tv_pool_20240713-W-Wimbledon-F-Jasmine_Paolini-Barbora_Krejcikova,381.1,169.19,360.425,63.475,1.135,3036.11,200
3000,norm,tv_pool_20240908-M-US_Open-F-Taylor_Fritz-Jannik_Sinner,204.635,53.845,186.795,56.04,1.08,3041.24,200
3000,norm,tv_pool_20250124-M-Australian_Open-SF-Jannik_Sinner-Ben_Shelton,291.745,98.455,266.585,65.705,1.34,3030.65,200
3000,norm,tv_pool_20250907-M-US_Open-F-Jannik_Sinner-Carlos_Alcaraz,233.46,67.105,213.465,57.71,1.03,3031.43,200
3000,norm,cornell,504.195,215.505,465.23,147.455,9.04,3028.8,200
3000,norm,press_pooled,244.955,77.615,235.095,64.91,1.29,3050.67,200
3000,norm,press_federer,254.245,85.935,245.73,58.785,1.09,3072.69,200
3000,norm,press_djokovic,291.47,104.395,281.185,59.435,1.085,3059.56,200
3000,norm,press_murray,324.845,128.3,314.32,79.96,1.85,3051.82,200
3000,norm,press_nadal,326.19,122.57,313.27,84.94,1.98,3070.28,200
