target,label,class,slot,tokens_summed_over_R,share_of_class
tv_2019wimF,2019 WIM M F Federer-Djokovic,tv_only,SCORE,719,0.143256
tv_2019wimF,2019 WIM M F Federer-Djokovic,tv_only,OFFICIAL,673,0.13409
tv_2019wimF,2019 WIM M F Federer-Djokovic,tv_only,SHOT,1036,0.206416
tv_2019wimF,2019 WIM M F Federer-Djokovic,tv_only,JUDGE,665,0.132497
tv_2019wimF,2019 WIM M F Federer-Djokovic,tv_only,STAT,664,0.132297
tv_2019wimF,2019 WIM M F Federer-Djokovic,tv_only,CROWD,117,0.0233114
tv_2019wimF,2019 WIM M F Federer-Djokovic,tv_only,OTHER,1145,0.228133
tv_2019wimF,2019 WIM M F Federer-Djokovic,tv_only,_umpire_mask,906,0.180514
tv_2019wimF,2019 WIM M F Federer-Djokovic,shared,SCORE,1299,0.128031
tv_2019wimF,2019 WIM M F Federer-Djokovic,shared,OFFICIAL,171,0.0168539
tv_2019wimF,2019 WIM M F Federer-Djokovic,shared,SHOT,2680,0.264144
tv_2019wimF,2019 WIM M F Federer-Djokovic,shared,JUDGE,2512,0.247585
tv_2019wimF,2019 WIM M F Federer-Djokovic,shared,STAT,1099,0.108319
tv_2019wimF,2019 WIM M F Federer-Djokovic,shared,CROWD,168,0.0165582
tv_2019wimF,2019 WIM M F Federer-Djokovic,shared,OTHER,2217,0.21851
tv_2019wimF,2019 WIM M F Federer-Djokovic,shared,_umpire_mask,505,0.0497733
tv_2019wimF,2019 WIM M F Federer-Djokovic,tv_only_strict,SCORE,324,0.233766
tv_2019wimF,2019 WIM M F Federer-Djokovic,tv_only_strict,OFFICIAL,419,0.302309
tv_2019wimF,2019 WIM M F Federer-Djokovic,tv_only_strict,SHOT,206,0.148629
tv_2019wimF,2019 WIM M F Federer-Djokovic,tv_only_strict,JUDGE,91,0.0656566
tv_2019wimF,2019 WIM M F Federer-Djokovic,tv_only_strict,STAT,155,0.111833
tv_2019wimF,2019 WIM M F Federer-Djokovic,tv_only_strict,CROWD,23,0.0165945
tv_2019wimF,2019 WIM M F Federer-Djokovic,tv_only_strict,OTHER,168,0.121212
tv_2019wimF,2019 WIM M F Federer-Djokovic,tv_only_strict,_umpire_mask,618,0.445887
tv_2019wimF,2019 WIM M F Federer-Djokovic,tv_only_cross,SCORE,625,0.135399
tv_2019wimF,2019 WIM M F Federer-Djokovic,tv_only_cross,OFFICIAL,546,0.118284
tv_2019wimF,2019 WIM M F Federer-Djokovic,tv_only_cross,SHOT,988,0.214038
tv_2019wimF,2019 WIM M F Federer-Djokovic,tv_only_cross,JUDGE,611,0.132366
tv_2019wimF,2019 WIM M F Federer-Djokovic,tv_only_cross,STAT,650,0.140815
tv_2019wimF,2019 WIM M F Federer-Djokovic,tv_only_cross,CROWD,105,0.022747
tv_2019wimF,2019 WIM M F Federer-Djokovic,tv_only_cross,OTHER,1091,0.236352
tv_2019wimF,2019 WIM M F Federer-Djokovic,tv_only_cross,_umpire_mask,757,0.163995
tv_2023wimF,2023 WIM M F Alcaraz-Djokovic,tv_only,SCORE,569,0.143361
tv_2023wimF,2023 WIM M F Alcaraz-Djokovic,tv_only,OFFICIAL,415,0.10456
tv_2023wimF,2023 WIM M F Alcaraz-Djokovic,tv_only,SHOT,1112,0.280171
tv_2023wimF,2023 WIM M F Alcaraz-Djokovic,tv_only,JUDGE,542,0.136558
tv_2023wimF,2023 WIM M F Alcaraz-Djokovic,tv_only,STAT,284,0.0715545
tv_2023wimF,2023 WIM M F Alcaraz-Djokovic,tv_only,CROWD,98,0.0246914
tv_2023wimF,2023 WIM M F Alcaraz-Djokovic,tv_only,OTHER,949,0.239103
tv_2023wimF,2023 WIM M F Alcaraz-Djokovic,tv_only,_umpire_mask,684,0.172336
tv_2023wimF,2023 WIM M F Alcaraz-Djokovic,shared,SCORE,939,0.12099
tv_2023wimF,2023 WIM M F Alcaraz-Djokovic,shared,OFFICIAL,214,0.0275738
tv_2023wimF,2023 WIM M F Alcaraz-Djokovic,shared,SHOT,2070,0.266718
tv_2023wimF,2023 WIM M F Alcaraz-Djokovic,shared,JUDGE,1526,0.196624
tv_2023wimF,2023 WIM M F Alcaraz-Djokovic,shared,STAT,721,0.0929004
tv_2023wimF,2023 WIM M F Alcaraz-Djokovic,shared,CROWD,148,0.0190697
tv_2023wimF,2023 WIM M F Alcaraz-Djokovic,shared,OTHER,2143,0.276124
tv_2023wimF,2023 WIM M F Alcaraz-Djokovic,shared,_umpire_mask,356,0.0458704
tv_2023wimF,2023 WIM M F Alcaraz-Djokovic,tv_only_strict,SCORE,291,0.295132
tv_2023wimF,2023 WIM M F Alcaraz-Djokovic,tv_only_strict,OFFICIAL,263,0.266734
tv_2023wimF,2023 WIM M F Alcaraz-Djokovic,tv_only_strict,SHOT,160,0.162272
tv_2023wimF,2023 WIM M F Alcaraz-Djokovic,tv_only_strict,JUDGE,78,0.0791075
tv_2023wimF,2023 WIM M F Alcaraz-Djokovic,tv_only_strict,STAT,30,0.030426
tv_2023wimF,2023 WIM M F Alcaraz-Djokovic,tv_only_strict,CROWD,11,0.0111562
tv_2023wimF,2023 WIM M F Alcaraz-Djokovic,tv_only_strict,OTHER,153,0.155172
tv_2023wimF,2023 WIM M F Alcaraz-Djokovic,tv_only_strict,_umpire_mask,448,0.454361
tv_2023wimF,2023 WIM M F Alcaraz-Djokovic,tv_only_cross,SCORE,525,0.146771
tv_2023wimF,2023 WIM M F Alcaraz-Djokovic,tv_only_cross,OFFICIAL,230,0.0642997
tv_2023wimF,2023 WIM M F Alcaraz-Djokovic,tv_only_cross,SHOT,1058,0.295779
tv_2023wimF,2023 WIM M F Alcaraz-Djokovic,tv_only_cross,JUDGE,526,0.147051
tv_2023wimF,2023 WIM M F Alcaraz-Djokovic,tv_only_cross,STAT,261,0.0729662
tv_2023wimF,2023 WIM M F Alcaraz-Djokovic,tv_only_cross,CROWD,76,0.0212469
tv_2023wimF,2023 WIM M F Alcaraz-Djokovic,tv_only_cross,OTHER,901,0.251887
tv_2023wimF,2023 WIM M F Alcaraz-Djokovic,tv_only_cross,_umpire_mask,507,0.141739
tv_pool_20190126-W-Australian_Open-F-Naomi_Osaka-Petra_Kvitova,2019 AO W F Osaka-Kvitova,tv_only,SCORE,72,0.0271903
tv_pool_20190126-W-Australian_Open-F-Naomi_Osaka-Petra_Kvitova,2019 AO W F Osaka-Kvitova,tv_only,OFFICIAL,20,0.00755287
tv_pool_20190126-W-Australian_Open-F-Naomi_Osaka-Petra_Kvitova,2019 AO W F Osaka-Kvitova,tv_only,SHOT,924,0.348943
tv_pool_20190126-W-Australian_Open-F-Naomi_Osaka-Petra_Kvitova,2019 AO W F Osaka-Kvitova,tv_only,JUDGE,558,0.210725
tv_pool_20190126-W-Australian_Open-F-Naomi_Osaka-Petra_Kvitova,2019 AO W F Osaka-Kvitova,tv_only,STAT,222,0.0838369
tv_pool_20190126-W-Australian_Open-F-Naomi_Osaka-Petra_Kvitova,2019 AO W F Osaka-Kvitova,tv_only,CROWD,59,0.022281
tv_pool_20190126-W-Australian_Open-F-Naomi_Osaka-Petra_Kvitova,2019 AO W F Osaka-Kvitova,tv_only,OTHER,793,0.299471
tv_pool_20190126-W-Australian_Open-F-Naomi_Osaka-Petra_Kvitova,2019 AO W F Osaka-Kvitova,tv_only,_umpire_mask,28,0.010574
tv_pool_20190126-W-Australian_Open-F-Naomi_Osaka-Petra_Kvitova,2019 AO W F Osaka-Kvitova,shared,SCORE,282,0.0422156
tv_pool_20190126-W-Australian_Open-F-Naomi_Osaka-Petra_Kvitova,2019 AO W F Osaka-Kvitova,shared,OFFICIAL,0,0
tv_pool_20190126-W-Australian_Open-F-Naomi_Osaka-Petra_Kvitova,2019 AO W F Osaka-Kvitova,shared,SHOT,1603,0.23997
tv_pool_20190126-W-Australian_Open-F-Naomi_Osaka-Petra_Kvitova,2019 AO W F Osaka-Kvitova,shared,JUDGE,1826,0.273353
tv_pool_20190126-W-Australian_Open-F-Naomi_Osaka-Petra_Kvitova,2019 AO W F Osaka-Kvitova,shared,STAT,408,0.0610778
tv_pool_20190126-W-Australian_Open-F-Naomi_Osaka-Petra_Kvitova,2019 AO W F Osaka-Kvitova,shared,CROWD,62,0.00928144
tv_pool_20190126-W-Australian_Open-F-Naomi_Osaka-Petra_Kvitova,2019 AO W F Osaka-Kvitova,shared,OTHER,2499,0.374102
tv_pool_20190126-W-Australian_Open-F-Naomi_Osaka-Petra_Kvitova,2019 AO W F Osaka-Kvitova,shared,_umpire_mask,42,0.00628743
tv_pool_20190126-W-Australian_Open-F-Naomi_Osaka-Petra_Kvitova,2019 AO W F Osaka-Kvitova,tv_only_strict,SCORE,0,0
tv_pool_20190126-W-Australian_Open-F-Naomi_Osaka-Petra_Kvitova,2019 AO W F Osaka-Kvitova,tv_only_strict,OFFICIAL,20,0.049505
tv_pool_20190126-W-Australian_Open-F-Naomi_Osaka-Petra_Kvitova,2019 AO W F Osaka-Kvitova,tv_only_strict,SHOT,167,0.413366
tv_pool_20190126-W-Australian_Open-F-Naomi_Osaka-Petra_Kvitova,2019 AO W F Osaka-Kvitova,tv_only_strict,JUDGE,42,0.10396
tv_pool_20190126-W-Australian_Open-F-Naomi_Osaka-Petra_Kvitova,2019 AO W F Osaka-Kvitova,tv_only_strict,STAT,31,0.0767327
tv_pool_20190126-W-Australian_Open-F-Naomi_Osaka-Petra_Kvitova,2019 AO W F Osaka-Kvitova,tv_only_strict,CROWD,9,0.0222772
tv_pool_20190126-W-Australian_Open-F-Naomi_Osaka-Petra_Kvitova,2019 AO W F Osaka-Kvitova,tv_only_strict,OTHER,135,0.334158
tv_pool_20190126-W-Australian_Open-F-Naomi_Osaka-Petra_Kvitova,2019 AO W F Osaka-Kvitova,tv_only_strict,_umpire_mask,20,0.049505
tv_pool_20190126-W-Australian_Open-F-Naomi_Osaka-Petra_Kvitova,2019 AO W F Osaka-Kvitova,tv_only_cross,SCORE,72,0.0286624
tv_pool_20190126-W-Australian_Open-F-Naomi_Osaka-Petra_Kvitova,2019 AO W F Osaka-Kvitova,tv_only_cross,OFFICIAL,20,0.00796178
tv_pool_20190126-W-Australian_Open-F-Naomi_Osaka-Petra_Kvitova,2019 AO W F Osaka-Kvitova,tv_only_cross,SHOT,866,0.344745
tv_pool_20190126-W-Australian_Open-F-Naomi_Osaka-Petra_Kvitova,2019 AO W F Osaka-Kvitova,tv_only_cross,JUDGE,534,0.21258
tv_pool_20190126-W-Australian_Open-F-Naomi_Osaka-Petra_Kvitova,2019 AO W F Osaka-Kvitova,tv_only_cross,STAT,222,0.0883758
tv_pool_20190126-W-Australian_Open-F-Naomi_Osaka-Petra_Kvitova,2019 AO W F Osaka-Kvitova,tv_only_cross,CROWD,59,0.0234873
tv_pool_20190126-W-Australian_Open-F-Naomi_Osaka-Petra_Kvitova,2019 AO W F Osaka-Kvitova,tv_only_cross,OTHER,739,0.294188
tv_pool_20190126-W-Australian_Open-F-Naomi_Osaka-Petra_Kvitova,2019 AO W F Osaka-Kvitova,tv_only_cross,_umpire_mask,28,0.0111465
tv_pool_20200202-M-Australian_Open-F-Novak_Djokovic-Dominic_Thiem,2020 AO M F Djokovic-Thiem,tv_only,SCORE,257,0.0626066
tv_pool_20200202-M-Australian_Open-F-Novak_Djokovic-Dominic_Thiem,2020 AO M F Djokovic-Thiem,tv_only,OFFICIAL,226,0.0550548
tv_pool_20200202-M-Australian_Open-F-Novak_Djokovic-Dominic_Thiem,2020 AO M F Djokovic-Thiem,tv_only,SHOT,958,0.233374
tv_pool_20200202-M-Australian_Open-F-Novak_Djokovic-Dominic_Thiem,2020 AO M F Djokovic-Thiem,tv_only,JUDGE,931,0.226797
tv_pool_20200202-M-Australian_Open-F-Novak_Djokovic-Dominic_Thiem,2020 AO M F Djokovic-Thiem,tv_only,STAT,269,0.0655298
tv_pool_20200202-M-Australian_Open-F-Novak_Djokovic-Dominic_Thiem,2020 AO M F Djokovic-Thiem,tv_only,CROWD,74,0.0180268
tv_pool_20200202-M-Australian_Open-F-Novak_Djokovic-Dominic_Thiem,2020 AO M F Djokovic-Thiem,tv_only,OTHER,1390,0.338611
tv_pool_20200202-M-Australian_Open-F-Novak_Djokovic-Dominic_Thiem,2020 AO M F Djokovic-Thiem,tv_only,_umpire_mask,137,0.0333739
tv_pool_20200202-M-Australian_Open-F-Novak_Djokovic-Dominic_Thiem,2020 AO M F Djokovic-Thiem,shared,SCORE,604,0.0656023
tv_pool_20200202-M-Australian_Open-F-Novak_Djokovic-Dominic_Thiem,2020 AO M F Djokovic-Thiem,shared,OFFICIAL,217,0.023569
tv_pool_20200202-M-Australian_Open-F-Novak_Djokovic-Dominic_Thiem,2020 AO M F Djokovic-Thiem,shared,SHOT,2262,0.245683
tv_pool_20200202-M-Australian_Open-F-Novak_Djokovic-Dominic_Thiem,2020 AO M F Djokovic-Thiem,shared,JUDGE,2926,0.317802
tv_pool_20200202-M-Australian_Open-F-Novak_Djokovic-Dominic_Thiem,2020 AO M F Djokovic-Thiem,shared,STAT,510,0.0553926
tv_pool_20200202-M-Australian_Open-F-Novak_Djokovic-Dominic_Thiem,2020 AO M F Djokovic-Thiem,shared,CROWD,86,0.00934072
tv_pool_20200202-M-Australian_Open-F-Novak_Djokovic-Dominic_Thiem,2020 AO M F Djokovic-Thiem,shared,OTHER,2602,0.282611
tv_pool_20200202-M-Australian_Open-F-Novak_Djokovic-Dominic_Thiem,2020 AO M F Djokovic-Thiem,shared,_umpire_mask,183,0.0198762
tv_pool_20200202-M-Australian_Open-F-Novak_Djokovic-Dominic_Thiem,2020 AO M F Djokovic-Thiem,tv_only_strict,SCORE,33,0.0436508
tv_pool_20200202-M-Australian_Open-F-Novak_Djokovic-Dominic_Thiem,2020 AO M F Djokovic-Thiem,tv_only_strict,OFFICIAL,89,0.117725
tv_pool_20200202-M-Australian_Open-F-Novak_Djokovic-Dominic_Thiem,2020 AO M F Djokovic-Thiem,tv_only_strict,SHOT,110,0.145503
tv_pool_20200202-M-Australian_Open-F-Novak_Djokovic-Dominic_Thiem,2020 AO M F Djokovic-Thiem,tv_only_strict,JUDGE,119,0.157407
tv_pool_20200202-M-Australian_Open-F-Novak_Djokovic-Dominic_Thiem,2020 AO M F Djokovic-Thiem,tv_only_strict,STAT,33,0.0436508
tv_pool_20200202-M-Australian_Open-F-Novak_Djokovic-Dominic_Thiem,2020 AO M F Djokovic-Thiem,tv_only_strict,CROWD,15,0.0198413
tv_pool_20200202-M-Australian_Open-F-Novak_Djokovic-Dominic_Thiem,2020 AO M F Djokovic-Thiem,tv_only_strict,OTHER,357,0.472222
tv_pool_20200202-M-Australian_Open-F-Novak_Djokovic-Dominic_Thiem,2020 AO M F Djokovic-Thiem,tv_only_strict,_umpire_mask,70,0.0925926
tv_pool_20200202-M-Australian_Open-F-Novak_Djokovic-Dominic_Thiem,2020 AO M F Djokovic-Thiem,tv_only_cross,SCORE,257,0.069179
tv_pool_20200202-M-Australian_Open-F-Novak_Djokovic-Dominic_Thiem,2020 AO M F Djokovic-Thiem,tv_only_cross,OFFICIAL,156,0.0419919
tv_pool_20200202-M-Australian_Open-F-Novak_Djokovic-Dominic_Thiem,2020 AO M F Djokovic-Thiem,tv_only_cross,SHOT,856,0.230417
tv_pool_20200202-M-Australian_Open-F-Novak_Djokovic-Dominic_Thiem,2020 AO M F Djokovic-Thiem,tv_only_cross,JUDGE,845,0.227456
tv_pool_20200202-M-Australian_Open-F-Novak_Djokovic-Dominic_Thiem,2020 AO M F Djokovic-Thiem,tv_only_cross,STAT,242,0.0651413
tv_pool_20200202-M-Australian_Open-F-Novak_Djokovic-Dominic_Thiem,2020 AO M F Djokovic-Thiem,tv_only_cross,CROWD,65,0.0174966
tv_pool_20200202-M-Australian_Open-F-Novak_Djokovic-Dominic_Thiem,2020 AO M F Djokovic-Thiem,tv_only_cross,OTHER,1294,0.348318
tv_pool_20200202-M-Australian_Open-F-Novak_Djokovic-Dominic_Thiem,2020 AO M F Djokovic-Thiem,tv_only_cross,_umpire_mask,102,0.0274563
tv_pool_20201010-W-Roland_Garros-F-Iga_Swiatek-Sofia_Kenin,2020 RG W F Swiatek-Kenin,tv_only,SCORE,65,0.0846354
tv_pool_20201010-W-Roland_Garros-F-Iga_Swiatek-Sofia_Kenin,2020 RG W F Swiatek-Kenin,tv_only,OFFICIAL,94,0.122396
tv_pool_20201010-W-Roland_Garros-F-Iga_Swiatek-Sofia_Kenin,2020 RG W F Swiatek-Kenin,tv_only,SHOT,232,0.302083
tv_pool_20201010-W-Roland_Garros-F-Iga_Swiatek-Sofia_Kenin,2020 RG W F Swiatek-Kenin,tv_only,JUDGE,124,0.161458
tv_pool_20201010-W-Roland_Garros-F-Iga_Swiatek-Sofia_Kenin,2020 RG W F Swiatek-Kenin,tv_only,STAT,14,0.0182292
tv_pool_20201010-W-Roland_Garros-F-Iga_Swiatek-Sofia_Kenin,2020 RG W F Swiatek-Kenin,tv_only,CROWD,0,0
tv_pool_20201010-W-Roland_Garros-F-Iga_Swiatek-Sofia_Kenin,2020 RG W F Swiatek-Kenin,tv_only,OTHER,239,0.311198
tv_pool_20201010-W-Roland_Garros-F-Iga_Swiatek-Sofia_Kenin,2020 RG W F Swiatek-Kenin,tv_only,_umpire_mask,25,0.0325521
tv_pool_20201010-W-Roland_Garros-F-Iga_Swiatek-Sofia_Kenin,2020 RG W F Swiatek-Kenin,shared,SCORE,88,0.0471092
tv_pool_20201010-W-Roland_Garros-F-Iga_Swiatek-Sofia_Kenin,2020 RG W F Swiatek-Kenin,shared,OFFICIAL,0,0
tv_pool_20201010-W-Roland_Garros-F-Iga_Swiatek-Sofia_Kenin,2020 RG W F Swiatek-Kenin,shared,SHOT,535,0.286403
tv_pool_20201010-W-Roland_Garros-F-Iga_Swiatek-Sofia_Kenin,2020 RG W F Swiatek-Kenin,shared,JUDGE,553,0.296039
tv_pool_20201010-W-Roland_Garros-F-Iga_Swiatek-Sofia_Kenin,2020 RG W F Swiatek-Kenin,shared,STAT,46,0.0246253
tv_pool_20201010-W-Roland_Garros-F-Iga_Swiatek-Sofia_Kenin,2020 RG W F Swiatek-Kenin,shared,CROWD,0,0
tv_pool_20201010-W-Roland_Garros-F-Iga_Swiatek-Sofia_Kenin,2020 RG W F Swiatek-Kenin,shared,OTHER,646,0.345824
tv_pool_20201010-W-Roland_Garros-F-Iga_Swiatek-Sofia_Kenin,2020 RG W F Swiatek-Kenin,shared,_umpire_mask,5,0.00267666
tv_pool_20201010-W-Roland_Garros-F-Iga_Swiatek-Sofia_Kenin,2020 RG W F Swiatek-Kenin,tv_only_strict,SCORE,24,0.26087
tv_pool_20201010-W-Roland_Garros-F-Iga_Swiatek-Sofia_Kenin,2020 RG W F Swiatek-Kenin,tv_only_strict,OFFICIAL,0,0
tv_pool_20201010-W-Roland_Garros-F-Iga_Swiatek-Sofia_Kenin,2020 RG W F Swiatek-Kenin,tv_only_strict,SHOT,22,0.23913
tv_pool_20201010-W-Roland_Garros-F-Iga_Swiatek-Sofia_Kenin,2020 RG W F Swiatek-Kenin,tv_only_strict,JUDGE,7,0.076087
tv_pool_20201010-W-Roland_Garros-F-Iga_Swiatek-Sofia_Kenin,2020 RG W F Swiatek-Kenin,tv_only_strict,STAT,0,0
tv_pool_20201010-W-Roland_Garros-F-Iga_Swiatek-Sofia_Kenin,2020 RG W F Swiatek-Kenin,tv_only_strict,CROWD,0,0
tv_pool_20201010-W-Roland_Garros-F-Iga_Swiatek-Sofia_Kenin,2020 RG W F Swiatek-Kenin,tv_only_strict,OTHER,39,0.423913
tv_pool_20201010-W-Roland_Garros-F-Iga_Swiatek-Sofia_Kenin,2020 RG W F Swiatek-Kenin,tv_only_strict,_umpire_mask,0,0
tv_pool_20201010-W-Roland_Garros-F-Iga_Swiatek-Sofia_Kenin,2020 RG W F Swiatek-Kenin,tv_only_cross,SCORE,56,0.0757781
tv_pool_20201010-W-Roland_Garros-F-Iga_Swiatek-Sofia_Kenin,2020 RG W F Swiatek-Kenin,tv_only_cross,OFFICIAL,94,0.127199
tv_pool_20201010-W-Roland_Garros-F-Iga_Swiatek-Sofia_Kenin,2020 RG W F Swiatek-Kenin,tv_only_cross,SHOT,225,0.304465
tv_pool_20201010-W-Roland_Garros-F-Iga_Swiatek-Sofia_Kenin,2020 RG W F Swiatek-Kenin,tv_only_cross,JUDGE,118,0.159675
tv_pool_20201010-W-Roland_Garros-F-Iga_Swiatek-Sofia_Kenin,2020 RG W F Swiatek-Kenin,tv_only_cross,STAT,13,0.0175913
tv_pool_20201010-W-Roland_Garros-F-Iga_Swiatek-Sofia_Kenin,2020 RG W F Swiatek-Kenin,tv_only_cross,CROWD,0,0
tv_pool_20201010-W-Roland_Garros-F-Iga_Swiatek-Sofia_Kenin,2020 RG W F Swiatek-Kenin,tv_only_cross,OTHER,233,0.315291
tv_pool_20201010-W-Roland_Garros-F-Iga_Swiatek-Sofia_Kenin,2020 RG W F Swiatek-Kenin,tv_only_cross,_umpire_mask,25,0.0338295
tv_pool_20210220-W-Australian_Open-F-Naomi_Osaka-Jennifer_Brady,2021 AO W F Osaka-Brady,tv_only,SCORE,82,0.0524632
tv_pool_20210220-W-Australian_Open-F-Naomi_Osaka-Jennifer_Brady,2021 AO W F Osaka-Brady,tv_only,OFFICIAL,21,0.0134357
tv_pool_20210220-W-Australian_Open-F-Naomi_Osaka-Jennifer_Brady,2021 AO W F Osaka-Brady,tv_only,SHOT,450,0.287908
tv_pool_20210220-W-Australian_Open-F-Naomi_Osaka-Jennifer_Brady,2021 AO W F Osaka-Brady,tv_only,JUDGE,355,0.227127
tv_pool_20210220-W-Australian_Open-F-Naomi_Osaka-Jennifer_Brady,2021 AO W F Osaka-Brady,tv_only,STAT,165,0.105566
tv_pool_20210220-W-Australian_Open-F-Naomi_Osaka-Jennifer_Brady,2021 AO W F Osaka-Brady,tv_only,CROWD,39,0.024952
tv_pool_20210220-W-Australian_Open-F-Naomi_Osaka-Jennifer_Brady,2021 AO W F Osaka-Brady,tv_only,OTHER,451,0.288548
tv_pool_20210220-W-Australian_Open-F-Naomi_Osaka-Jennifer_Brady,2021 AO W F Osaka-Brady,tv_only,_umpire_mask,16,0.0102367
tv_pool_20210220-W-Australian_Open-F-Naomi_Osaka-Jennifer_Brady,2021 AO W F Osaka-Brady,shared,SCORE,226,0.066024
tv_pool_20210220-W-Australian_Open-F-Naomi_Osaka-Jennifer_Brady,2021 AO W F Osaka-Brady,shared,OFFICIAL,3,0.000876424
tv_pool_20210220-W-Australian_Open-F-Naomi_Osaka-Jennifer_Brady,2021 AO W F Osaka-Brady,shared,SHOT,1154,0.337131
tv_pool_20210220-W-Australian_Open-F-Naomi_Osaka-Jennifer_Brady,2021 AO W F Osaka-Brady,shared,JUDGE,992,0.289804
tv_pool_20210220-W-Australian_Open-F-Naomi_Osaka-Jennifer_Brady,2021 AO W F Osaka-Brady,shared,STAT,266,0.0777096
tv_pool_20210220-W-Australian_Open-F-Naomi_Osaka-Jennifer_Brady,2021 AO W F Osaka-Brady,shared,CROWD,44,0.0128542
tv_pool_20210220-W-Australian_Open-F-Naomi_Osaka-Jennifer_Brady,2021 AO W F Osaka-Brady,shared,OTHER,738,0.2156
tv_pool_20210220-W-Australian_Open-F-Naomi_Osaka-Jennifer_Brady,2021 AO W F Osaka-Brady,shared,_umpire_mask,60,0.0175285
tv_pool_20210220-W-Australian_Open-F-Naomi_Osaka-Jennifer_Brady,2021 AO W F Osaka-Brady,tv_only_strict,SCORE,25,0.100402
tv_pool_20210220-W-Australian_Open-F-Naomi_Osaka-Jennifer_Brady,2021 AO W F Osaka-Brady,tv_only_strict,OFFICIAL,12,0.0481928
tv_pool_20210220-W-Australian_Open-F-Naomi_Osaka-Jennifer_Brady,2021 AO W F Osaka-Brady,tv_only_strict,SHOT,63,0.253012
tv_pool_20210220-W-Australian_Open-F-Naomi_Osaka-Jennifer_Brady,2021 AO W F Osaka-Brady,tv_only_strict,JUDGE,36,0.144578
tv_pool_20210220-W-Australian_Open-F-Naomi_Osaka-Jennifer_Brady,2021 AO W F Osaka-Brady,tv_only_strict,STAT,16,0.064257
tv_pool_20210220-W-Australian_Open-F-Naomi_Osaka-Jennifer_Brady,2021 AO W F Osaka-Brady,tv_only_strict,CROWD,0,0
tv_pool_20210220-W-Australian_Open-F-Naomi_Osaka-Jennifer_Brady,2021 AO W F Osaka-Brady,tv_only_strict,OTHER,97,0.389558
tv_pool_20210220-W-Australian_Open-F-Naomi_Osaka-Jennifer_Brady,2021 AO W F Osaka-Brady,tv_only_strict,_umpire_mask,8,0.0321285
tv_pool_20210220-W-Australian_Open-F-Naomi_Osaka-Jennifer_Brady,2021 AO W F Osaka-Brady,tv_only_cross,SCORE,82,0.0586133
tv_pool_20210220-W-Australian_Open-F-Naomi_Osaka-Jennifer_Brady,2021 AO W F Osaka-Brady,tv_only_cross,OFFICIAL,21,0.0150107
tv_pool_20210220-W-Australian_Open-F-Naomi_Osaka-Jennifer_Brady,2021 AO W F Osaka-Brady,tv_only_cross,SHOT,407,0.290922
tv_pool_20210220-W-Australian_Open-F-Naomi_Osaka-Jennifer_Brady,2021 AO W F Osaka-Brady,tv_only_cross,JUDGE,327,0.233738
tv_pool_20210220-W-Australian_Open-F-Naomi_Osaka-Jennifer_Brady,2021 AO W F Osaka-Brady,tv_only_cross,STAT,156,0.111508
tv_pool_20210220-W-Australian_Open-F-Naomi_Osaka-Jennifer_Brady,2021 AO W F Osaka-Brady,tv_only_cross,CROWD,39,0.0278771
tv_pool_20210220-W-Australian_Open-F-Naomi_Osaka-Jennifer_Brady,2021 AO W F Osaka-Brady,tv_only_cross,OTHER,367,0.26233
tv_pool_20210220-W-Australian_Open-F-Naomi_Osaka-Jennifer_Brady,2021 AO W F Osaka-Brady,tv_only_cross,_umpire_mask,16,0.0114367
tv_pool_20210613-M-Roland_Garros-F-Stefanos_Tsitsipas-Novak_Djokovic,2021 RG M F Tsitsipas-Djokovic,tv_only,SCORE,376,0.0974346
tv_pool_20210613-M-Roland_Garros-F-Stefanos_Tsitsipas-Novak_Djokovic,2021 RG M F Tsitsipas-Djokovic,tv_only,OFFICIAL,118,0.0305779
tv_pool_20210613-M-Roland_Garros-F-Stefanos_Tsitsipas-Novak_Djokovic,2021 RG M F Tsitsipas-Djokovic,tv_only,SHOT,999,0.258875
tv_pool_20210613-M-Roland_Garros-F-Stefanos_Tsitsipas-Novak_Djokovic,2021 RG M F Tsitsipas-Djokovic,tv_only,JUDGE,611,0.158331
tv_pool_20210613-M-Roland_Garros-F-Stefanos_Tsitsipas-Novak_Djokovic,2021 RG M F Tsitsipas-Djokovic,tv_only,STAT,556,0.144079
tv_pool_20210613-M-Roland_Garros-F-Stefanos_Tsitsipas-Novak_Djokovic,2021 RG M F Tsitsipas-Djokovic,tv_only,CROWD,66,0.0171029
tv_pool_20210613-M-Roland_Garros-F-Stefanos_Tsitsipas-Novak_Djokovic,2021 RG M F Tsitsipas-Djokovic,tv_only,OTHER,1133,0.293599
tv_pool_20210613-M-Roland_Garros-F-Stefanos_Tsitsipas-Novak_Djokovic,2021 RG M F Tsitsipas-Djokovic,tv_only,_umpire_mask,136,0.0352423
tv_pool_20210613-M-Roland_Garros-F-Stefanos_Tsitsipas-Novak_Djokovic,2021 RG M F Tsitsipas-Djokovic,shared,SCORE,897,0.107258
tv_pool_20210613-M-Roland_Garros-F-Stefanos_Tsitsipas-Novak_Djokovic,2021 RG M F Tsitsipas-Djokovic,shared,OFFICIAL,38,0.00454382
tv_pool_20210613-M-Roland_Garros-F-Stefanos_Tsitsipas-Novak_Djokovic,2021 RG M F Tsitsipas-Djokovic,shared,SHOT,2081,0.248834
tv_pool_20210613-M-Roland_Garros-F-Stefanos_Tsitsipas-Novak_Djokovic,2021 RG M F Tsitsipas-Djokovic,shared,JUDGE,1598,0.19108
tv_pool_20210613-M-Roland_Garros-F-Stefanos_Tsitsipas-Novak_Djokovic,2021 RG M F Tsitsipas-Djokovic,shared,STAT,1219,0.145761
tv_pool_20210613-M-Roland_Garros-F-Stefanos_Tsitsipas-Novak_Djokovic,2021 RG M F Tsitsipas-Djokovic,shared,CROWD,85,0.0101638
tv_pool_20210613-M-Roland_Garros-F-Stefanos_Tsitsipas-Novak_Djokovic,2021 RG M F Tsitsipas-Djokovic,shared,OTHER,2445,0.292359
tv_pool_20210613-M-Roland_Garros-F-Stefanos_Tsitsipas-Novak_Djokovic,2021 RG M F Tsitsipas-Djokovic,shared,_umpire_mask,105,0.0125553
tv_pool_20210613-M-Roland_Garros-F-Stefanos_Tsitsipas-Novak_Djokovic,2021 RG M F Tsitsipas-Djokovic,tv_only_strict,SCORE,66,0.0858257
tv_pool_20210613-M-Roland_Garros-F-Stefanos_Tsitsipas-Novak_Djokovic,2021 RG M F Tsitsipas-Djokovic,tv_only_strict,OFFICIAL,71,0.0923277
tv_pool_20210613-M-Roland_Garros-F-Stefanos_Tsitsipas-Novak_Djokovic,2021 RG M F Tsitsipas-Djokovic,tv_only_strict,SHOT,221,0.287386
tv_pool_20210613-M-Roland_Garros-F-Stefanos_Tsitsipas-Novak_Djokovic,2021 RG M F Tsitsipas-Djokovic,tv_only_strict,JUDGE,58,0.0754226
tv_pool_20210613-M-Roland_Garros-F-Stefanos_Tsitsipas-Novak_Djokovic,2021 RG M F Tsitsipas-Djokovic,tv_only_strict,STAT,86,0.111834
tv_pool_20210613-M-Roland_Garros-F-Stefanos_Tsitsipas-Novak_Djokovic,2021 RG M F Tsitsipas-Djokovic,tv_only_strict,CROWD,31,0.0403121
tv_pool_20210613-M-Roland_Garros-F-Stefanos_Tsitsipas-Novak_Djokovic,2021 RG M F Tsitsipas-Djokovic,tv_only_strict,OTHER,236,0.306892
tv_pool_20210613-M-Roland_Garros-F-Stefanos_Tsitsipas-Novak_Djokovic,2021 RG M F Tsitsipas-Djokovic,tv_only_strict,_umpire_mask,71,0.0923277
tv_pool_20210613-M-Roland_Garros-F-Stefanos_Tsitsipas-Novak_Djokovic,2021 RG M F Tsitsipas-Djokovic,tv_only_cross,SCORE,340,0.0956938
tv_pool_20210613-M-Roland_Garros-F-Stefanos_Tsitsipas-Novak_Djokovic,2021 RG M F Tsitsipas-Djokovic,tv_only_cross,OFFICIAL,106,0.0298339
tv_pool_20210613-M-Roland_Garros-F-Stefanos_Tsitsipas-Novak_Djokovic,2021 RG M F Tsitsipas-Djokovic,tv_only_cross,SHOT,931,0.262032
tv_pool_20210613-M-Roland_Garros-F-Stefanos_Tsitsipas-Novak_Djokovic,2021 RG M F Tsitsipas-Djokovic,tv_only_cross,JUDGE,560,0.157613
tv_pool_20210613-M-Roland_Garros-F-Stefanos_Tsitsipas-Novak_Djokovic,2021 RG M F Tsitsipas-Djokovic,tv_only_cross,STAT,525,0.147762
tv_pool_20210613-M-Roland_Garros-F-Stefanos_Tsitsipas-Novak_Djokovic,2021 RG M F Tsitsipas-Djokovic,tv_only_cross,CROWD,39,0.0109766
tv_pool_20210613-M-Roland_Garros-F-Stefanos_Tsitsipas-Novak_Djokovic,2021 RG M F Tsitsipas-Djokovic,tv_only_cross,OTHER,1052,0.296088
tv_pool_20210613-M-Roland_Garros-F-Stefanos_Tsitsipas-Novak_Djokovic,2021 RG M F Tsitsipas-Djokovic,tv_only_cross,_umpire_mask,128,0.0360259
tv_pool_20210911-W-US_Open-F-Emma_Raducanu-Leylah_Fernandez,2021 USO W F Raducanu-Fernandez,tv_only,SCORE,72,0.0500347
tv_pool_20210911-W-US_Open-F-Emma_Raducanu-Leylah_Fernandez,2021 USO W F Raducanu-Fernandez,tv_only,OFFICIAL,44,0.0305768
tv_pool_20210911-W-US_Open-F-Emma_Raducanu-Leylah_Fernandez,2021 USO W F Raducanu-Fernandez,tv_only,SHOT,421,0.292564
tv_pool_20210911-W-US_Open-F-Emma_Raducanu-Leylah_Fernandez,2021 USO W F Raducanu-Fernandez,tv_only,JUDGE,303,0.210563
tv_pool_20210911-W-US_Open-F-Emma_Raducanu-Leylah_Fernandez,2021 USO W F Raducanu-Fernandez,tv_only,STAT,167,0.116053
tv_pool_20210911-W-US_Open-F-Emma_Raducanu-Leylah_Fernandez,2021 USO W F Raducanu-Fernandez,tv_only,CROWD,20,0.0138985
tv_pool_20210911-W-US_Open-F-Emma_Raducanu-Leylah_Fernandez,2021 USO W F Raducanu-Fernandez,tv_only,OTHER,412,0.28631
tv_pool_20210911-W-US_Open-F-Emma_Raducanu-Leylah_Fernandez,2021 USO W F Raducanu-Fernandez,tv_only,_umpire_mask,66,0.0458652
tv_pool_20210911-W-US_Open-F-Emma_Raducanu-Leylah_Fernandez,2021 USO W F Raducanu-Fernandez,shared,SCORE,353,0.114871
tv_pool_20210911-W-US_Open-F-Emma_Raducanu-Leylah_Fernandez,2021 USO W F Raducanu-Fernandez,shared,OFFICIAL,27,0.0087862
tv_pool_20210911-W-US_Open-F-Emma_Raducanu-Leylah_Fernandez,2021 USO W F Raducanu-Fernandez,shared,SHOT,746,0.24276
tv_pool_20210911-W-US_Open-F-Emma_Raducanu-Leylah_Fernandez,2021 USO W F Raducanu-Fernandez,shared,JUDGE,425,0.138301
tv_pool_20210911-W-US_Open-F-Emma_Raducanu-Leylah_Fernandez,2021 USO W F Raducanu-Fernandez,shared,STAT,329,0.107062
tv_pool_20210911-W-US_Open-F-Emma_Raducanu-Leylah_Fernandez,2021 USO W F Raducanu-Fernandez,shared,CROWD,80,0.0260332
tv_pool_20210911-W-US_Open-F-Emma_Raducanu-Leylah_Fernandez,2021 USO W F Raducanu-Fernandez,shared,OTHER,1113,0.362187
tv_pool_20210911-W-US_Open-F-Emma_Raducanu-Leylah_Fernandez,2021 USO W F Raducanu-Fernandez,shared,_umpire_mask,101,0.0328669
tv_pool_20210911-W-US_Open-F-Emma_Raducanu-Leylah_Fernandez,2021 USO W F Raducanu-Fernandez,tv_only_strict,SCORE,24,0.0857143
tv_pool_20210911-W-US_Open-F-Emma_Raducanu-Leylah_Fernandez,2021 USO W F Raducanu-Fernandez,tv_only_strict,OFFICIAL,20,0.0714286
tv_pool_20210911-W-US_Open-F-Emma_Raducanu-Leylah_Fernandez,2021 USO W F Raducanu-Fernandez,tv_only_strict,SHOT,94,0.335714
tv_pool_20210911-W-US_Open-F-Emma_Raducanu-Leylah_Fernandez,2021 USO W F Raducanu-Fernandez,tv_only_strict,JUDGE,43,0.153571
tv_pool_20210911-W-US_Open-F-Emma_Raducanu-Leylah_Fernandez,2021 USO W F Raducanu-Fernandez,tv_only_strict,STAT,27,0.0964286
tv_pool_20210911-W-US_Open-F-Emma_Raducanu-Leylah_Fernandez,2021 USO W F Raducanu-Fernandez,tv_only_strict,CROWD,0,0
tv_pool_20210911-W-US_Open-F-Emma_Raducanu-Leylah_Fernandez,2021 USO W F Raducanu-Fernandez,tv_only_strict,OTHER,72,0.257143
tv_pool_20210911-W-US_Open-F-Emma_Raducanu-Leylah_Fernandez,2021 USO W F Raducanu-Fernandez,tv_only_strict,_umpire_mask,39,0.139286
tv_pool_20210911-W-US_Open-F-Emma_Raducanu-Leylah_Fernandez,2021 USO W F Raducanu-Fernandez,tv_only_cross,SCORE,66,0.0478608
tv_pool_20210911-W-US_Open-F-Emma_Raducanu-Leylah_Fernandez,2021 USO W F Raducanu-Fernandez,tv_only_cross,OFFICIAL,44,0.0319072
tv_pool_20210911-W-US_Open-F-Emma_Raducanu-Leylah_Fernandez,2021 USO W F Raducanu-Fernandez,tv_only_cross,SHOT,418,0.303118
tv_pool_20210911-W-US_Open-F-Emma_Raducanu-Leylah_Fernandez,2021 USO W F Raducanu-Fernandez,tv_only_cross,JUDGE,277,0.20087
tv_pool_20210911-W-US_Open-F-Emma_Raducanu-Leylah_Fernandez,2021 USO W F Raducanu-Fernandez,tv_only_cross,STAT,155,0.1124
tv_pool_20210911-W-US_Open-F-Emma_Raducanu-Leylah_Fernandez,2021 USO W F Raducanu-Fernandez,tv_only_cross,CROWD,20,0.0145033
tv_pool_20210911-W-US_Open-F-Emma_Raducanu-Leylah_Fernandez,2021 USO W F Raducanu-Fernandez,tv_only_cross,OTHER,399,0.28934
tv_pool_20210911-W-US_Open-F-Emma_Raducanu-Leylah_Fernandez,2021 USO W F Raducanu-Fernandez,tv_only_cross,_umpire_mask,66,0.0478608
tv_pool_20220130-M-Australian_Open-F-Rafael_Nadal-Daniil_Medvedev,2022 AO M F Nadal-Medvedev,tv_only,SCORE,484,0.0802254
tv_pool_20220130-M-Australian_Open-F-Rafael_Nadal-Daniil_Medvedev,2022 AO M F Nadal-Medvedev,tv_only,OFFICIAL,110,0.0182331
tv_pool_20220130-M-Australian_Open-F-Rafael_Nadal-Daniil_Medvedev,2022 AO M F Nadal-Medvedev,tv_only,SHOT,1794,0.297364
tv_pool_20220130-M-Australian_Open-F-Rafael_Nadal-Daniil_Medvedev,2022 AO M F Nadal-Medvedev,tv_only,JUDGE,1249,0.207028
tv_pool_20220130-M-Australian_Open-F-Rafael_Nadal-Daniil_Medvedev,2022 AO M F Nadal-Medvedev,tv_only,STAT,473,0.0784021
tv_pool_20220130-M-Australian_Open-F-Rafael_Nadal-Daniil_Medvedev,2022 AO M F Nadal-Medvedev,tv_only,CROWD,112,0.0185646
tv_pool_20220130-M-Australian_Open-F-Rafael_Nadal-Daniil_Medvedev,2022 AO M F Nadal-Medvedev,tv_only,OTHER,1811,0.300182
tv_pool_20220130-M-Australian_Open-F-Rafael_Nadal-Daniil_Medvedev,2022 AO M F Nadal-Medvedev,tv_only,_umpire_mask,153,0.0253605
tv_pool_20220130-M-Australian_Open-F-Rafael_Nadal-Daniil_Medvedev,2022 AO M F Nadal-Medvedev,shared,SCORE,1026,0.0834214
tv_pool_20220130-M-Australian_Open-F-Rafael_Nadal-Daniil_Medvedev,2022 AO M F Nadal-Medvedev,shared,OFFICIAL,24,0.00195138
tv_pool_20220130-M-Australian_Open-F-Rafael_Nadal-Daniil_Medvedev,2022 AO M F Nadal-Medvedev,shared,SHOT,3273,0.266119
tv_pool_20220130-M-Australian_Open-F-Rafael_Nadal-Daniil_Medvedev,2022 AO M F Nadal-Medvedev,shared,JUDGE,4158,0.338076
tv_pool_20220130-M-Australian_Open-F-Rafael_Nadal-Daniil_Medvedev,2022 AO M F Nadal-Medvedev,shared,STAT,502,0.0408163
tv_pool_20220130-M-Australian_Open-F-Rafael_Nadal-Daniil_Medvedev,2022 AO M F Nadal-Medvedev,shared,CROWD,196,0.0159363
tv_pool_20220130-M-Australian_Open-F-Rafael_Nadal-Daniil_Medvedev,2022 AO M F Nadal-Medvedev,shared,OTHER,3120,0.253679
tv_pool_20220130-M-Australian_Open-F-Rafael_Nadal-Daniil_Medvedev,2022 AO M F Nadal-Medvedev,shared,_umpire_mask,284,0.0230913
tv_pool_20220130-M-Australian_Open-F-Rafael_Nadal-Daniil_Medvedev,2022 AO M F Nadal-Medvedev,tv_only_strict,SCORE,74,0.0797414
tv_pool_20220130-M-Australian_Open-F-Rafael_Nadal-Daniil_Medvedev,2022 AO M F Nadal-Medvedev,tv_only_strict,OFFICIAL,10,0.0107759
tv_pool_20220130-M-Australian_Open-F-Rafael_Nadal-Daniil_Medvedev,2022 AO M F Nadal-Medvedev,tv_only_strict,SHOT,403,0.434267
tv_pool_20220130-M-Australian_Open-F-Rafael_Nadal-Daniil_Medvedev,2022 AO M F Nadal-Medvedev,tv_only_strict,JUDGE,81,0.0872845
tv_pool_20220130-M-Australian_Open-F-Rafael_Nadal-Daniil_Medvedev,2022 AO M F Nadal-Medvedev,tv_only_strict,STAT,74,0.0797414
tv_pool_20220130-M-Australian_Open-F-Rafael_Nadal-Daniil_Medvedev,2022 AO M F Nadal-Medvedev,tv_only_strict,CROWD,76,0.0818966
tv_pool_20220130-M-Australian_Open-F-Rafael_Nadal-Daniil_Medvedev,2022 AO M F Nadal-Medvedev,tv_only_strict,OTHER,210,0.226293
tv_pool_20220130-M-Australian_Open-F-Rafael_Nadal-Daniil_Medvedev,2022 AO M F Nadal-Medvedev,tv_only_strict,_umpire_mask,35,0.0377155
tv_pool_20220130-M-Australian_Open-F-Rafael_Nadal-Daniil_Medvedev,2022 AO M F Nadal-Medvedev,tv_only_cross,SCORE,455,0.0799649
tv_pool_20220130-M-Australian_Open-F-Rafael_Nadal-Daniil_Medvedev,2022 AO M F Nadal-Medvedev,tv_only_cross,OFFICIAL,110,0.0193322
tv_pool_20220130-M-Australian_Open-F-Rafael_Nadal-Daniil_Medvedev,2022 AO M F Nadal-Medvedev,tv_only_cross,SHOT,1642,0.288576
tv_pool_20220130-M-Australian_Open-F-Rafael_Nadal-Daniil_Medvedev,2022 AO M F Nadal-Medvedev,tv_only_cross,JUDGE,1216,0.213708
tv_pool_20220130-M-Australian_Open-F-Rafael_Nadal-Daniil_Medvedev,2022 AO M F Nadal-Medvedev,tv_only_cross,STAT,441,0.0775044
tv_pool_20220130-M-Australian_Open-F-Rafael_Nadal-Daniil_Medvedev,2022 AO M F Nadal-Medvedev,tv_only_cross,CROWD,92,0.0161687
tv_pool_20220130-M-Australian_Open-F-Rafael_Nadal-Daniil_Medvedev,2022 AO M F Nadal-Medvedev,tv_only_cross,OTHER,1734,0.304745
tv_pool_20220130-M-Australian_Open-F-Rafael_Nadal-Daniil_Medvedev,2022 AO M F Nadal-Medvedev,tv_only_cross,_umpire_mask,153,0.0268893
tv_pool_20220531-M-Roland_Garros-QF-Novak_Djokovic-Rafael_Nadal,2022 RG M QF Djokovic-Nadal,tv_only,SCORE,360,0.0970612
tv_pool_20220531-M-Roland_Garros-QF-Novak_Djokovic-Rafael_Nadal,2022 RG M QF Djokovic-Nadal,tv_only,OFFICIAL,89,0.0239957
tv_pool_20220531-M-Roland_Garros-QF-Novak_Djokovic-Rafael_Nadal,2022 RG M QF Djokovic-Nadal,tv_only,SHOT,1276,0.344028
tv_pool_20220531-M-Roland_Garros-QF-Novak_Djokovic-Rafael_Nadal,2022 RG M QF Djokovic-Nadal,tv_only,JUDGE,727,0.19601
tv_pool_20220531-M-Roland_Garros-QF-Novak_Djokovic-Rafael_Nadal,2022 RG M QF Djokovic-Nadal,tv_only,STAT,238,0.0641682
tv_pool_20220531-M-Roland_Garros-QF-Novak_Djokovic-Rafael_Nadal,2022 RG M QF Djokovic-Nadal,tv_only,CROWD,51,0.0137503
tv_pool_20220531-M-Roland_Garros-QF-Novak_Djokovic-Rafael_Nadal,2022 RG M QF Djokovic-Nadal,tv_only,OTHER,968,0.260987
tv_pool_20220531-M-Roland_Garros-QF-Novak_Djokovic-Rafael_Nadal,2022 RG M QF Djokovic-Nadal,tv_only,_umpire_mask,72,0.0194122
tv_pool_20220531-M-Roland_Garros-QF-Novak_Djokovic-Rafael_Nadal,2022 RG M QF Djokovic-Nadal,shared,SCORE,958,0.107968
tv_pool_20220531-M-Roland_Garros-QF-Novak_Djokovic-Rafael_Nadal,2022 RG M QF Djokovic-Nadal,shared,OFFICIAL,87,0.00980503
tv_pool_20220531-M-Roland_Garros-QF-Novak_Djokovic-Rafael_Nadal,2022 RG M QF Djokovic-Nadal,shared,SHOT,3107,0.350163
tv_pool_20220531-M-Roland_Garros-QF-Novak_Djokovic-Rafael_Nadal,2022 RG M QF Djokovic-Nadal,shared,JUDGE,1538,0.173335
tv_pool_20220531-M-Roland_Garros-QF-Novak_Djokovic-Rafael_Nadal,2022 RG M QF Djokovic-Nadal,shared,STAT,653,0.073594
tv_pool_20220531-M-Roland_Garros-QF-Novak_Djokovic-Rafael_Nadal,2022 RG M QF Djokovic-Nadal,shared,CROWD,81,0.00912882
tv_pool_20220531-M-Roland_Garros-QF-Novak_Djokovic-Rafael_Nadal,2022 RG M QF Djokovic-Nadal,shared,OTHER,2449,0.276006
tv_pool_20220531-M-Roland_Garros-QF-Novak_Djokovic-Rafael_Nadal,2022 RG M QF Djokovic-Nadal,shared,_umpire_mask,101,0.0113828
tv_pool_20220531-M-Roland_Garros-QF-Novak_Djokovic-Rafael_Nadal,2022 RG M QF Djokovic-Nadal,tv_only_strict,SCORE,83,0.115438
tv_pool_20220531-M-Roland_Garros-QF-Novak_Djokovic-Rafael_Nadal,2022 RG M QF Djokovic-Nadal,tv_only_strict,OFFICIAL,8,0.0111266
tv_pool_20220531-M-Roland_Garros-QF-Novak_Djokovic-Rafael_Nadal,2022 RG M QF Djokovic-Nadal,tv_only_strict,SHOT,307,0.426982
tv_pool_20220531-M-Roland_Garros-QF-Novak_Djokovic-Rafael_Nadal,2022 RG M QF Djokovic-Nadal,tv_only_strict,JUDGE,143,0.198887
tv_pool_20220531-M-Roland_Garros-QF-Novak_Djokovic-Rafael_Nadal,2022 RG M QF Djokovic-Nadal,tv_only_strict,STAT,12,0.0166898
tv_pool_20220531-M-Roland_Garros-QF-Novak_Djokovic-Rafael_Nadal,2022 RG M QF Djokovic-Nadal,tv_only_strict,CROWD,12,0.0166898
tv_pool_20220531-M-Roland_Garros-QF-Novak_Djokovic-Rafael_Nadal,2022 RG M QF Djokovic-Nadal,tv_only_strict,OTHER,154,0.214186
tv_pool_20220531-M-Roland_Garros-QF-Novak_Djokovic-Rafael_Nadal,2022 RG M QF Djokovic-Nadal,tv_only_strict,_umpire_mask,35,0.0486787
tv_pool_20220531-M-Roland_Garros-QF-Novak_Djokovic-Rafael_Nadal,2022 RG M QF Djokovic-Nadal,tv_only_cross,SCORE,303,0.0879025
tv_pool_20220531-M-Roland_Garros-QF-Novak_Djokovic-Rafael_Nadal,2022 RG M QF Djokovic-Nadal,tv_only_cross,OFFICIAL,89,0.0258196
tv_pool_20220531-M-Roland_Garros-QF-Novak_Djokovic-Rafael_Nadal,2022 RG M QF Djokovic-Nadal,tv_only_cross,SHOT,1207,0.35016
tv_pool_20220531-M-Roland_Garros-QF-Novak_Djokovic-Rafael_Nadal,2022 RG M QF Djokovic-Nadal,tv_only_cross,JUDGE,686,0.199014
tv_pool_20220531-M-Roland_Garros-QF-Novak_Djokovic-Rafael_Nadal,2022 RG M QF Djokovic-Nadal,tv_only_cross,STAT,223,0.0646939
tv_pool_20220531-M-Roland_Garros-QF-Novak_Djokovic-Rafael_Nadal,2022 RG M QF Djokovic-Nadal,tv_only_cross,CROWD,51,0.0147955
tv_pool_20220531-M-Roland_Garros-QF-Novak_Djokovic-Rafael_Nadal,2022 RG M QF Djokovic-Nadal,tv_only_cross,OTHER,888,0.257615
tv_pool_20220531-M-Roland_Garros-QF-Novak_Djokovic-Rafael_Nadal,2022 RG M QF Djokovic-Nadal,tv_only_cross,_umpire_mask,72,0.0208877
tv_pool_20220911-M-US_Open-F-Casper_Ruud-Carlos_Alcaraz,2022 USO M F Ruud-Alcaraz,tv_only,SCORE,195,0.0717439
tv_pool_20220911-M-US_Open-F-Casper_Ruud-Carlos_Alcaraz,2022 USO M F Ruud-Alcaraz,tv_only,OFFICIAL,239,0.0879323
tv_pool_20220911-M-US_Open-F-Casper_Ruud-Carlos_Alcaraz,2022 USO M F Ruud-Alcaraz,tv_only,SHOT,700,0.257542
tv_pool_20220911-M-US_Open-F-Casper_Ruud-Carlos_Alcaraz,2022 USO M F Ruud-Alcaraz,tv_only,JUDGE,543,0.199779
tv_pool_20220911-M-US_Open-F-Casper_Ruud-Carlos_Alcaraz,2022 USO M F Ruud-Alcaraz,tv_only,STAT,278,0.102281
tv_pool_20220911-M-US_Open-F-Casper_Ruud-Carlos_Alcaraz,2022 USO M F Ruud-Alcaraz,tv_only,CROWD,19,0.00699043
tv_pool_20220911-M-US_Open-F-Casper_Ruud-Carlos_Alcaraz,2022 USO M F Ruud-Alcaraz,tv_only,OTHER,744,0.273731
tv_pool_20220911-M-US_Open-F-Casper_Ruud-Carlos_Alcaraz,2022 USO M F Ruud-Alcaraz,tv_only,_umpire_mask,172,0.0632818
tv_pool_20220911-M-US_Open-F-Casper_Ruud-Carlos_Alcaraz,2022 USO M F Ruud-Alcaraz,shared,SCORE,581,0.0944408
tv_pool_20220911-M-US_Open-F-Casper_Ruud-Carlos_Alcaraz,2022 USO M F Ruud-Alcaraz,shared,OFFICIAL,20,0.00325098
tv_pool_20220911-M-US_Open-F-Casper_Ruud-Carlos_Alcaraz,2022 USO M F Ruud-Alcaraz,shared,SHOT,1520,0.247074
tv_pool_20220911-M-US_Open-F-Casper_Ruud-Carlos_Alcaraz,2022 USO M F Ruud-Alcaraz,shared,JUDGE,1444,0.23472
tv_pool_20220911-M-US_Open-F-Casper_Ruud-Carlos_Alcaraz,2022 USO M F Ruud-Alcaraz,shared,STAT,882,0.143368
tv_pool_20220911-M-US_Open-F-Casper_Ruud-Carlos_Alcaraz,2022 USO M F Ruud-Alcaraz,shared,CROWD,60,0.00975293
tv_pool_20220911-M-US_Open-F-Casper_Ruud-Carlos_Alcaraz,2022 USO M F Ruud-Alcaraz,shared,OTHER,1645,0.267393
tv_pool_20220911-M-US_Open-F-Casper_Ruud-Carlos_Alcaraz,2022 USO M F Ruud-Alcaraz,shared,_umpire_mask,180,0.0292588
tv_pool_20220911-M-US_Open-F-Casper_Ruud-Carlos_Alcaraz,2022 USO M F Ruud-Alcaraz,tv_only_strict,SCORE,99,0.187146
tv_pool_20220911-M-US_Open-F-Casper_Ruud-Carlos_Alcaraz,2022 USO M F Ruud-Alcaraz,tv_only_strict,OFFICIAL,114,0.215501
tv_pool_20220911-M-US_Open-F-Casper_Ruud-Carlos_Alcaraz,2022 USO M F Ruud-Alcaraz,tv_only_strict,SHOT,137,0.258979
tv_pool_20220911-M-US_Open-F-Casper_Ruud-Carlos_Alcaraz,2022 USO M F Ruud-Alcaraz,tv_only_strict,JUDGE,67,0.126654
tv_pool_20220911-M-US_Open-F-Casper_Ruud-Carlos_Alcaraz,2022 USO M F Ruud-Alcaraz,tv_only_strict,STAT,5,0.0094518
tv_pool_20220911-M-US_Open-F-Casper_Ruud-Carlos_Alcaraz,2022 USO M F Ruud-Alcaraz,tv_only_strict,CROWD,15,0.0283554
tv_pool_20220911-M-US_Open-F-Casper_Ruud-Carlos_Alcaraz,2022 USO M F Ruud-Alcaraz,tv_only_strict,OTHER,92,0.173913
tv_pool_20220911-M-US_Open-F-Casper_Ruud-Carlos_Alcaraz,2022 USO M F Ruud-Alcaraz,tv_only_strict,_umpire_mask,95,0.179584
tv_pool_20220911-M-US_Open-F-Casper_Ruud-Carlos_Alcaraz,2022 USO M F Ruud-Alcaraz,tv_only_cross,SCORE,171,0.068209
tv_pool_20220911-M-US_Open-F-Casper_Ruud-Carlos_Alcaraz,2022 USO M F Ruud-Alcaraz,tv_only_cross,OFFICIAL,227,0.0905465
tv_pool_20220911-M-US_Open-F-Casper_Ruud-Carlos_Alcaraz,2022 USO M F Ruud-Alcaraz,tv_only_cross,SHOT,637,0.254089
tv_pool_20220911-M-US_Open-F-Casper_Ruud-Carlos_Alcaraz,2022 USO M F Ruud-Alcaraz,tv_only_cross,JUDGE,512,0.204228
tv_pool_20220911-M-US_Open-F-Casper_Ruud-Carlos_Alcaraz,2022 USO M F Ruud-Alcaraz,tv_only_cross,STAT,266,0.106103
tv_pool_20220911-M-US_Open-F-Casper_Ruud-Carlos_Alcaraz,2022 USO M F Ruud-Alcaraz,tv_only_cross,CROWD,19,0.00757878
tv_pool_20220911-M-US_Open-F-Casper_Ruud-Carlos_Alcaraz,2022 USO M F Ruud-Alcaraz,tv_only_cross,OTHER,675,0.269246
tv_pool_20220911-M-US_Open-F-Casper_Ruud-Carlos_Alcaraz,2022 USO M F Ruud-Alcaraz,tv_only_cross,_umpire_mask,140,0.0558436
tv_pool_20230610-W-Roland_Garros-F-Iga_Swiatek-Karolina_Muchova,2023 RG W F Swiatek-Muchova,tv_only,SCORE,121,0.0694604
tv_pool_20230610-W-Roland_Garros-F-Iga_Swiatek-Karolina_Muchova,2023 RG W F Swiatek-Muchova,tv_only,OFFICIAL,63,0.0361653
tv_pool_20230610-W-Roland_Garros-F-Iga_Swiatek-Karolina_Muchova,2023 RG W F Swiatek-Muchova,tv_only,SHOT,786,0.451206
tv_pool_20230610-W-Roland_Garros-F-Iga_Swiatek-Karolina_Muchova,2023 RG W F Swiatek-Muchova,tv_only,JUDGE,239,0.137199
tv_pool_20230610-W-Roland_Garros-F-Iga_Swiatek-Karolina_Muchova,2023 RG W F Swiatek-Muchova,tv_only,STAT,81,0.0464983
tv_pool_20230610-W-Roland_Garros-F-Iga_Swiatek-Karolina_Muchova,2023 RG W F Swiatek-Muchova,tv_only,CROWD,24,0.0137773
tv_pool_20230610-W-Roland_Garros-F-Iga_Swiatek-Karolina_Muchova,2023 RG W F Swiatek-Muchova,tv_only,OTHER,428,0.245695
tv_pool_20230610-W-Roland_Garros-F-Iga_Swiatek-Karolina_Muchova,2023 RG W F Swiatek-Muchova,tv_only,_umpire_mask,68,0.0390356
tv_pool_20230610-W-Roland_Garros-F-Iga_Swiatek-Karolina_Muchova,2023 RG W F Swiatek-Muchova,shared,SCORE,315,0.0684188
tv_pool_20230610-W-Roland_Garros-F-Iga_Swiatek-Karolina_Muchova,2023 RG W F Swiatek-Muchova,shared,OFFICIAL,31,0.00673328
tv_pool_20230610-W-Roland_Garros-F-Iga_Swiatek-Karolina_Muchova,2023 RG W F Swiatek-Muchova,shared,SHOT,1468,0.318853
tv_pool_20230610-W-Roland_Garros-F-Iga_Swiatek-Karolina_Muchova,2023 RG W F Swiatek-Muchova,shared,JUDGE,1431,0.310817
tv_pool_20230610-W-Roland_Garros-F-Iga_Swiatek-Karolina_Muchova,2023 RG W F Swiatek-Muchova,shared,STAT,201,0.0436577
tv_pool_20230610-W-Roland_Garros-F-Iga_Swiatek-Karolina_Muchova,2023 RG W F Swiatek-Muchova,shared,CROWD,15,0.00325804
tv_pool_20230610-W-Roland_Garros-F-Iga_Swiatek-Karolina_Muchova,2023 RG W F Swiatek-Muchova,shared,OTHER,1143,0.248262
tv_pool_20230610-W-Roland_Garros-F-Iga_Swiatek-Karolina_Muchova,2023 RG W F Swiatek-Muchova,shared,_umpire_mask,52,0.0112945
tv_pool_20230610-W-Roland_Garros-F-Iga_Swiatek-Karolina_Muchova,2023 RG W F Swiatek-Muchova,tv_only_strict,SCORE,36,0.0880196
tv_pool_20230610-W-Roland_Garros-F-Iga_Swiatek-Karolina_Muchova,2023 RG W F Swiatek-Muchova,tv_only_strict,OFFICIAL,0,0
tv_pool_20230610-W-Roland_Garros-F-Iga_Swiatek-Karolina_Muchova,2023 RG W F Swiatek-Muchova,tv_only_strict,SHOT,260,0.635697
tv_pool_20230610-W-Roland_Garros-F-Iga_Swiatek-Karolina_Muchova,2023 RG W F Swiatek-Muchova,tv_only_strict,JUDGE,38,0.0929095
tv_pool_20230610-W-Roland_Garros-F-Iga_Swiatek-Karolina_Muchova,2023 RG W F Swiatek-Muchova,tv_only_strict,STAT,0,0
tv_pool_20230610-W-Roland_Garros-F-Iga_Swiatek-Karolina_Muchova,2023 RG W F Swiatek-Muchova,tv_only_strict,CROWD,0,0
tv_pool_20230610-W-Roland_Garros-F-Iga_Swiatek-Karolina_Muchova,2023 RG W F Swiatek-Muchova,tv_only_strict,OTHER,75,0.183374
tv_pool_20230610-W-Roland_Garros-F-Iga_Swiatek-Karolina_Muchova,2023 RG W F Swiatek-Muchova,tv_only_strict,_umpire_mask,16,0.0391198
tv_pool_20230610-W-Roland_Garros-F-Iga_Swiatek-Karolina_Muchova,2023 RG W F Swiatek-Muchova,tv_only_cross,SCORE,121,0.0768742
tv_pool_20230610-W-Roland_Garros-F-Iga_Swiatek-Karolina_Muchova,2023 RG W F Swiatek-Muchova,tv_only_cross,OFFICIAL,63,0.0400254
tv_pool_20230610-W-Roland_Garros-F-Iga_Swiatek-Karolina_Muchova,2023 RG W F Swiatek-Muchova,tv_only_cross,SHOT,699,0.444091
tv_pool_20230610-W-Roland_Garros-F-Iga_Swiatek-Karolina_Muchova,2023 RG W F Swiatek-Muchova,tv_only_cross,JUDGE,222,0.141042
tv_pool_20230610-W-Roland_Garros-F-Iga_Swiatek-Karolina_Muchova,2023 RG W F Swiatek-Muchova,tv_only_cross,STAT,77,0.0489199
tv_pool_20230610-W-Roland_Garros-F-Iga_Swiatek-Karolina_Muchova,2023 RG W F Swiatek-Muchova,tv_only_cross,CROWD,24,0.0152478
tv_pool_20230610-W-Roland_Garros-F-Iga_Swiatek-Karolina_Muchova,2023 RG W F Swiatek-Muchova,tv_only_cross,OTHER,368,0.233799
tv_pool_20230610-W-Roland_Garros-F-Iga_Swiatek-Karolina_Muchova,2023 RG W F Swiatek-Muchova,tv_only_cross,_umpire_mask,68,0.043202
tv_pool_20230910-M-US_Open-F-Novak_Djokovic-Daniil_Medvedev,2023 USO M F Djokovic-Medvedev,tv_only,SCORE,283,0.0890217
tv_pool_20230910-M-US_Open-F-Novak_Djokovic-Daniil_Medvedev,2023 USO M F Djokovic-Medvedev,tv_only,OFFICIAL,78,0.024536
tv_pool_20230910-M-US_Open-F-Novak_Djokovic-Daniil_Medvedev,2023 USO M F Djokovic-Medvedev,tv_only,SHOT,865,0.272098
tv_pool_20230910-M-US_Open-F-Novak_Djokovic-Daniil_Medvedev,2023 USO M F Djokovic-Medvedev,tv_only,JUDGE,449,0.141239
tv_pool_20230910-M-US_Open-F-Novak_Djokovic-Daniil_Medvedev,2023 USO M F Djokovic-Medvedev,tv_only,STAT,312,0.0981441
tv_pool_20230910-M-US_Open-F-Novak_Djokovic-Daniil_Medvedev,2023 USO M F Djokovic-Medvedev,tv_only,CROWD,76,0.0239069
tv_pool_20230910-M-US_Open-F-Novak_Djokovic-Daniil_Medvedev,2023 USO M F Djokovic-Medvedev,tv_only,OTHER,1116,0.351054
tv_pool_20230910-M-US_Open-F-Novak_Djokovic-Daniil_Medvedev,2023 USO M F Djokovic-Medvedev,tv_only,_umpire_mask,166,0.0522177
tv_pool_20230910-M-US_Open-F-Novak_Djokovic-Daniil_Medvedev,2023 USO M F Djokovic-Medvedev,shared,SCORE,570,0.0949683
tv_pool_20230910-M-US_Open-F-Novak_Djokovic-Daniil_Medvedev,2023 USO M F Djokovic-Medvedev,shared,OFFICIAL,15,0.00249917
tv_pool_20230910-M-US_Open-F-Novak_Djokovic-Daniil_Medvedev,2023 USO M F Djokovic-Medvedev,shared,SHOT,2013,0.335388
tv_pool_20230910-M-US_Open-F-Novak_Djokovic-Daniil_Medvedev,2023 USO M F Djokovic-Medvedev,shared,JUDGE,1189,0.198101
tv_pool_20230910-M-US_Open-F-Novak_Djokovic-Daniil_Medvedev,2023 USO M F Djokovic-Medvedev,shared,STAT,430,0.0716428
tv_pool_20230910-M-US_Open-F-Novak_Djokovic-Daniil_Medvedev,2023 USO M F Djokovic-Medvedev,shared,CROWD,64,0.0106631
tv_pool_20230910-M-US_Open-F-Novak_Djokovic-Daniil_Medvedev,2023 USO M F Djokovic-Medvedev,shared,OTHER,1721,0.286738
tv_pool_20230910-M-US_Open-F-Novak_Djokovic-Daniil_Medvedev,2023 USO M F Djokovic-Medvedev,shared,_umpire_mask,89,0.0148284
tv_pool_20230910-M-US_Open-F-Novak_Djokovic-Daniil_Medvedev,2023 USO M F Djokovic-Medvedev,tv_only_strict,SCORE,107,0.276486
tv_pool_20230910-M-US_Open-F-Novak_Djokovic-Daniil_Medvedev,2023 USO M F Djokovic-Medvedev,tv_only_strict,OFFICIAL,48,0.124031
tv_pool_20230910-M-US_Open-F-Novak_Djokovic-Daniil_Medvedev,2023 USO M F Djokovic-Medvedev,tv_only_strict,SHOT,144,0.372093
tv_pool_20230910-M-US_Open-F-Novak_Djokovic-Daniil_Medvedev,2023 USO M F Djokovic-Medvedev,tv_only_strict,JUDGE,4,0.0103359
tv_pool_20230910-M-US_Open-F-Novak_Djokovic-Daniil_Medvedev,2023 USO M F Djokovic-Medvedev,tv_only_strict,STAT,0,0
tv_pool_20230910-M-US_Open-F-Novak_Djokovic-Daniil_Medvedev,2023 USO M F Djokovic-Medvedev,tv_only_strict,CROWD,5,0.0129199
tv_pool_20230910-M-US_Open-F-Novak_Djokovic-Daniil_Medvedev,2023 USO M F Djokovic-Medvedev,tv_only_strict,OTHER,79,0.204134
tv_pool_20230910-M-US_Open-F-Novak_Djokovic-Daniil_Medvedev,2023 USO M F Djokovic-Medvedev,tv_only_strict,_umpire_mask,115,0.297158
tv_pool_20230910-M-US_Open-F-Novak_Djokovic-Daniil_Medvedev,2023 USO M F Djokovic-Medvedev,tv_only_cross,SCORE,261,0.089969
tv_pool_20230910-M-US_Open-F-Novak_Djokovic-Daniil_Medvedev,2023 USO M F Djokovic-Medvedev,tv_only_cross,OFFICIAL,66,0.0227508
tv_pool_20230910-M-US_Open-F-Novak_Djokovic-Daniil_Medvedev,2023 USO M F Djokovic-Medvedev,tv_only_cross,SHOT,810,0.279214
tv_pool_20230910-M-US_Open-F-Novak_Djokovic-Daniil_Medvedev,2023 USO M F Djokovic-Medvedev,tv_only_cross,JUDGE,440,0.151672
tv_pool_20230910-M-US_Open-F-Novak_Djokovic-Daniil_Medvedev,2023 USO M F Djokovic-Medvedev,tv_only_cross,STAT,272,0.0937608
tv_pool_20230910-M-US_Open-F-Novak_Djokovic-Daniil_Medvedev,2023 USO M F Djokovic-Medvedev,tv_only_cross,CROWD,76,0.0261979
tv_pool_20230910-M-US_Open-F-Novak_Djokovic-Daniil_Medvedev,2023 USO M F Djokovic-Medvedev,tv_only_cross,OTHER,976,0.336436
tv_pool_20230910-M-US_Open-F-Novak_Djokovic-Daniil_Medvedev,2023 USO M F Djokovic-Medvedev,tv_only_cross,_umpire_mask,151,0.052051
tv_pool_20240128-M-Australian_Open-F-Jannik_Sinner-Daniil_Medvedev,2024 AO M F Sinner-Medvedev,tv_only,SCORE,309,0.0633716
tv_pool_20240128-M-Australian_Open-F-Jannik_Sinner-Daniil_Medvedev,2024 AO M F Sinner-Medvedev,tv_only,OFFICIAL,214,0.0438884
tv_pool_20240128-M-Australian_Open-F-Jannik_Sinner-Daniil_Medvedev,2024 AO M F Sinner-Medvedev,tv_only,SHOT,1212,0.248564
tv_pool_20240128-M-Australian_Open-F-Jannik_Sinner-Daniil_Medvedev,2024 AO M F Sinner-Medvedev,tv_only,JUDGE,1026,0.210418
tv_pool_20240128-M-Australian_Open-F-Jannik_Sinner-Daniil_Medvedev,2024 AO M F Sinner-Medvedev,tv_only,STAT,334,0.0684988
tv_pool_20240128-M-Australian_Open-F-Jannik_Sinner-Daniil_Medvedev,2024 AO M F Sinner-Medvedev,tv_only,CROWD,124,0.0254307
tv_pool_20240128-M-Australian_Open-F-Jannik_Sinner-Daniil_Medvedev,2024 AO M F Sinner-Medvedev,tv_only,OTHER,1657,0.339828
tv_pool_20240128-M-Australian_Open-F-Jannik_Sinner-Daniil_Medvedev,2024 AO M F Sinner-Medvedev,tv_only,_umpire_mask,136,0.0278917
tv_pool_20240128-M-Australian_Open-F-Jannik_Sinner-Daniil_Medvedev,2024 AO M F Sinner-Medvedev,shared,SCORE,510,0.0558109
tv_pool_20240128-M-Australian_Open-F-Jannik_Sinner-Daniil_Medvedev,2024 AO M F Sinner-Medvedev,shared,OFFICIAL,62,0.00678485
tv_pool_20240128-M-Australian_Open-F-Jannik_Sinner-Daniil_Medvedev,2024 AO M F Sinner-Medvedev,shared,SHOT,2199,0.240643
tv_pool_20240128-M-Australian_Open-F-Jannik_Sinner-Daniil_Medvedev,2024 AO M F Sinner-Medvedev,shared,JUDGE,2890,0.316262
tv_pool_20240128-M-Australian_Open-F-Jannik_Sinner-Daniil_Medvedev,2024 AO M F Sinner-Medvedev,shared,STAT,523,0.0572335
tv_pool_20240128-M-Australian_Open-F-Jannik_Sinner-Daniil_Medvedev,2024 AO M F Sinner-Medvedev,shared,CROWD,76,0.00831692
tv_pool_20240128-M-Australian_Open-F-Jannik_Sinner-Daniil_Medvedev,2024 AO M F Sinner-Medvedev,shared,OTHER,2878,0.314949
tv_pool_20240128-M-Australian_Open-F-Jannik_Sinner-Daniil_Medvedev,2024 AO M F Sinner-Medvedev,shared,_umpire_mask,61,0.00667542
tv_pool_20240128-M-Australian_Open-F-Jannik_Sinner-Daniil_Medvedev,2024 AO M F Sinner-Medvedev,tv_only_strict,SCORE,52,0.0848287
tv_pool_20240128-M-Australian_Open-F-Jannik_Sinner-Daniil_Medvedev,2024 AO M F Sinner-Medvedev,tv_only_strict,OFFICIAL,45,0.0734095
tv_pool_20240128-M-Australian_Open-F-Jannik_Sinner-Daniil_Medvedev,2024 AO M F Sinner-Medvedev,tv_only_strict,SHOT,120,0.195759
tv_pool_20240128-M-Australian_Open-F-Jannik_Sinner-Daniil_Medvedev,2024 AO M F Sinner-Medvedev,tv_only_strict,JUDGE,121,0.19739
tv_pool_20240128-M-Australian_Open-F-Jannik_Sinner-Daniil_Medvedev,2024 AO M F Sinner-Medvedev,tv_only_strict,STAT,39,0.0636215
tv_pool_20240128-M-Australian_Open-F-Jannik_Sinner-Daniil_Medvedev,2024 AO M F Sinner-Medvedev,tv_only_strict,CROWD,42,0.0685155
tv_pool_20240128-M-Australian_Open-F-Jannik_Sinner-Daniil_Medvedev,2024 AO M F Sinner-Medvedev,tv_only_strict,OTHER,194,0.316476
tv_pool_20240128-M-Australian_Open-F-Jannik_Sinner-Daniil_Medvedev,2024 AO M F Sinner-Medvedev,tv_only_strict,_umpire_mask,35,0.0570962
tv_pool_20240128-M-Australian_Open-F-Jannik_Sinner-Daniil_Medvedev,2024 AO M F Sinner-Medvedev,tv_only_cross,SCORE,294,0.0646865
tv_pool_20240128-M-Australian_Open-F-Jannik_Sinner-Daniil_Medvedev,2024 AO M F Sinner-Medvedev,tv_only_cross,OFFICIAL,214,0.0470847
tv_pool_20240128-M-Australian_Open-F-Jannik_Sinner-Daniil_Medvedev,2024 AO M F Sinner-Medvedev,tv_only_cross,SHOT,1152,0.253465
tv_pool_20240128-M-Australian_Open-F-Jannik_Sinner-Daniil_Medvedev,2024 AO M F Sinner-Medvedev,tv_only_cross,JUDGE,889,0.1956
tv_pool_20240128-M-Australian_Open-F-Jannik_Sinner-Daniil_Medvedev,2024 AO M F Sinner-Medvedev,tv_only_cross,STAT,321,0.0706271
tv_pool_20240128-M-Australian_Open-F-Jannik_Sinner-Daniil_Medvedev,2024 AO M F Sinner-Medvedev,tv_only_cross,CROWD,112,0.0246425
tv_pool_20240128-M-Australian_Open-F-Jannik_Sinner-Daniil_Medvedev,2024 AO M F Sinner-Medvedev,tv_only_cross,OTHER,1563,0.343894
tv_pool_20240128-M-Australian_Open-F-Jannik_Sinner-Daniil_Medvedev,2024 AO M F Sinner-Medvedev,tv_only_cross,_umpire_mask,136,0.029923
tv_pool_20240608-W-Roland_Garros-F-Iga_Swiatek-Jasmine_Paolini,2024 RG W F Swiatek-Paolini,tv_only,SCORE,83,0.0706985
tv_pool_20240608-W-Roland_Garros-F-Iga_Swiatek-Jasmine_Paolini,2024 RG W F Swiatek-Paolini,tv_only,OFFICIAL,0,0
tv_pool_20240608-W-Roland_Garros-F-Iga_Swiatek-Jasmine_Paolini,2024 RG W F Swiatek-Paolini,tv_only,SHOT,480,0.408859
tv_pool_20240608-W-Roland_Garros-F-Iga_Swiatek-Jasmine_Paolini,2024 RG W F Swiatek-Paolini,tv_only,JUDGE,226,0.192504
tv_pool_20240608-W-Roland_Garros-F-Iga_Swiatek-Jasmine_Paolini,2024 RG W F Swiatek-Paolini,tv_only,STAT,11,0.00936968
tv_pool_20240608-W-Roland_Garros-F-Iga_Swiatek-Jasmine_Paolini,2024 RG W F Swiatek-Paolini,tv_only,CROWD,1,0.000851789
tv_pool_20240608-W-Roland_Garros-F-Iga_Swiatek-Jasmine_Paolini,2024 RG W F Swiatek-Paolini,tv_only,OTHER,373,0.317717
tv_pool_20240608-W-Roland_Garros-F-Iga_Swiatek-Jasmine_Paolini,2024 RG W F Swiatek-Paolini,tv_only,_umpire_mask,0,0
tv_pool_20240608-W-Roland_Garros-F-Iga_Swiatek-Jasmine_Paolini,2024 RG W F Swiatek-Paolini,shared,SCORE,362,0.132165
tv_pool_20240608-W-Roland_Garros-F-Iga_Swiatek-Jasmine_Paolini,2024 RG W F Swiatek-Paolini,shared,OFFICIAL,0,0
tv_pool_20240608-W-Roland_Garros-F-Iga_Swiatek-Jasmine_Paolini,2024 RG W F Swiatek-Paolini,shared,SHOT,946,0.345382
tv_pool_20240608-W-Roland_Garros-F-Iga_Swiatek-Jasmine_Paolini,2024 RG W F Swiatek-Paolini,shared,JUDGE,644,0.235122
tv_pool_20240608-W-Roland_Garros-F-Iga_Swiatek-Jasmine_Paolini,2024 RG W F Swiatek-Paolini,shared,STAT,135,0.0492881
tv_pool_20240608-W-Roland_Garros-F-Iga_Swiatek-Jasmine_Paolini,2024 RG W F Swiatek-Paolini,shared,CROWD,16,0.00584155
tv_pool_20240608-W-Roland_Garros-F-Iga_Swiatek-Jasmine_Paolini,2024 RG W F Swiatek-Paolini,shared,OTHER,636,0.232202
tv_pool_20240608-W-Roland_Garros-F-Iga_Swiatek-Jasmine_Paolini,2024 RG W F Swiatek-Paolini,shared,_umpire_mask,85,0.0310332
tv_pool_20240608-W-Roland_Garros-F-Iga_Swiatek-Jasmine_Paolini,2024 RG W F Swiatek-Paolini,tv_only_strict,SCORE,15,0.059761
tv_pool_20240608-W-Roland_Garros-F-Iga_Swiatek-Jasmine_Paolini,2024 RG W F Swiatek-Paolini,tv_only_strict,OFFICIAL,0,0
tv_pool_20240608-W-Roland_Garros-F-Iga_Swiatek-Jasmine_Paolini,2024 RG W F Swiatek-Paolini,tv_only_strict,SHOT,137,0.545817
tv_pool_20240608-W-Roland_Garros-F-Iga_Swiatek-Jasmine_Paolini,2024 RG W F Swiatek-Paolini,tv_only_strict,JUDGE,27,0.10757
tv_pool_20240608-W-Roland_Garros-F-Iga_Swiatek-Jasmine_Paolini,2024 RG W F Swiatek-Paolini,tv_only_strict,STAT,2,0.00796813
tv_pool_20240608-W-Roland_Garros-F-Iga_Swiatek-Jasmine_Paolini,2024 RG W F Swiatek-Paolini,tv_only_strict,CROWD,0,0
tv_pool_20240608-W-Roland_Garros-F-Iga_Swiatek-Jasmine_Paolini,2024 RG W F Swiatek-Paolini,tv_only_strict,OTHER,70,0.278884
tv_pool_20240608-W-Roland_Garros-F-Iga_Swiatek-Jasmine_Paolini,2024 RG W F Swiatek-Paolini,tv_only_strict,_umpire_mask,0,0
tv_pool_20240608-W-Roland_Garros-F-Iga_Swiatek-Jasmine_Paolini,2024 RG W F Swiatek-Paolini,tv_only_cross,SCORE,83,0.0737778
tv_pool_20240608-W-Roland_Garros-F-Iga_Swiatek-Jasmine_Paolini,2024 RG W F Swiatek-Paolini,tv_only_cross,OFFICIAL,0,0
tv_pool_20240608-W-Roland_Garros-F-Iga_Swiatek-Jasmine_Paolini,2024 RG W F Swiatek-Paolini,tv_only_cross,SHOT,471,0.418667
tv_pool_20240608-W-Roland_Garros-F-Iga_Swiatek-Jasmine_Paolini,2024 RG W F Swiatek-Paolini,tv_only_cross,JUDGE,216,0.192
tv_pool_20240608-W-Roland_Garros-F-Iga_Swiatek-Jasmine_Paolini,2024 RG W F Swiatek-Paolini,tv_only_cross,STAT,11,0.00977778
tv_pool_20240608-W-Roland_Garros-F-Iga_Swiatek-Jasmine_Paolini,2024 RG W F Swiatek-Paolini,tv_only_cross,CROWD,1,0.000888889
tv_pool_20240608-W-Roland_Garros-F-Iga_Swiatek-Jasmine_Paolini,2024 RG W F Swiatek-Paolini,tv_only_cross,OTHER,343,0.304889
tv_pool_20240608-W-Roland_Garros-F-Iga_Swiatek-Jasmine_Paolini,2024 RG W F Swiatek-Paolini,tv_only_cross,_umpire_mask,0,0
tv_pool_20240713-W-Wimbledon-F-Jasmine_Paolini-Barbora_Krejcikova,2024 WIM W F Paolini-Krejcikova,tv_only,SCORE,269,0.133565
tv_pool_20240713-W-Wimbledon-F-Jasmine_Paolini-Barbora_Krejcikova,2024 WIM W F Paolini-Krejcikova,tv_only,OFFICIAL,161,0.0799404
tv_pool_20240713-W-Wimbledon-F-Jasmine_Paolini-Barbora_Krejcikova,2024 WIM W F Paolini-Krejcikova,tv_only,SHOT,436,0.216485
tv_pool_20240713-W-Wimbledon-F-Jasmine_Paolini-Barbora_Krejcikova,2024 WIM W F Paolini-Krejcikova,tv_only,JUDGE,338,0.167825
tv_pool_20240713-W-Wimbledon-F-Jasmine_Paolini-Barbora_Krejcikova,2024 WIM W F Paolini-Krejcikova,tv_only,STAT,58,0.0287984
tv_pool_20240713-W-Wimbledon-F-Jasmine_Paolini-Barbora_Krejcikova,2024 WIM W F Paolini-Krejcikova,tv_only,CROWD,9,0.00446872
tv_pool_20240713-W-Wimbledon-F-Jasmine_Paolini-Barbora_Krejcikova,2024 WIM W F Paolini-Krejcikova,tv_only,OTHER,743,0.368918
tv_pool_20240713-W-Wimbledon-F-Jasmine_Paolini-Barbora_Krejcikova,2024 WIM W F Paolini-Krejcikova,tv_only,_umpire_mask,175,0.0868918
tv_pool_20240713-W-Wimbledon-F-Jasmine_Paolini-Barbora_Krejcikova,2024 WIM W F Paolini-Krejcikova,shared,SCORE,323,0.0884205
tv_pool_20240713-W-Wimbledon-F-Jasmine_Paolini-Barbora_Krejcikova,2024 WIM W F Paolini-Krejcikova,shared,OFFICIAL,157,0.0429784
tv_pool_20240713-W-Wimbledon-F-Jasmine_Paolini-Barbora_Krejcikova,2024 WIM W F Paolini-Krejcikova,shared,SHOT,574,0.157131
tv_pool_20240713-W-Wimbledon-F-Jasmine_Paolini-Barbora_Krejcikova,2024 WIM W F Paolini-Krejcikova,shared,JUDGE,970,0.265535
tv_pool_20240713-W-Wimbledon-F-Jasmine_Paolini-Barbora_Krejcikova,2024 WIM W F Paolini-Krejcikova,shared,STAT,240,0.0656994
tv_pool_20240713-W-Wimbledon-F-Jasmine_Paolini-Barbora_Krejcikova,2024 WIM W F Paolini-Krejcikova,shared,CROWD,12,0.00328497
tv_pool_20240713-W-Wimbledon-F-Jasmine_Paolini-Barbora_Krejcikova,2024 WIM W F Paolini-Krejcikova,shared,OTHER,1377,0.37695
tv_pool_20240713-W-Wimbledon-F-Jasmine_Paolini-Barbora_Krejcikova,2024 WIM W F Paolini-Krejcikova,shared,_umpire_mask,124,0.0339447
tv_pool_20240713-W-Wimbledon-F-Jasmine_Paolini-Barbora_Krejcikova,2024 WIM W F Paolini-Krejcikova,tv_only_strict,SCORE,99,0.220982
tv_pool_20240713-W-Wimbledon-F-Jasmine_Paolini-Barbora_Krejcikova,2024 WIM W F Paolini-Krejcikova,tv_only_strict,OFFICIAL,72,0.160714
tv_pool_20240713-W-Wimbledon-F-Jasmine_Paolini-Barbora_Krejcikova,2024 WIM W F Paolini-Krejcikova,tv_only_strict,SHOT,83,0.185268
tv_pool_20240713-W-Wimbledon-F-Jasmine_Paolini-Barbora_Krejcikova,2024 WIM W F Paolini-Krejcikova,tv_only_strict,JUDGE,8,0.0178571
tv_pool_20240713-W-Wimbledon-F-Jasmine_Paolini-Barbora_Krejcikova,2024 WIM W F Paolini-Krejcikova,tv_only_strict,STAT,5,0.0111607
tv_pool_20240713-W-Wimbledon-F-Jasmine_Paolini-Barbora_Krejcikova,2024 WIM W F Paolini-Krejcikova,tv_only_strict,CROWD,0,0
tv_pool_20240713-W-Wimbledon-F-Jasmine_Paolini-Barbora_Krejcikova,2024 WIM W F Paolini-Krejcikova,tv_only_strict,OTHER,181,0.404018
tv_pool_20240713-W-Wimbledon-F-Jasmine_Paolini-Barbora_Krejcikova,2024 WIM W F Paolini-Krejcikova,tv_only_strict,_umpire_mask,69,0.154018
tv_pool_20240713-W-Wimbledon-F-Jasmine_Paolini-Barbora_Krejcikova,2024 WIM W F Paolini-Krejcikova,tv_only_cross,SCORE,267,0.141419
tv_pool_20240713-W-Wimbledon-F-Jasmine_Paolini-Barbora_Krejcikova,2024 WIM W F Paolini-Krejcikova,tv_only_cross,OFFICIAL,124,0.065678
tv_pool_20240713-W-Wimbledon-F-Jasmine_Paolini-Barbora_Krejcikova,2024 WIM W F Paolini-Krejcikova,tv_only_cross,SHOT,398,0.210805
tv_pool_20240713-W-Wimbledon-F-Jasmine_Paolini-Barbora_Krejcikova,2024 WIM W F Paolini-Krejcikova,tv_only_cross,JUDGE,323,0.171081
tv_pool_20240713-W-Wimbledon-F-Jasmine_Paolini-Barbora_Krejcikova,2024 WIM W F Paolini-Krejcikova,tv_only_cross,STAT,52,0.0275424
tv_pool_20240713-W-Wimbledon-F-Jasmine_Paolini-Barbora_Krejcikova,2024 WIM W F Paolini-Krejcikova,tv_only_cross,CROWD,9,0.00476695
tv_pool_20240713-W-Wimbledon-F-Jasmine_Paolini-Barbora_Krejcikova,2024 WIM W F Paolini-Krejcikova,tv_only_cross,OTHER,715,0.378708
tv_pool_20240713-W-Wimbledon-F-Jasmine_Paolini-Barbora_Krejcikova,2024 WIM W F Paolini-Krejcikova,tv_only_cross,_umpire_mask,150,0.0794492
tv_pool_20240908-M-US_Open-F-Taylor_Fritz-Jannik_Sinner,2024 USO M F Fritz-Sinner,tv_only,SCORE,217,0.0965732
tv_pool_20240908-M-US_Open-F-Taylor_Fritz-Jannik_Sinner,2024 USO M F Fritz-Sinner,tv_only,OFFICIAL,50,0.0222519
tv_pool_20240908-M-US_Open-F-Taylor_Fritz-Jannik_Sinner,2024 USO M F Fritz-Sinner,tv_only,SHOT,676,0.300846
tv_pool_20240908-M-US_Open-F-Taylor_Fritz-Jannik_Sinner,2024 USO M F Fritz-Sinner,tv_only,JUDGE,298,0.132621
tv_pool_20240908-M-US_Open-F-Taylor_Fritz-Jannik_Sinner,2024 USO M F Fritz-Sinner,tv_only,STAT,220,0.0979083
tv_pool_20240908-M-US_Open-F-Taylor_Fritz-Jannik_Sinner,2024 USO M F Fritz-Sinner,tv_only,CROWD,40,0.0178015
tv_pool_20240908-M-US_Open-F-Taylor_Fritz-Jannik_Sinner,2024 USO M F Fritz-Sinner,tv_only,OTHER,746,0.331998
tv_pool_20240908-M-US_Open-F-Taylor_Fritz-Jannik_Sinner,2024 USO M F Fritz-Sinner,tv_only,_umpire_mask,85,0.0378282
tv_pool_20240908-M-US_Open-F-Taylor_Fritz-Jannik_Sinner,2024 USO M F Fritz-Sinner,shared,SCORE,280,0.0584795
tv_pool_20240908-M-US_Open-F-Taylor_Fritz-Jannik_Sinner,2024 USO M F Fritz-Sinner,shared,OFFICIAL,40,0.00835422
tv_pool_20240908-M-US_Open-F-Taylor_Fritz-Jannik_Sinner,2024 USO M F Fritz-Sinner,shared,SHOT,1440,0.300752
tv_pool_20240908-M-US_Open-F-Taylor_Fritz-Jannik_Sinner,2024 USO M F Fritz-Sinner,shared,JUDGE,1197,0.25
tv_pool_20240908-M-US_Open-F-Taylor_Fritz-Jannik_Sinner,2024 USO M F Fritz-Sinner,shared,STAT,375,0.0783208
tv_pool_20240908-M-US_Open-F-Taylor_Fritz-Jannik_Sinner,2024 USO M F Fritz-Sinner,shared,CROWD,75,0.0156642
tv_pool_20240908-M-US_Open-F-Taylor_Fritz-Jannik_Sinner,2024 USO M F Fritz-Sinner,shared,OTHER,1381,0.288429
tv_pool_20240908-M-US_Open-F-Taylor_Fritz-Jannik_Sinner,2024 USO M F Fritz-Sinner,shared,_umpire_mask,50,0.0104428
tv_pool_20240908-M-US_Open-F-Taylor_Fritz-Jannik_Sinner,2024 USO M F Fritz-Sinner,tv_only_strict,SCORE,63,0.206557
tv_pool_20240908-M-US_Open-F-Taylor_Fritz-Jannik_Sinner,2024 USO M F Fritz-Sinner,tv_only_strict,OFFICIAL,30,0.0983607
tv_pool_20240908-M-US_Open-F-Taylor_Fritz-Jannik_Sinner,2024 USO M F Fritz-Sinner,tv_only_strict,SHOT,61,0.2
tv_pool_20240908-M-US_Open-F-Taylor_Fritz-Jannik_Sinner,2024 USO M F Fritz-Sinner,tv_only_strict,JUDGE,21,0.0688525
tv_pool_20240908-M-US_Open-F-Taylor_Fritz-Jannik_Sinner,2024 USO M F Fritz-Sinner,tv_only_strict,STAT,15,0.0491803
tv_pool_20240908-M-US_Open-F-Taylor_Fritz-Jannik_Sinner,2024 USO M F Fritz-Sinner,tv_only_strict,CROWD,0,0
tv_pool_20240908-M-US_Open-F-Taylor_Fritz-Jannik_Sinner,2024 USO M F Fritz-Sinner,tv_only_strict,OTHER,115,0.377049
tv_pool_20240908-M-US_Open-F-Taylor_Fritz-Jannik_Sinner,2024 USO M F Fritz-Sinner,tv_only_strict,_umpire_mask,45,0.147541
tv_pool_20240908-M-US_Open-F-Taylor_Fritz-Jannik_Sinner,2024 USO M F Fritz-Sinner,tv_only_cross,SCORE,203,0.0954845
tv_pool_20240908-M-US_Open-F-Taylor_Fritz-Jannik_Sinner,2024 USO M F Fritz-Sinner,tv_only_cross,OFFICIAL,20,0.00940734
tv_pool_20240908-M-US_Open-F-Taylor_Fritz-Jannik_Sinner,2024 USO M F Fritz-Sinner,tv_only_cross,SHOT,660,0.310442
tv_pool_20240908-M-US_Open-F-Taylor_Fritz-Jannik_Sinner,2024 USO M F Fritz-Sinner,tv_only_cross,JUDGE,289,0.135936
tv_pool_20240908-M-US_Open-F-Taylor_Fritz-Jannik_Sinner,2024 USO M F Fritz-Sinner,tv_only_cross,STAT,220,0.103481
tv_pool_20240908-M-US_Open-F-Taylor_Fritz-Jannik_Sinner,2024 USO M F Fritz-Sinner,tv_only_cross,CROWD,40,0.0188147
tv_pool_20240908-M-US_Open-F-Taylor_Fritz-Jannik_Sinner,2024 USO M F Fritz-Sinner,tv_only_cross,OTHER,694,0.326435
tv_pool_20240908-M-US_Open-F-Taylor_Fritz-Jannik_Sinner,2024 USO M F Fritz-Sinner,tv_only_cross,_umpire_mask,75,0.0352775
tv_pool_20250124-M-Australian_Open-SF-Jannik_Sinner-Ben_Shelton,2025 AO M SF Sinner-Shelton,tv_only,SCORE,403,0.112381
tv_pool_20250124-M-Australian_Open-SF-Jannik_Sinner-Ben_Shelton,2025 AO M SF Sinner-Shelton,tv_only,OFFICIAL,25,0.00697156
tv_pool_20250124-M-Australian_Open-SF-Jannik_Sinner-Ben_Shelton,2025 AO M SF Sinner-Shelton,tv_only,SHOT,1029,0.286949
tv_pool_20250124-M-Australian_Open-SF-Jannik_Sinner-Ben_Shelton,2025 AO M SF Sinner-Shelton,tv_only,JUDGE,748,0.208589
tv_pool_20250124-M-Australian_Open-SF-Jannik_Sinner-Ben_Shelton,2025 AO M SF Sinner-Shelton,tv_only,STAT,316,0.0881205
tv_pool_20250124-M-Australian_Open-SF-Jannik_Sinner-Ben_Shelton,2025 AO M SF Sinner-Shelton,tv_only,CROWD,49,0.0136642
tv_pool_20250124-M-Australian_Open-SF-Jannik_Sinner-Ben_Shelton,2025 AO M SF Sinner-Shelton,tv_only,OTHER,1016,0.283324
tv_pool_20250124-M-Australian_Open-SF-Jannik_Sinner-Ben_Shelton,2025 AO M SF Sinner-Shelton,tv_only,_umpire_mask,171,0.0476854
tv_pool_20250124-M-Australian_Open-SF-Jannik_Sinner-Ben_Shelton,2025 AO M SF Sinner-Shelton,shared,SCORE,689,0.0892256
tv_pool_20250124-M-Australian_Open-SF-Jannik_Sinner-Ben_Shelton,2025 AO M SF Sinner-Shelton,shared,OFFICIAL,0,0
tv_pool_20250124-M-Australian_Open-SF-Jannik_Sinner-Ben_Shelton,2025 AO M SF Sinner-Shelton,shared,SHOT,1809,0.234266
tv_pool_20250124-M-Australian_Open-SF-Jannik_Sinner-Ben_Shelton,2025 AO M SF Sinner-Shelton,shared,JUDGE,2097,0.271562
tv_pool_20250124-M-Australian_Open-SF-Jannik_Sinner-Ben_Shelton,2025 AO M SF Sinner-Shelton,shared,STAT,547,0.0708366
tv_pool_20250124-M-Australian_Open-SF-Jannik_Sinner-Ben_Shelton,2025 AO M SF Sinner-Shelton,shared,CROWD,57,0.00738151
tv_pool_20250124-M-Australian_Open-SF-Jannik_Sinner-Ben_Shelton,2025 AO M SF Sinner-Shelton,shared,OTHER,2523,0.326729
tv_pool_20250124-M-Australian_Open-SF-Jannik_Sinner-Ben_Shelton,2025 AO M SF Sinner-Shelton,shared,_umpire_mask,178,0.023051
tv_pool_20250124-M-Australian_Open-SF-Jannik_Sinner-Ben_Shelton,2025 AO M SF Sinner-Shelton,tv_only_strict,SCORE,108,0.182432
tv_pool_20250124-M-Australian_Open-SF-Jannik_Sinner-Ben_Shelton,2025 AO M SF Sinner-Shelton,tv_only_strict,OFFICIAL,5,0.00844595
tv_pool_20250124-M-Australian_Open-SF-Jannik_Sinner-Ben_Shelton,2025 AO M SF Sinner-Shelton,tv_only_strict,SHOT,168,0.283784
tv_pool_20250124-M-Australian_Open-SF-Jannik_Sinner-Ben_Shelton,2025 AO M SF Sinner-Shelton,tv_only_strict,JUDGE,100,0.168919
tv_pool_20250124-M-Australian_Open-SF-Jannik_Sinner-Ben_Shelton,2025 AO M SF Sinner-Shelton,tv_only_strict,STAT,50,0.0844595
tv_pool_20250124-M-Australian_Open-SF-Jannik_Sinner-Ben_Shelton,2025 AO M SF Sinner-Shelton,tv_only_strict,CROWD,31,0.0523649
tv_pool_20250124-M-Australian_Open-SF-Jannik_Sinner-Ben_Shelton,2025 AO M SF Sinner-Shelton,tv_only_strict,OTHER,130,0.219595
tv_pool_20250124-M-Australian_Open-SF-Jannik_Sinner-Ben_Shelton,2025 AO M SF Sinner-Shelton,tv_only_strict,_umpire_mask,70,0.118243
tv_pool_20250124-M-Australian_Open-SF-Jannik_Sinner-Ben_Shelton,2025 AO M SF Sinner-Shelton,tv_only_cross,SCORE,403,0.115805
tv_pool_20250124-M-Australian_Open-SF-Jannik_Sinner-Ben_Shelton,2025 AO M SF Sinner-Shelton,tv_only_cross,OFFICIAL,25,0.00718391
tv_pool_20250124-M-Australian_Open-SF-Jannik_Sinner-Ben_Shelton,2025 AO M SF Sinner-Shelton,tv_only_cross,SHOT,986,0.283333
tv_pool_20250124-M-Australian_Open-SF-Jannik_Sinner-Ben_Shelton,2025 AO M SF Sinner-Shelton,tv_only_cross,JUDGE,730,0.20977
tv_pool_20250124-M-Australian_Open-SF-Jannik_Sinner-Ben_Shelton,2025 AO M SF Sinner-Shelton,tv_only_cross,STAT,292,0.083908
tv_pool_20250124-M-Australian_Open-SF-Jannik_Sinner-Ben_Shelton,2025 AO M SF Sinner-Shelton,tv_only_cross,CROWD,49,0.0140805
tv_pool_20250124-M-Australian_Open-SF-Jannik_Sinner-Ben_Shelton,2025 AO M SF Sinner-Shelton,tv_only_cross,OTHER,995,0.28592
tv_pool_20250124-M-Australian_Open-SF-Jannik_Sinner-Ben_Shelton,2025 AO M SF Sinner-Shelton,tv_only_cross,_umpire_mask,171,0.0491379
tv_pool_20250712-W-Wimbledon-F-Amanda_Anisimova-Iga_Swiatek,2025 WIM W F Anisimova-Swiatek,tv_only,SCORE,166,0.155576
tv_pool_20250712-W-Wimbledon-F-Amanda_Anisimova-Iga_Swiatek,2025 WIM W F Anisimova-Swiatek,tv_only,OFFICIAL,38,0.0356139
tv_pool_20250712-W-Wimbledon-F-Amanda_Anisimova-Iga_Swiatek,2025 WIM W F Anisimova-Swiatek,tv_only,SHOT,179,0.16776
tv_pool_20250712-W-Wimbledon-F-Amanda_Anisimova-Iga_Swiatek,2025 WIM W F Anisimova-Swiatek,tv_only,JUDGE,171,0.160262
tv_pool_20250712-W-Wimbledon-F-Amanda_Anisimova-Iga_Swiatek,2025 WIM W F Anisimova-Swiatek,tv_only,STAT,212,0.198688
tv_pool_20250712-W-Wimbledon-F-Amanda_Anisimova-Iga_Swiatek,2025 WIM W F Anisimova-Swiatek,tv_only,CROWD,24,0.022493
tv_pool_20250712-W-Wimbledon-F-Amanda_Anisimova-Iga_Swiatek,2025 WIM W F Anisimova-Swiatek,tv_only,OTHER,277,0.259606
tv_pool_20250712-W-Wimbledon-F-Amanda_Anisimova-Iga_Swiatek,2025 WIM W F Anisimova-Swiatek,tv_only,_umpire_mask,30,0.0281162
tv_pool_20250712-W-Wimbledon-F-Amanda_Anisimova-Iga_Swiatek,2025 WIM W F Anisimova-Swiatek,shared,SCORE,281,0.135618
tv_pool_20250712-W-Wimbledon-F-Amanda_Anisimova-Iga_Swiatek,2025 WIM W F Anisimova-Swiatek,shared,OFFICIAL,12,0.00579151
tv_pool_20250712-W-Wimbledon-F-Amanda_Anisimova-Iga_Swiatek,2025 WIM W F Anisimova-Swiatek,shared,SHOT,171,0.082529
tv_pool_20250712-W-Wimbledon-F-Amanda_Anisimova-Iga_Swiatek,2025 WIM W F Anisimova-Swiatek,shared,JUDGE,630,0.304054
tv_pool_20250712-W-Wimbledon-F-Amanda_Anisimova-Iga_Swiatek,2025 WIM W F Anisimova-Swiatek,shared,STAT,368,0.177606
tv_pool_20250712-W-Wimbledon-F-Amanda_Anisimova-Iga_Swiatek,2025 WIM W F Anisimova-Swiatek,shared,CROWD,6,0.00289575
tv_pool_20250712-W-Wimbledon-F-Amanda_Anisimova-Iga_Swiatek,2025 WIM W F Anisimova-Swiatek,shared,OTHER,604,0.291506
tv_pool_20250712-W-Wimbledon-F-Amanda_Anisimova-Iga_Swiatek,2025 WIM W F Anisimova-Swiatek,shared,_umpire_mask,30,0.0144788
tv_pool_20250712-W-Wimbledon-F-Amanda_Anisimova-Iga_Swiatek,2025 WIM W F Anisimova-Swiatek,tv_only_strict,SCORE,31,0.182353
tv_pool_20250712-W-Wimbledon-F-Amanda_Anisimova-Iga_Swiatek,2025 WIM W F Anisimova-Swiatek,tv_only_strict,OFFICIAL,0,0
tv_pool_20250712-W-Wimbledon-F-Amanda_Anisimova-Iga_Swiatek,2025 WIM W F Anisimova-Swiatek,tv_only_strict,SHOT,30,0.176471
tv_pool_20250712-W-Wimbledon-F-Amanda_Anisimova-Iga_Swiatek,2025 WIM W F Anisimova-Swiatek,tv_only_strict,JUDGE,15,0.0882353
tv_pool_20250712-W-Wimbledon-F-Amanda_Anisimova-Iga_Swiatek,2025 WIM W F Anisimova-Swiatek,tv_only_strict,STAT,27,0.158824
tv_pool_20250712-W-Wimbledon-F-Amanda_Anisimova-Iga_Swiatek,2025 WIM W F Anisimova-Swiatek,tv_only_strict,CROWD,0,0
tv_pool_20250712-W-Wimbledon-F-Amanda_Anisimova-Iga_Swiatek,2025 WIM W F Anisimova-Swiatek,tv_only_strict,OTHER,67,0.394118
tv_pool_20250712-W-Wimbledon-F-Amanda_Anisimova-Iga_Swiatek,2025 WIM W F Anisimova-Swiatek,tv_only_strict,_umpire_mask,5,0.0294118
tv_pool_20250712-W-Wimbledon-F-Amanda_Anisimova-Iga_Swiatek,2025 WIM W F Anisimova-Swiatek,tv_only_cross,SCORE,163,0.156882
tv_pool_20250712-W-Wimbledon-F-Amanda_Anisimova-Iga_Swiatek,2025 WIM W F Anisimova-Swiatek,tv_only_cross,OFFICIAL,38,0.0365736
tv_pool_20250712-W-Wimbledon-F-Amanda_Anisimova-Iga_Swiatek,2025 WIM W F Anisimova-Swiatek,tv_only_cross,SHOT,172,0.165544
tv_pool_20250712-W-Wimbledon-F-Amanda_Anisimova-Iga_Swiatek,2025 WIM W F Anisimova-Swiatek,tv_only_cross,JUDGE,171,0.164581
tv_pool_20250712-W-Wimbledon-F-Amanda_Anisimova-Iga_Swiatek,2025 WIM W F Anisimova-Swiatek,tv_only_cross,STAT,194,0.186718
tv_pool_20250712-W-Wimbledon-F-Amanda_Anisimova-Iga_Swiatek,2025 WIM W F Anisimova-Swiatek,tv_only_cross,CROWD,24,0.0230991
tv_pool_20250712-W-Wimbledon-F-Amanda_Anisimova-Iga_Swiatek,2025 WIM W F Anisimova-Swiatek,tv_only_cross,OTHER,277,0.266603
tv_pool_20250712-W-Wimbledon-F-Amanda_Anisimova-Iga_Swiatek,2025 WIM W F Anisimova-Swiatek,tv_only_cross,_umpire_mask,30,0.0288739
tv_pool_20250907-M-US_Open-F-Jannik_Sinner-Carlos_Alcaraz,2025 USO M F Sinner-Alcaraz,tv_only,SCORE,369,0.130712
tv_pool_20250907-M-US_Open-F-Jannik_Sinner-Carlos_Alcaraz,2025 USO M F Sinner-Alcaraz,tv_only,OFFICIAL,12,0.0042508
tv_pool_20250907-M-US_Open-F-Jannik_Sinner-Carlos_Alcaraz,2025 USO M F Sinner-Alcaraz,tv_only,SHOT,733,0.259653
tv_pool_20250907-M-US_Open-F-Jannik_Sinner-Carlos_Alcaraz,2025 USO M F Sinner-Alcaraz,tv_only,JUDGE,584,0.206872
tv_pool_20250907-M-US_Open-F-Jannik_Sinner-Carlos_Alcaraz,2025 USO M F Sinner-Alcaraz,tv_only,STAT,307,0.10875
tv_pool_20250907-M-US_Open-F-Jannik_Sinner-Carlos_Alcaraz,2025 USO M F Sinner-Alcaraz,tv_only,CROWD,42,0.0148778
tv_pool_20250907-M-US_Open-F-Jannik_Sinner-Carlos_Alcaraz,2025 USO M F Sinner-Alcaraz,tv_only,OTHER,776,0.274885
tv_pool_20250907-M-US_Open-F-Jannik_Sinner-Carlos_Alcaraz,2025 USO M F Sinner-Alcaraz,tv_only,_umpire_mask,178,0.0630535
tv_pool_20250907-M-US_Open-F-Jannik_Sinner-Carlos_Alcaraz,2025 USO M F Sinner-Alcaraz,shared,SCORE,412,0.0715278
tv_pool_20250907-M-US_Open-F-Jannik_Sinner-Carlos_Alcaraz,2025 USO M F Sinner-Alcaraz,shared,OFFICIAL,90,0.015625
tv_pool_20250907-M-US_Open-F-Jannik_Sinner-Carlos_Alcaraz,2025 USO M F Sinner-Alcaraz,shared,SHOT,1558,0.270486
tv_pool_20250907-M-US_Open-F-Jannik_Sinner-Carlos_Alcaraz,2025 USO M F Sinner-Alcaraz,shared,JUDGE,1185,0.205729
tv_pool_20250907-M-US_Open-F-Jannik_Sinner-Carlos_Alcaraz,2025 USO M F Sinner-Alcaraz,shared,STAT,549,0.0953125
tv_pool_20250907-M-US_Open-F-Jannik_Sinner-Carlos_Alcaraz,2025 USO M F Sinner-Alcaraz,shared,CROWD,33,0.00572917
tv_pool_20250907-M-US_Open-F-Jannik_Sinner-Carlos_Alcaraz,2025 USO M F Sinner-Alcaraz,shared,OTHER,1933,0.33559
tv_pool_20250907-M-US_Open-F-Jannik_Sinner-Carlos_Alcaraz,2025 USO M F Sinner-Alcaraz,shared,_umpire_mask,61,0.0105903
tv_pool_20250907-M-US_Open-F-Jannik_Sinner-Carlos_Alcaraz,2025 USO M F Sinner-Alcaraz,tv_only_strict,SCORE,165,0.289474
tv_pool_20250907-M-US_Open-F-Jannik_Sinner-Carlos_Alcaraz,2025 USO M F Sinner-Alcaraz,tv_only_strict,OFFICIAL,0,0
tv_pool_20250907-M-US_Open-F-Jannik_Sinner-Carlos_Alcaraz,2025 USO M F Sinner-Alcaraz,tv_only_strict,SHOT,129,0.226316
tv_pool_20250907-M-US_Open-F-Jannik_Sinner-Carlos_Alcaraz,2025 USO M F Sinner-Alcaraz,tv_only_strict,JUDGE,90,0.157895
tv_pool_20250907-M-US_Open-F-Jannik_Sinner-Carlos_Alcaraz,2025 USO M F Sinner-Alcaraz,tv_only_strict,STAT,33,0.0578947
tv_pool_20250907-M-US_Open-F-Jannik_Sinner-Carlos_Alcaraz,2025 USO M F Sinner-Alcaraz,tv_only_strict,CROWD,15,0.0263158
tv_pool_20250907-M-US_Open-F-Jannik_Sinner-Carlos_Alcaraz,2025 USO M F Sinner-Alcaraz,tv_only_strict,OTHER,138,0.242105
tv_pool_20250907-M-US_Open-F-Jannik_Sinner-Carlos_Alcaraz,2025 USO M F Sinner-Alcaraz,tv_only_strict,_umpire_mask,115,0.201754
tv_pool_20250907-M-US_Open-F-Jannik_Sinner-Carlos_Alcaraz,2025 USO M F Sinner-Alcaraz,tv_only_cross,SCORE,357,0.133259
tv_pool_20250907-M-US_Open-F-Jannik_Sinner-Carlos_Alcaraz,2025 USO M F Sinner-Alcaraz,tv_only_cross,OFFICIAL,12,0.00447928
tv_pool_20250907-M-US_Open-F-Jannik_Sinner-Carlos_Alcaraz,2025 USO M F Sinner-Alcaraz,tv_only_cross,SHOT,692,0.258305
tv_pool_20250907-M-US_Open-F-Jannik_Sinner-Carlos_Alcaraz,2025 USO M F Sinner-Alcaraz,tv_only_cross,JUDGE,567,0.211646
tv_pool_20250907-M-US_Open-F-Jannik_Sinner-Carlos_Alcaraz,2025 USO M F Sinner-Alcaraz,tv_only_cross,STAT,281,0.10489
tv_pool_20250907-M-US_Open-F-Jannik_Sinner-Carlos_Alcaraz,2025 USO M F Sinner-Alcaraz,tv_only_cross,CROWD,42,0.0156775
tv_pool_20250907-M-US_Open-F-Jannik_Sinner-Carlos_Alcaraz,2025 USO M F Sinner-Alcaraz,tv_only_cross,OTHER,728,0.271743
tv_pool_20250907-M-US_Open-F-Jannik_Sinner-Carlos_Alcaraz,2025 USO M F Sinner-Alcaraz,tv_only_cross,_umpire_mask,178,0.0664427
ALL_TV,20 TV targets pooled,tv_only,SCORE,5471,0.0934607
ALL_TV,20 TV targets pooled,tv_only,OFFICIAL,2690,0.0459531
ALL_TV,20 TV targets pooled,tv_only,SHOT,16298,0.278417
ALL_TV,20 TV targets pooled,tv_only,JUDGE,10687,0.182565
ALL_TV,20 TV targets pooled,tv_only,STAT,5181,0.0885066
ALL_TV,20 TV targets pooled,tv_only,CROWD,1044,0.0178346
ALL_TV,20 TV targets pooled,tv_only,OTHER,17167,0.293262
ALL_TV,20 TV targets pooled,tv_only,_umpire_mask,3404,0.0581503
ALL_TV,20 TV targets pooled,shared,SCORE,10995,0.088439
ALL_TV,20 TV targets pooled,shared,OFFICIAL,1208,0.00971663
ALL_TV,20 TV targets pooled,shared,SHOT,33209,0.267119
ALL_TV,20 TV targets pooled,shared,JUDGE,31731,0.25523
ALL_TV,20 TV targets pooled,shared,STAT,10003,0.0804598
ALL_TV,20 TV targets pooled,shared,CROWD,1364,0.0109714
ALL_TV,20 TV targets pooled,shared,OTHER,35813,0.288064
ALL_TV,20 TV targets pooled,shared,_umpire_mask,2652,0.0213315
ALL_TV,20 TV targets pooled,tv_only_strict,SCORE,1719,0.158535
ALL_TV,20 TV targets pooled,tv_only_strict,OFFICIAL,1226,0.113068
ALL_TV,20 TV targets pooled,tv_only_strict,SHOT,3022,0.278705
ALL_TV,20 TV targets pooled,tv_only_strict,JUDGE,1189,0.109656
ALL_TV,20 TV targets pooled,tv_only_strict,STAT,640,0.0590243
ALL_TV,20 TV targets pooled,tv_only_strict,CROWD,285,0.0262842
ALL_TV,20 TV targets pooled,tv_only_strict,OTHER,2762,0.254727
ALL_TV,20 TV targets pooled,tv_only_strict,_umpire_mask,1909,0.176058
ALL_TV,20 TV targets pooled,tv_only_cross,SCORE,5104,0.0936668
ALL_TV,20 TV targets pooled,tv_only_cross,OFFICIAL,2205,0.0404654
ALL_TV,20 TV targets pooled,tv_only_cross,SHOT,15275,0.280322
ALL_TV,20 TV targets pooled,tv_only_cross,JUDGE,10059,0.184599
ALL_TV,20 TV targets pooled,tv_only_cross,STAT,4874,0.089446
ALL_TV,20 TV targets pooled,tv_only_cross,CROWD,942,0.0172873
ALL_TV,20 TV targets pooled,tv_only_cross,OTHER,16032,0.294214
ALL_TV,20 TV targets pooled,tv_only_cross,_umpire_mask,2953,0.0541924
