tokens,source,target,r,I_tokens,F_types,F_types_n3,Fs_types,M_tokens,M_tokens_comm,obs_n2,obs_n3,shuf_n2,shuf_n3,obs_n2_comm,obs_n3_comm
norm,tv_other19,tv_2019wimF,0,100028,18855,10120,8533,9791,9344,0.609948,0.310081,0.346645,0.0241038,0.591717,0.294949
norm,cornell,tv_2019wimF,0,100023,31477,23140,12059,9791,9344,0.463283,0.191502,0.302829,0.035645,0.451199,0.18964
norm,press_pooled,tv_2019wimF,0,100078,20413,12383,9710,9791,9344,0.470126,0.18088,0.246451,0.00183842,0.457406,0.182042
norm,tv_other19,tv_2019wimF,1,100005,18750,10116,8505,9791,9344,0.607088,0.309468,0.341027,0.0214483,0.58872,0.294092
norm,cornell,tv_2019wimF,1,100028,31473,23298,11997,9791,9344,0.466551,0.198448,0.307936,0.0380962,0.447667,0.196276
norm,press_pooled,tv_2019wimF,1,100035,20389,12239,9595,9791,9344,0.474415,0.182515,0.245123,0.00306404,0.464041,0.18461
norm,tv_other19,tv_2019wimF,2,100063,18910,10194,8591,9791,9344,0.607701,0.311919,0.341436,0.0200184,0.589362,0.296982
norm,cornell,tv_2019wimF,2,100010,31489,23277,12109,9791,9344,0.46461,0.19283,0.301604,0.0422837,0.445741,0.191888
norm,press_pooled,tv_2019wimF,2,100007,20379,12217,9478,9791,9344,0.482178,0.185476,0.241753,0.00224696,0.469499,0.187286
norm,tv_other19,tv_2019wimF,3,100027,18773,10058,8722,9791,9344,0.606884,0.308957,0.339598,0.0205291,0.588506,0.293343
norm,cornell,tv_2019wimF,3,100022,31498,23261,11929,9791,9344,0.469002,0.192728,0.297007,0.0374834,0.450557,0.190176
norm,press_pooled,tv_2019wimF,3,100115,20731,12631,9656,9791,9344,0.474007,0.181187,0.237361,0.00255337,0.46265,0.183326
norm,tv_other19,tv_2019wimF,4,100019,18709,10009,8553,9791,9344,0.605352,0.308447,0.350424,0.0178736,0.587008,0.292594
norm,cornell,tv_2019wimF,4,100011,31282,23025,11919,9791,9344,0.469615,0.200592,0.3062,0.0378919,0.450342,0.198737
norm,press_pooled,tv_2019wimF,4,100131,20404,12266,9495,9791,9344,0.46461,0.18231,0.249719,0.00153202,0.452055,0.183326
norm,tv_other19,tv_2023wimF,0,100010,18448,9821,8544,7216,6886,0.625693,0.323864,0.339662,0.0207871,0.608481,0.309614
norm,cornell,tv_2023wimF,0,100015,31883,23633,12013,7216,6886,0.465493,0.193875,0.286863,0.0329823,0.448737,0.193
norm,press_pooled,tv_2023wimF,0,100025,20339,12306,9688,7216,6886,0.471037,0.177938,0.237805,0.00124723,0.464856,0.182109
norm,tv_other19,tv_2023wimF,1,100009,18542,9922,8494,7216,6886,0.62597,0.325249,0.334812,0.0134424,0.608771,0.310195
norm,cornell,tv_2023wimF,1,100032,31355,23151,12066,7216,6886,0.463276,0.189579,0.289634,0.0286863,0.445251,0.188353
norm,press_pooled,tv_2023wimF,1,100012,20392,12309,9684,7216,6886,0.473808,0.172949,0.236696,0.00166297,0.466308,0.177316
norm,tv_other19,tv_2023wimF,2,100122,18572,9893,8555,7216,6886,0.626386,0.325111,0.340216,0.0173226,0.609207,0.31063
norm,cornell,tv_2023wimF,2,100003,31395,23191,12045,7216,6886,0.465355,0.195538,0.292406,0.0288248,0.445251,0.196921
norm,press_pooled,tv_2023wimF,2,100058,20309,12224,9748,7216,6886,0.465493,0.176275,0.232123,0.000831486,0.457305,0.180947
norm,tv_other19,tv_2023wimF,3,100041,18721,10018,8568,7216,6886,0.626109,0.326081,0.332178,0.0116408,0.609352,0.312082
norm,cornell,tv_2023wimF,3,100014,31399,23129,11965,7216,6886,0.468542,0.202328,0.296563,0.0306264,0.449753,0.199681
norm,press_pooled,tv_2023wimF,3,100088,19945,11899,9501,7216,6886,0.464246,0.178631,0.242378,0.000831486,0.457159,0.18327
norm,tv_other19,tv_2023wimF,4,100009,18577,9918,8639,7216,6886,0.626524,0.325249,0.337029,0.0200942,0.609352,0.309904
norm,cornell,tv_2023wimF,4,100012,31379,23180,11839,7216,6886,0.461197,0.195953,0.294069,0.0295177,0.446558,0.195033
norm,press_pooled,tv_2023wimF,4,100050,20451,12321,9511,7216,6886,0.462306,0.176829,0.240576,0.0029102,0.458176,0.182109
norm,tv_other19,tv_pool_20190126-W-Australian_Open-F-Naomi_Osaka-Petra_Kvitova,0,100106,18611,9957,8498,6527,6506,0.573004,0.285583,0.278842,0.00873296,0.57178,0.284353
norm,cornell,tv_pool_20190126-W-Australian_Open-F-Naomi_Osaka-Petra_Kvitova,0,100049,31288,23053,12033,6527,6506,0.434196,0.186763,0.249272,0.0222154,0.432831,0.186136
norm,press_pooled,tv_pool_20190126-W-Australian_Open-F-Naomi_Osaka-Petra_Kvitova,0,100046,20161,12058,9514,6527,6506,0.446147,0.188448,0.205301,0.000919258,0.445128,0.188134
norm,tv_other19,tv_pool_20190126-W-Australian_Open-F-Naomi_Osaka-Petra_Kvitova,1,100013,18774,10108,8662,6527,6506,0.574383,0.280833,0.283285,0.00888617,0.573163,0.279588
norm,cornell,tv_pool_20190126-W-Australian_Open-F-Naomi_Osaka-Petra_Kvitova,1,100012,31554,23328,11823,6527,6506,0.437873,0.183545,0.248353,0.0214494,0.43652,0.183215
norm,press_pooled,tv_pool_20190126-W-Australian_Open-F-Naomi_Osaka-Petra_Kvitova,1,100063,20686,12465,9652,6527,6506,0.443236,0.182166,0.201164,0.000919258,0.442207,0.181832
norm,tv_other19,tv_pool_20190126-W-Australian_Open-F-Naomi_Osaka-Petra_Kvitova,2,100097,18746,10103,8563,6527,6506,0.575609,0.284817,0.280527,0.01241,0.574393,0.283584
norm,cornell,tv_pool_20190126-W-Australian_Open-F-Naomi_Osaka-Petra_Kvitova,2,100062,31396,23096,11979,6527,6506,0.443236,0.194117,0.247281,0.0251264,0.4419,0.193514
norm,press_pooled,tv_pool_20190126-W-Australian_Open-F-Naomi_Osaka-Petra_Kvitova,2,100095,20737,12585,9611,6527,6506,0.447679,0.180328,0.208825,0.000459629,0.446665,0.180295
norm,tv_other19,tv_pool_20190126-W-Australian_Open-F-Naomi_Osaka-Petra_Kvitova,3,100017,18681,10078,8578,6527,6506,0.572851,0.287881,0.288341,0.00888617,0.571626,0.286658
norm,cornell,tv_pool_20190126-W-Australian_Open-F-Naomi_Osaka-Petra_Kvitova,3,100027,32053,23797,12026,6527,6506,0.443849,0.19044,0.247281,0.0183852,0.442515,0.190132
norm,press_pooled,tv_pool_20190126-W-Australian_Open-F-Naomi_Osaka-Petra_Kvitova,3,100041,20171,12076,9580,6527,6506,0.441704,0.18569,0.211736,0.00183852,0.44067,0.185367
norm,tv_other19,tv_pool_20190126-W-Australian_Open-F-Naomi_Osaka-Petra_Kvitova,4,100036,18691,10033,8595,6527,6506,0.574383,0.290026,0.274552,0.00735407,0.573163,0.28881
norm,cornell,tv_pool_20190126-W-Australian_Open-F-Naomi_Osaka-Petra_Kvitova,4,100035,31555,23372,12080,6527,6506,0.440018,0.188908,0.249732,0.0174659,0.438672,0.188288
norm,press_pooled,tv_pool_20190126-W-Australian_Open-F-Naomi_Osaka-Petra_Kvitova,4,100001,20513,12415,9718,6527,6506,0.445228,0.191359,0.200245,0,0.444205,0.191054
norm,tv_other19,tv_pool_20200202-M-Australian_Open-F-Novak_Djokovic-Dominic_Thiem,0,100052,18575,9949,8535,8371,8282,0.601959,0.319078,0.29877,0.0109903,0.597802,0.314779
norm,cornell,tv_pool_20200202-M-Australian_Open-F-Novak_Djokovic-Dominic_Thiem,0,100012,31438,23250,12076,8371,8282,0.452515,0.19699,0.24549,0.0219806,0.448322,0.194639
norm,press_pooled,tv_pool_20200202-M-Australian_Open-F-Novak_Djokovic-Dominic_Thiem,0,100004,20328,12259,9694,8371,8282,0.475451,0.209294,0.234858,0.00322542,0.472712,0.208887
norm,tv_other19,tv_pool_20200202-M-Australian_Open-F-Novak_Djokovic-Dominic_Thiem,1,100026,18658,9984,8629,8371,8282,0.603871,0.318361,0.307849,0.00967626,0.599734,0.314055
norm,cornell,tv_pool_20200202-M-Australian_Open-F-Novak_Djokovic-Dominic_Thiem,1,100018,31439,23192,12068,8371,8282,0.451559,0.189941,0.231872,0.0193525,0.446993,0.187877
norm,press_pooled,tv_pool_20200202-M-Australian_Open-F-Novak_Djokovic-Dominic_Thiem,1,100000,20400,12214,9777,8371,8282,0.468044,0.200812,0.232828,0.00250866,0.465588,0.200193
norm,tv_other19,tv_pool_20200202-M-Australian_Open-F-Novak_Djokovic-Dominic_Thiem,2,100018,18616,10048,8524,8371,8282,0.599809,0.320033,0.301637,0.0117071,0.595629,0.315745
norm,cornell,tv_pool_20200202-M-Australian_Open-F-Novak_Djokovic-Dominic_Thiem,2,100018,31638,23379,12111,8371,8282,0.458846,0.193884,0.231275,0.0181579,0.455566,0.1915
norm,press_pooled,tv_pool_20200202-M-Australian_Open-F-Novak_Djokovic-Dominic_Thiem,2,100050,20541,12431,9707,8371,8282,0.466253,0.195676,0.22351,0.00215028,0.463898,0.195363
norm,tv_other19,tv_pool_20200202-M-Australian_Open-F-Novak_Djokovic-Dominic_Thiem,3,100020,18553,9928,8566,8371,8282,0.601123,0.315136,0.302473,0.0117071,0.596957,0.310794
norm,cornell,tv_pool_20200202-M-Australian_Open-F-Novak_Djokovic-Dominic_Thiem,3,100047,31548,23311,12032,8371,8282,0.45359,0.19914,0.234978,0.0183968,0.449771,0.197658
norm,press_pooled,tv_pool_20200202-M-Australian_Open-F-Novak_Djokovic-Dominic_Thiem,3,100042,20583,12461,9732,8371,8282,0.467567,0.204157,0.227691,0.00071676,0.465709,0.204419
norm,tv_other19,tv_pool_20200202-M-Australian_Open-F-Novak_Djokovic-Dominic_Thiem,4,100021,18722,10085,8505,8371,8282,0.602437,0.317644,0.301756,0.0117071,0.598285,0.31333
norm,cornell,tv_pool_20200202-M-Australian_Open-F-Novak_Djokovic-Dominic_Thiem,4,100053,32071,23799,12095,8371,8282,0.450962,0.19472,0.238562,0.0173217,0.446752,0.192466
norm,press_pooled,tv_pool_20200202-M-Australian_Open-F-Novak_Djokovic-Dominic_Thiem,4,100038,20538,12369,9728,8371,8282,0.472106,0.199379,0.227332,0.00215028,0.46909,0.198986
norm,tv_other19,tv_pool_20201010-W-Roland_Garros-F-Iga_Swiatek-Sofia_Kenin,0,100012,18751,10055,8668,1597,1587,0.649969,0.329994,0.327489,0.00187852,0.647763,0.328292
norm,cornell,tv_pool_20201010-W-Roland_Garros-F-Iga_Swiatek-Sofia_Kenin,0,100002,31624,23361,11989,1597,1587,0.500313,0.203507,0.267376,0.00939261,0.497164,0.204159
norm,press_pooled,tv_pool_20201010-W-Roland_Garros-F-Iga_Swiatek-Sofia_Kenin,0,100050,20534,12453,9574,1597,1587,0.483406,0.208516,0.246713,0.00375704,0.480151,0.2092
norm,tv_other19,tv_pool_20201010-W-Roland_Garros-F-Iga_Swiatek-Sofia_Kenin,1,100020,18548,9889,8583,1597,1587,0.643081,0.323106,0.310582,0.0131497,0.640832,0.321361
norm,cornell,tv_pool_20201010-W-Roland_Garros-F-Iga_Swiatek-Sofia_Kenin,1,100025,31144,22881,12037,1597,1587,0.505949,0.197245,0.276143,0.0294302,0.504096,0.197858
norm,press_pooled,tv_pool_20201010-W-Roland_Garros-F-Iga_Swiatek-Sofia_Kenin,1,100016,20529,12444,9595,1597,1587,0.499687,0.189105,0.237946,0,0.496534,0.189666
norm,tv_other19,tv_pool_20201010-W-Roland_Garros-F-Iga_Swiatek-Sofia_Kenin,2,100008,18554,9891,8648,1597,1587,0.659987,0.334377,0.328115,0.0200376,0.657845,0.332703
norm,cornell,tv_pool_20201010-W-Roland_Garros-F-Iga_Swiatek-Sofia_Kenin,2,100023,31632,23376,12048,1597,1587,0.496556,0.19975,0.279274,0.0300564,0.497164,0.200378
norm,press_pooled,tv_pool_20201010-W-Roland_Garros-F-Iga_Swiatek-Sofia_Kenin,2,100059,20612,12438,9634,1597,1587,0.469004,0.20288,0.236068,0.00563557,0.465658,0.203529
norm,tv_other19,tv_pool_20201010-W-Roland_Garros-F-Iga_Swiatek-Sofia_Kenin,3,100006,18598,9905,8660,1597,1587,0.654978,0.33062,0.335003,0.00814026,0.652804,0.328922
norm,cornell,tv_pool_20201010-W-Roland_Garros-F-Iga_Swiatek-Sofia_Kenin,3,100011,31567,23361,11999,1597,1587,0.503444,0.210394,0.271133,0.028804,0.500315,0.21109
norm,press_pooled,tv_pool_20201010-W-Roland_Garros-F-Iga_Swiatek-Sofia_Kenin,3,100049,20859,12759,9761,1597,1587,0.483406,0.201628,0.240451,0.00375704,0.480151,0.202268
norm,tv_other19,tv_pool_20201010-W-Roland_Garros-F-Iga_Swiatek-Sofia_Kenin,4,100008,18588,9972,8610,1597,1587,0.651847,0.332498,0.328741,0.0100188,0.649653,0.330813
norm,cornell,tv_pool_20201010-W-Roland_Garros-F-Iga_Swiatek-Sofia_Kenin,4,100057,31994,23779,12115,1597,1587,0.496556,0.190983,0.280526,0.0219161,0.493384,0.192187
norm,press_pooled,tv_pool_20201010-W-Roland_Garros-F-Iga_Swiatek-Sofia_Kenin,4,100106,20297,12298,9653,1597,1587,0.4665,0.197245,0.239198,0.00187852,0.463138,0.197858
norm,tv_other19,tv_pool_20210220-W-Australian_Open-F-Naomi_Osaka-Jennifer_Brady,0,100034,18690,10064,8722,3276,3244,0.612943,0.309219,0.34707,0.015873,0.609125,0.307337
norm,cornell,tv_pool_20210220-W-Australian_Open-F-Naomi_Osaka-Jennifer_Brady,0,100041,31672,23419,12153,3276,3244,0.502137,0.221001,0.314103,0.0314408,0.497226,0.218557
norm,press_pooled,tv_pool_20210220-W-Australian_Open-F-Naomi_Osaka-Jennifer_Brady,0,100030,20130,12012,9438,3276,3244,0.444444,0.172161,0.226801,0.00274725,0.439581,0.173859
norm,tv_other19,tv_pool_20210220-W-Australian_Open-F-Naomi_Osaka-Jennifer_Brady,1,100001,18418,9853,8588,3276,3244,0.607753,0.301282,0.342796,0.018315,0.603884,0.299938
norm,cornell,tv_pool_20210220-W-Australian_Open-F-Naomi_Osaka-Jennifer_Brady,1,100022,31757,23561,12087,3276,3244,0.497558,0.216117,0.301282,0.040293,0.495068,0.213625
norm,press_pooled,tv_pool_20210220-W-Australian_Open-F-Naomi_Osaka-Jennifer_Brady,1,100130,20363,12270,9553,3276,3244,0.462759,0.17094,0.221917,0.000915751,0.458076,0.171085
norm,tv_other19,tv_pool_20210220-W-Australian_Open-F-Naomi_Osaka-Jennifer_Brady,2,100056,18496,9944,8596,3276,3244,0.60989,0.300977,0.327839,0.0189255,0.606042,0.299014
norm,cornell,tv_pool_20210220-W-Australian_Open-F-Naomi_Osaka-Jennifer_Brady,2,100053,31513,23334,12125,3276,3244,0.501221,0.216117,0.296093,0.03663,0.496609,0.213625
norm,press_pooled,tv_pool_20210220-W-Australian_Open-F-Naomi_Osaka-Jennifer_Brady,2,100070,20531,12303,9579,3276,3244,0.460317,0.173687,0.230464,0.00274725,0.45561,0.173551
norm,tv_other19,tv_pool_20210220-W-Australian_Open-F-Naomi_Osaka-Jennifer_Brady,3,100043,18474,9855,8561,3276,3244,0.611111,0.30464,0.329365,0.010989,0.607275,0.303329
norm,cornell,tv_pool_20210220-W-Australian_Open-F-Naomi_Osaka-Jennifer_Brady,3,100050,31803,23541,12199,3276,3244,0.495116,0.211538,0.29884,0.0363248,0.490136,0.209618
norm,press_pooled,tv_pool_20210220-W-Australian_Open-F-Naomi_Osaka-Jennifer_Brady,3,100111,20577,12399,9542,3276,3244,0.451465,0.162393,0.227717,0.000915751,0.446671,0.163379
norm,tv_other19,tv_pool_20210220-W-Australian_Open-F-Naomi_Osaka-Jennifer_Brady,4,100007,18501,9928,8502,3276,3244,0.612027,0.305861,0.339133,0.0128205,0.6082,0.303946
norm,cornell,tv_pool_20210220-W-Australian_Open-F-Naomi_Osaka-Jennifer_Brady,4,100005,31512,23330,11970,3276,3244,0.495421,0.220085,0.311966,0.0338828,0.49291,0.218249
norm,press_pooled,tv_pool_20210220-W-Australian_Open-F-Naomi_Osaka-Jennifer_Brady,4,100045,20496,12290,9536,3276,3244,0.46337,0.186508,0.235958,0,0.458693,0.186806
norm,tv_other19,tv_pool_20210613-M-Roland_Garros-F-Stefanos_Tsitsipas-Novak_Djokovic,0,100014,18722,10071,8538,7837,7757,0.6135,0.310706,0.317979,0.020416,0.609514,0.307464
norm,cornell,tv_pool_20210613-M-Roland_Garros-F-Stefanos_Tsitsipas-Novak_Djokovic,0,100040,31376,23138,12006,7837,7757,0.493301,0.22011,0.29029,0.0315172,0.490525,0.21993
norm,press_pooled,tv_pool_20210613-M-Roland_Garros-F-Stefanos_Tsitsipas-Novak_Djokovic,0,100089,20477,12445,9623,7837,7757,0.459615,0.16588,0.227128,0.001914,0.45546,0.166172
norm,tv_other19,tv_pool_20210613-M-Roland_Garros-F-Stefanos_Tsitsipas-Novak_Djokovic,1,100058,18611,9997,8525,7837,7757,0.61082,0.30994,0.321041,0.0164604,0.606807,0.307077
norm,cornell,tv_pool_20210613-M-Roland_Garros-F-Stefanos_Tsitsipas-Novak_Djokovic,1,100003,31267,22989,11984,7837,7757,0.487431,0.217175,0.282123,0.0347072,0.484595,0.216707
norm,press_pooled,tv_pool_20210613-M-Roland_Garros-F-Stefanos_Tsitsipas-Novak_Djokovic,1,100003,20841,12713,9681,7837,7757,0.470461,0.174939,0.217941,0.0034452,0.466417,0.175326
norm,tv_other19,tv_pool_20210613-M-Roland_Garros-F-Stefanos_Tsitsipas-Novak_Djokovic,2,100012,18641,10010,8581,7837,7757,0.612096,0.312875,0.32321,0.015312,0.608096,0.310043
norm,cornell,tv_pool_20210613-M-Roland_Garros-F-Stefanos_Tsitsipas-Novak_Djokovic,2,100002,31296,23109,11918,7837,7757,0.484752,0.215516,0.282251,0.030624,0.479954,0.215289
norm,press_pooled,tv_pool_20210613-M-Roland_Garros-F-Stefanos_Tsitsipas-Novak_Djokovic,2,100066,20686,12550,9655,7837,7757,0.454766,0.172132,0.22381,0.0033176,0.450174,0.17236
norm,tv_other19,tv_pool_20210613-M-Roland_Garros-F-Stefanos_Tsitsipas-Novak_Djokovic,3,100028,18560,9908,8572,7837,7757,0.612224,0.312875,0.324614,0.017864,0.608225,0.309656
norm,cornell,tv_pool_20210613-M-Roland_Garros-F-Stefanos_Tsitsipas-Novak_Djokovic,3,100007,31194,22903,12151,7837,7757,0.491004,0.216537,0.286079,0.034452,0.486142,0.21645
norm,press_pooled,tv_pool_20210613-M-Roland_Garros-F-Stefanos_Tsitsipas-Novak_Djokovic,3,100094,20525,12307,9679,7837,7757,0.470843,0.163966,0.226873,0.001914,0.466675,0.163207
norm,tv_other19,tv_pool_20210613-M-Roland_Garros-F-Stefanos_Tsitsipas-Novak_Djokovic,4,100021,18708,10038,8430,7837,7757,0.612607,0.31313,0.336353,0.0158224,0.608612,0.3103
norm,cornell,tv_pool_20210613-M-Roland_Garros-F-Stefanos_Tsitsipas-Novak_Djokovic,4,100026,31813,23562,12138,7837,7757,0.488835,0.214623,0.295776,0.0333036,0.48395,0.214258
norm,press_pooled,tv_pool_20210613-M-Roland_Garros-F-Stefanos_Tsitsipas-Novak_Djokovic,4,100040,20688,12545,9658,7837,7757,0.458466,0.165242,0.229552,0.0011484,0.45417,0.16527
norm,tv_other19,tv_pool_20210911-W-US_Open-F-Emma_Raducanu-Leylah_Fernandez,0,100015,18865,10251,8714,3498,3422,0.5506,0.260149,0.263865,0.00571755,0.540912,0.256867
norm,cornell,tv_pool_20210911-W-US_Open-F-Emma_Raducanu-Leylah_Fernandez,0,100038,31518,23269,11987,3498,3422,0.389937,0.14837,0.226129,0.0177244,0.383109,0.145237
norm,press_pooled,tv_pool_20210911-W-US_Open-F-Emma_Raducanu-Leylah_Fernandez,0,100045,20596,12523,9560,3498,3422,0.451973,0.171812,0.202973,0.0025729,0.443892,0.17066
norm,tv_other19,tv_pool_20210911-W-US_Open-F-Emma_Raducanu-Leylah_Fernandez,1,100005,18713,10046,8724,3498,3422,0.552601,0.256718,0.276444,0.00886221,0.542957,0.252484
norm,cornell,tv_pool_20210911-W-US_Open-F-Emma_Raducanu-Leylah_Fernandez,1,100022,31582,23347,12080,3498,3422,0.400515,0.147799,0.223556,0.0220126,0.388077,0.144652
norm,press_pooled,tv_pool_20210911-W-US_Open-F-Emma_Raducanu-Leylah_Fernandez,1,100009,20521,12386,9570,3498,3422,0.457118,0.169525,0.212121,0.0025729,0.449153,0.169492
norm,tv_other19,tv_pool_20210911-W-US_Open-F-Emma_Raducanu-Leylah_Fernandez,2,100022,18892,10211,8660,3498,3422,0.549743,0.258148,0.25729,0.00857633,0.540035,0.253945
norm,cornell,tv_pool_20210911-W-US_Open-F-Emma_Raducanu-Leylah_Fernandez,2,100020,31565,23285,12046,3498,3422,0.412236,0.155517,0.217553,0.0148656,0.400058,0.15225
norm,press_pooled,tv_pool_20210911-W-US_Open-F-Emma_Raducanu-Leylah_Fernandez,2,100070,20659,12573,9776,3498,3422,0.446541,0.166381,0.192682,0.00343053,0.438925,0.1654
norm,tv_other19,tv_pool_20210911-W-US_Open-F-Emma_Raducanu-Leylah_Fernandez,3,100050,18734,10074,8678,3498,3422,0.54574,0.257862,0.269297,0.00686106,0.535944,0.253653
norm,cornell,tv_pool_20210911-W-US_Open-F-Emma_Raducanu-Leylah_Fernandez,3,100014,31571,23343,12029,3498,3422,0.395369,0.151229,0.226415,0.0142939,0.388662,0.147867
norm,press_pooled,tv_pool_20210911-W-US_Open-F-Emma_Raducanu-Leylah_Fernandez,3,100049,20663,12489,9643,3498,3422,0.456832,0.161521,0.200114,0.00171527,0.44886,0.161309
norm,tv_other19,tv_pool_20210911-W-US_Open-F-Emma_Raducanu-Leylah_Fernandez,4,100001,18733,10081,8622,3498,3422,0.549457,0.257004,0.272441,0.00886221,0.539743,0.252776
norm,cornell,tv_pool_20210911-W-US_Open-F-Emma_Raducanu-Leylah_Fernandez,4,100033,31655,23470,11949,3498,3422,0.412236,0.152945,0.229274,0.0200114,0.400058,0.150205
norm,press_pooled,tv_pool_20210911-W-US_Open-F-Emma_Raducanu-Leylah_Fernandez,4,100035,20544,12432,9581,3498,3422,0.457404,0.166953,0.214408,0.0025729,0.449737,0.166277
norm,tv_other19,tv_pool_20220130-M-Australian_Open-F-Rafael_Nadal-Daniil_Medvedev,0,100026,18797,10178,8658,11505,11350,0.596784,0.320035,0.295089,0.00982182,0.591278,0.316652
norm,cornell,tv_pool_20220130-M-Australian_Open-F-Rafael_Nadal-Daniil_Medvedev,0,100014,31712,23476,12051,11505,11350,0.417384,0.178705,0.221382,0.0153846,0.412775,0.1763
norm,press_pooled,tv_pool_20220130-M-Australian_Open-F-Rafael_Nadal-Daniil_Medvedev,0,100103,20109,11971,9607,11505,11350,0.478488,0.210952,0.237983,0.00338983,0.47207,0.211278
norm,tv_other19,tv_pool_20220130-M-Australian_Open-F-Rafael_Nadal-Daniil_Medvedev,1,100054,18760,10129,8654,11505,11350,0.600087,0.321165,0.286397,0.0104302,0.594626,0.317621
norm,cornell,tv_pool_20220130-M-Australian_Open-F-Rafael_Nadal-Daniil_Medvedev,1,100042,31798,23547,12045,11505,11350,0.421643,0.17688,0.22512,0.0143416,0.414361,0.173833
norm,press_pooled,tv_pool_20220130-M-Australian_Open-F-Rafael_Nadal-Daniil_Medvedev,1,100066,20709,12591,9733,11505,11350,0.478053,0.213038,0.230508,0.0013907,0.47163,0.213128
norm,tv_other19,tv_pool_20220130-M-Australian_Open-F-Rafael_Nadal-Daniil_Medvedev,2,100001,18708,10086,8677,11505,11350,0.598349,0.318731,0.293525,0.0111256,0.592863,0.315419
norm,cornell,tv_pool_20220130-M-Australian_Open-F-Rafael_Nadal-Daniil_Medvedev,2,100014,31587,23388,12036,11505,11350,0.422512,0.17714,0.221556,0.0189483,0.414978,0.17533
norm,press_pooled,tv_pool_20220130-M-Australian_Open-F-Rafael_Nadal-Daniil_Medvedev,2,100099,20302,12039,9564,11505,11350,0.480834,0.209909,0.227119,0.00286832,0.474361,0.209692
norm,tv_other19,tv_pool_20220130-M-Australian_Open-F-Rafael_Nadal-Daniil_Medvedev,3,100068,18726,10050,8638,11505,11350,0.596784,0.316471,0.282486,0.00886571,0.591278,0.313216
norm,cornell,tv_pool_20220130-M-Australian_Open-F-Rafael_Nadal-Daniil_Medvedev,3,100005,31741,23465,12148,11505,11350,0.418601,0.175402,0.213125,0.0162538,0.414185,0.173744
norm,press_pooled,tv_pool_20220130-M-Australian_Open-F-Rafael_Nadal-Daniil_Medvedev,3,100032,20619,12473,9845,11505,11350,0.476836,0.214081,0.232595,0.00312907,0.470396,0.21348
norm,tv_other19,tv_pool_20220130-M-Australian_Open-F-Rafael_Nadal-Daniil_Medvedev,4,100035,18819,10185,8579,11505,11350,0.597914,0.316993,0.284833,0.0103433,0.592423,0.313744
norm,cornell,tv_pool_20220130-M-Australian_Open-F-Rafael_Nadal-Daniil_Medvedev,4,100067,31486,23308,12213,11505,11350,0.42312,0.178618,0.218601,0.0166015,0.418678,0.176564
norm,press_pooled,tv_pool_20220130-M-Australian_Open-F-Rafael_Nadal-Daniil_Medvedev,4,100022,20444,12282,9493,11505,11350,0.473968,0.203998,0.232595,0.00365059,0.470308,0.203965
norm,tv_other19,tv_pool_20220531-M-Roland_Garros-QF-Novak_Djokovic-Rafael_Nadal,0,100033,18649,10011,8562,8046,7991,0.61571,0.312578,0.319662,0.0157842,0.613065,0.310349
norm,cornell,tv_pool_20220531-M-Roland_Garros-QF-Novak_Djokovic-Rafael_Nadal,0,100059,31523,23262,12023,8046,7991,0.459732,0.202337,0.274422,0.0262242,0.456764,0.202228
norm,press_pooled,tv_pool_20220531-M-Roland_Garros-QF-Novak_Djokovic-Rafael_Nadal,0,100113,20527,12445,9523,8046,7991,0.472284,0.182327,0.234775,0.00273428,0.469278,0.18183
norm,tv_other19,tv_pool_20220531-M-Roland_Garros-QF-Novak_Djokovic-Rafael_Nadal,1,100017,18648,10018,8566,8046,7991,0.617823,0.311583,0.329729,0.0175242,0.615192,0.309348
norm,cornell,tv_pool_20220531-M-Roland_Garros-QF-Novak_Djokovic-Rafael_Nadal,1,100023,31446,23210,12041,8046,7991,0.45911,0.201964,0.271315,0.0269699,0.456514,0.201226
norm,press_pooled,tv_pool_20220531-M-Roland_Garros-QF-Novak_Djokovic-Rafael_Nadal,1,100044,20526,12347,9682,8046,7991,0.471042,0.179592,0.230674,0.00372856,0.468152,0.179202
norm,tv_other19,tv_pool_20220531-M-Roland_Garros-QF-Novak_Djokovic-Rafael_Nadal,2,100021,18624,10006,8555,8046,7991,0.61919,0.312578,0.328859,0.0178971,0.616569,0.310349
norm,cornell,tv_pool_20220531-M-Roland_Garros-QF-Novak_Djokovic-Rafael_Nadal,2,100023,31844,23606,12203,8046,7991,0.45737,0.214144,0.286478,0.0311956,0.454136,0.21349
norm,press_pooled,tv_pool_20220531-M-Roland_Garros-QF-Novak_Djokovic-Rafael_Nadal,2,100268,20977,12818,9765,8046,7991,0.456997,0.176361,0.240616,0.00410142,0.454011,0.175197
norm,tv_other19,tv_pool_20220531-M-Roland_Garros-QF-Novak_Djokovic-Rafael_Nadal,3,100189,18836,10141,8628,8046,7991,0.621178,0.314442,0.331469,0.0185185,0.618571,0.312351
norm,cornell,tv_pool_20220531-M-Roland_Garros-QF-Novak_Djokovic-Rafael_Nadal,3,100053,31887,23610,11991,8046,7991,0.451653,0.204449,0.279766,0.0316928,0.448505,0.202978
norm,press_pooled,tv_pool_20220531-M-Roland_Garros-QF-Novak_Djokovic-Rafael_Nadal,3,100006,20450,12317,9580,8046,7991,0.464206,0.181332,0.240616,0.00149142,0.461269,0.180703
norm,tv_other19,tv_pool_20220531-M-Roland_Garros-QF-Novak_Djokovic-Rafael_Nadal,4,100000,18707,10093,8583,8046,7991,0.615585,0.312578,0.334949,0.0152871,0.61294,0.310474
norm,cornell,tv_pool_20220531-M-Roland_Garros-QF-Novak_Djokovic-Rafael_Nadal,4,100003,31882,23663,12066,8046,7991,0.454387,0.208054,0.279021,0.0292071,0.451258,0.207609
norm,press_pooled,tv_pool_20220531-M-Roland_Garros-QF-Novak_Djokovic-Rafael_Nadal,4,100076,20629,12493,9582,8046,7991,0.469426,0.181084,0.235894,0.00236142,0.4664,0.180703
norm,tv_other19,tv_pool_20220911-M-US_Open-F-Casper_Ruud-Carlos_Alcaraz,0,100033,18807,10121,8646,6231,6128,0.580645,0.282298,0.297866,0.00914781,0.573597,0.275294
norm,cornell,tv_pool_20220911-M-US_Open-F-Casper_Ruud-Carlos_Alcaraz,0,100015,31638,23459,12131,6231,6128,0.392714,0.148933,0.226769,0.0154068,0.382507,0.14654
norm,press_pooled,tv_pool_20220911-M-US_Open-F-Casper_Ruud-Carlos_Alcaraz,0,100000,20464,12279,9568,6231,6128,0.48692,0.207992,0.230942,0.00192585,0.478786,0.206266
norm,tv_other19,tv_pool_20220911-M-US_Open-F-Casper_Ruud-Carlos_Alcaraz,1,100010,18574,9986,8582,6231,6128,0.578077,0.285347,0.286792,0.00866635,0.570986,0.278557
norm,cornell,tv_pool_20220911-M-US_Open-F-Casper_Ruud-Carlos_Alcaraz,1,100003,31678,23506,12120,6231,6128,0.398491,0.155834,0.221955,0.0166907,0.388708,0.153557
norm,press_pooled,tv_pool_20220911-M-US_Open-F-Casper_Ruud-Carlos_Alcaraz,1,100029,20667,12425,9538,6231,6128,0.491735,0.20061,0.225004,0.000962927,0.483681,0.199249
norm,tv_other19,tv_pool_20220911-M-US_Open-F-Casper_Ruud-Carlos_Alcaraz,2,100041,18646,10032,8495,6231,6128,0.581127,0.283743,0.290323,0.0144439,0.574086,0.277905
norm,cornell,tv_pool_20220911-M-US_Open-F-Casper_Ruud-Carlos_Alcaraz,2,100014,31767,23480,12112,6231,6128,0.399615,0.152303,0.217782,0.0155673,0.394093,0.149315
norm,press_pooled,tv_pool_20220911-M-US_Open-F-Casper_Ruud-Carlos_Alcaraz,2,100111,20245,12200,9569,6231,6128,0.490772,0.214091,0.234473,0.00144439,0.483029,0.211978
norm,tv_other19,tv_pool_20220911-M-US_Open-F-Casper_Ruud-Carlos_Alcaraz,3,100005,18691,10066,8511,6231,6128,0.576312,0.285187,0.296261,0.0121971,0.569191,0.278068
norm,cornell,tv_pool_20220911-M-US_Open-F-Casper_Ruud-Carlos_Alcaraz,3,100045,31602,23355,11952,6231,6128,0.392874,0.155352,0.226288,0.0160488,0.387565,0.154537
norm,press_pooled,tv_pool_20220911-M-US_Open-F-Casper_Ruud-Carlos_Alcaraz,3,100015,20172,12103,9607,6231,6128,0.491093,0.204301,0.246991,0.00433317,0.487598,0.203329
norm,tv_other19,tv_pool_20220911-M-US_Open-F-Casper_Ruud-Carlos_Alcaraz,4,100007,18544,9931,8507,6231,6128,0.57904,0.286952,0.290483,0.00995025,0.571965,0.280189
norm,cornell,tv_pool_20220911-M-US_Open-F-Casper_Ruud-Carlos_Alcaraz,4,100076,31545,23287,12098,6231,6128,0.396084,0.155031,0.231905,0.0223078,0.390992,0.153884
norm,press_pooled,tv_pool_20220911-M-US_Open-F-Casper_Ruud-Carlos_Alcaraz,4,100079,20615,12504,9633,6231,6128,0.487081,0.212486,0.235115,0.00288878,0.479275,0.211978
norm,tv_other19,tv_pool_20230610-W-Roland_Garros-F-Iga_Swiatek-Karolina_Muchova,0,100192,18606,9953,8568,3800,3762,0.641579,0.335263,0.339211,0.0113158,0.637959,0.33227
norm,cornell,tv_pool_20230610-W-Roland_Garros-F-Iga_Swiatek-Karolina_Muchova,0,100023,31258,23002,12037,3800,3762,0.491053,0.223947,0.292895,0.0268421,0.487241,0.224615
norm,press_pooled,tv_pool_20230610-W-Roland_Garros-F-Iga_Swiatek-Karolina_Muchova,0,100067,20132,12065,9552,3800,3762,0.471316,0.205526,0.239211,0.00236842,0.466507,0.204944
norm,tv_other19,tv_pool_20230610-W-Roland_Garros-F-Iga_Swiatek-Karolina_Muchova,1,100031,18687,10086,8624,3800,3762,0.636053,0.335263,0.324211,0.0123684,0.632376,0.331738
norm,cornell,tv_pool_20230610-W-Roland_Garros-F-Iga_Swiatek-Karolina_Muchova,1,100037,31388,23217,12188,3800,3762,0.500263,0.221842,0.279211,0.0202632,0.495747,0.222222
norm,press_pooled,tv_pool_20230610-W-Roland_Garros-F-Iga_Swiatek-Karolina_Muchova,1,100052,20918,12766,9741,3800,3762,0.485526,0.204474,0.236579,0.00157895,0.480861,0.202818
norm,tv_other19,tv_pool_20230610-W-Roland_Garros-F-Iga_Swiatek-Karolina_Muchova,2,100052,18699,9999,8628,3800,3762,0.638947,0.333684,0.330789,0.015,0.6353,0.331207
norm,cornell,tv_pool_20230610-W-Roland_Garros-F-Iga_Swiatek-Karolina_Muchova,2,100018,31582,23299,11991,3800,3762,0.496579,0.231053,0.294211,0.0239474,0.492026,0.230994
norm,press_pooled,tv_pool_20230610-W-Roland_Garros-F-Iga_Swiatek-Karolina_Muchova,2,100071,20445,12335,9658,3800,3762,0.483158,0.202632,0.247368,0,0.478469,0.202286
norm,tv_other19,tv_pool_20230610-W-Roland_Garros-F-Iga_Swiatek-Karolina_Muchova,3,100044,18610,9977,8461,3800,3762,0.639474,0.329474,0.319474,0.0134211,0.635832,0.326954
norm,cornell,tv_pool_20230610-W-Roland_Garros-F-Iga_Swiatek-Karolina_Muchova,3,100008,31452,23157,12123,3800,3762,0.496579,0.222632,0.278947,0.0210526,0.495215,0.221956
norm,press_pooled,tv_pool_20230610-W-Roland_Garros-F-Iga_Swiatek-Karolina_Muchova,3,100023,20671,12659,9555,3800,3762,0.484211,0.205263,0.245789,0.00236842,0.480064,0.204678
norm,tv_other19,tv_pool_20230610-W-Roland_Garros-F-Iga_Swiatek-Karolina_Muchova,4,100009,18542,9894,8581,3800,3762,0.636316,0.336316,0.326053,0.0207895,0.632642,0.332802
norm,cornell,tv_pool_20230610-W-Roland_Garros-F-Iga_Swiatek-Karolina_Muchova,4,100009,31710,23523,12088,3800,3762,0.5,0.232895,0.293158,0.0289474,0.498671,0.232589
norm,press_pooled,tv_pool_20230610-W-Roland_Garros-F-Iga_Swiatek-Karolina_Muchova,4,100063,20394,12378,9577,3800,3762,0.491842,0.203684,0.251579,0.00157895,0.487772,0.203083
norm,tv_other19,tv_pool_20230910-M-US_Open-F-Novak_Djokovic-Daniil_Medvedev,0,100032,18666,10039,8591,5992,5901,0.605307,0.305908,0.312917,0.0133511,0.59922,0.301983
norm,cornell,tv_pool_20230910-M-US_Open-F-Novak_Djokovic-Daniil_Medvedev,0,100053,31635,23299,11911,5992,5901,0.433745,0.177737,0.253838,0.0221963,0.427385,0.178275
norm,press_pooled,tv_pool_20230910-M-US_Open-F-Novak_Djokovic-Daniil_Medvedev,0,100035,20972,12875,9687,5992,5901,0.470461,0.186916,0.223632,0.00183578,0.465345,0.187934
norm,tv_other19,tv_pool_20230910-M-US_Open-F-Novak_Djokovic-Daniil_Medvedev,1,100013,18689,10001,8475,5992,5901,0.604973,0.306742,0.312917,0.0125167,0.598882,0.302661
norm,cornell,tv_pool_20230910-M-US_Open-F-Novak_Djokovic-Daniil_Medvedev,1,100025,31524,23293,12096,5992,5901,0.436582,0.182243,0.254172,0.0318758,0.428571,0.182173
norm,press_pooled,tv_pool_20230910-M-US_Open-F-Novak_Djokovic-Daniil_Medvedev,1,100069,19928,11867,9557,5992,5901,0.478304,0.188418,0.236983,0.00250334,0.473479,0.18912
norm,tv_other19,tv_pool_20230910-M-US_Open-F-Novak_Djokovic-Daniil_Medvedev,2,100072,18696,10070,8577,5992,5901,0.602303,0.31275,0.313752,0.01502,0.59617,0.308422
norm,cornell,tv_pool_20230910-M-US_Open-F-Novak_Djokovic-Daniil_Medvedev,2,100020,31643,23412,11929,5992,5901,0.435748,0.174399,0.254506,0.0238652,0.427894,0.174716
norm,press_pooled,tv_pool_20230910-M-US_Open-F-Novak_Djokovic-Daniil_Medvedev,2,100021,20126,12051,9536,5992,5901,0.488485,0.200601,0.231809,0.00100134,0.483308,0.201152
norm,tv_other19,tv_pool_20230910-M-US_Open-F-Novak_Djokovic-Daniil_Medvedev,3,100006,18763,10117,8585,5992,5901,0.602804,0.302403,0.304072,0.0110147,0.596679,0.298932
norm,cornell,tv_pool_20230910-M-US_Open-F-Novak_Djokovic-Daniil_Medvedev,3,100026,31618,23314,11937,5992,5901,0.433244,0.173064,0.260347,0.0208611,0.425521,0.17336
norm,press_pooled,tv_pool_20230910-M-US_Open-F-Novak_Djokovic-Daniil_Medvedev,3,100047,20453,12388,9591,5992,5901,0.463785,0.188752,0.234646,0,0.458227,0.189459
norm,tv_other19,tv_pool_20230910-M-US_Open-F-Novak_Djokovic-Daniil_Medvedev,4,100062,18595,9937,8607,5992,5901,0.607477,0.304406,0.315087,0.0171896,0.601423,0.300627
norm,cornell,tv_pool_20230910-M-US_Open-F-Novak_Djokovic-Daniil_Medvedev,4,100019,31716,23509,12040,5992,5901,0.431575,0.178905,0.260681,0.0213618,0.423657,0.179292
norm,press_pooled,tv_pool_20230910-M-US_Open-F-Novak_Djokovic-Daniil_Medvedev,4,100021,20254,12078,9518,5992,5901,0.481475,0.190754,0.228471,0.00250334,0.476529,0.190476
norm,tv_other19,tv_pool_20240128-M-Australian_Open-F-Jannik_Sinner-Daniil_Medvedev,0,100050,18686,10073,8650,9256,9175,0.584918,0.304343,0.285869,0.0105877,0.581253,0.302779
norm,cornell,tv_pool_20240128-M-Australian_Open-F-Jannik_Sinner-Daniil_Medvedev,0,100065,31444,23144,11996,9256,9175,0.406223,0.165622,0.21694,0.0181504,0.404796,0.166104
norm,press_pooled,tv_pool_20240128-M-Australian_Open-F-Jannik_Sinner-Daniil_Medvedev,0,100003,20751,12631,9677,9256,9175,0.461214,0.185069,0.219965,0.0022688,0.457657,0.18594
norm,tv_other19,tv_pool_20240128-M-Australian_Open-F-Jannik_Sinner-Daniil_Medvedev,1,100066,18628,10006,8551,9256,9175,0.581137,0.302831,0.283816,0.00745462,0.577439,0.301035
norm,cornell,tv_pool_20240128-M-Australian_Open-F-Jannik_Sinner-Daniil_Medvedev,1,100012,31485,23237,11855,9256,9175,0.412489,0.165406,0.217156,0.0159896,0.407411,0.165668
norm,press_pooled,tv_pool_20240128-M-Australian_Open-F-Jannik_Sinner-Daniil_Medvedev,1,100047,20360,12287,9608,9256,9175,0.456569,0.18885,0.212943,0.0022688,0.452861,0.189101
norm,tv_other19,tv_pool_20240128-M-Australian_Open-F-Jannik_Sinner-Daniil_Medvedev,2,100021,18655,10017,8601,9256,9175,0.583729,0.303803,0.292783,0.00950735,0.580054,0.302016
norm,cornell,tv_pool_20240128-M-Australian_Open-F-Jannik_Sinner-Daniil_Medvedev,2,100010,31482,23301,12008,9256,9175,0.405683,0.158492,0.222018,0.0217156,0.40436,0.158692
norm,press_pooled,tv_pool_20240128-M-Australian_Open-F-Jannik_Sinner-Daniil_Medvedev,2,100014,20480,12332,9541,9256,9175,0.454516,0.188202,0.218129,0.0022688,0.45079,0.18921
norm,tv_other19,tv_pool_20240128-M-Australian_Open-F-Jannik_Sinner-Daniil_Medvedev,3,100066,18698,10039,8661,9256,9175,0.586322,0.302615,0.285977,0.0101556,0.58267,0.300817
norm,cornell,tv_pool_20240128-M-Australian_Open-F-Jannik_Sinner-Daniil_Medvedev,3,100021,31349,23088,12097,9256,9175,0.410653,0.160653,0.21694,0.0192308,0.405559,0.160872
norm,press_pooled,tv_pool_20240128-M-Australian_Open-F-Jannik_Sinner-Daniil_Medvedev,3,100159,20839,12797,9649,9256,9175,0.456245,0.187554,0.207649,0.00399741,0.452425,0.188011
norm,tv_other19,tv_pool_20240128-M-Australian_Open-F-Jannik_Sinner-Daniil_Medvedev,4,100021,18693,10012,8515,9256,9175,0.584594,0.300454,0.280143,0.0132887,0.580926,0.299292
norm,cornell,tv_pool_20240128-M-Australian_Open-F-Jannik_Sinner-Daniil_Medvedev,4,100010,31594,23339,12118,9256,9175,0.411409,0.170052,0.21586,0.0191227,0.406649,0.170354
norm,press_pooled,tv_pool_20240128-M-Australian_Open-F-Jannik_Sinner-Daniil_Medvedev,4,100069,20533,12476,9706,9256,9175,0.467048,0.195333,0.223315,0.00356525,0.463324,0.196076
norm,tv_other19,tv_pool_20240608-W-Roland_Garros-F-Iga_Swiatek-Jasmine_Paolini,0,100061,18555,9909,8525,2368,2341,0.658784,0.326436,0.346284,0.0160473,0.654848,0.322939
norm,cornell,tv_pool_20240608-W-Roland_Garros-F-Iga_Swiatek-Jasmine_Paolini,0,100019,31434,23146,12034,2368,2341,0.514358,0.236064,0.302787,0.0346284,0.509611,0.231525
norm,press_pooled,tv_pool_20240608-W-Roland_Garros-F-Iga_Swiatek-Jasmine_Paolini,0,100116,20309,12123,9564,2368,2341,0.494088,0.218328,0.271537,0,0.488253,0.214865
norm,tv_other19,tv_pool_20240608-W-Roland_Garros-F-Iga_Swiatek-Jasmine_Paolini,1,100025,18471,9869,8599,2368,2341,0.660895,0.329392,0.340372,0.00548986,0.656984,0.325929
norm,cornell,tv_pool_20240608-W-Roland_Garros-F-Iga_Swiatek-Jasmine_Paolini,1,100168,31414,23046,12087,2368,2341,0.527872,0.240709,0.306588,0.0291385,0.522426,0.236224
norm,press_pooled,tv_pool_20240608-W-Roland_Garros-F-Iga_Swiatek-Jasmine_Paolini,1,100003,20369,12390,9682,2368,2341,0.486064,0.211571,0.249578,0.00760135,0.480137,0.209739
norm,tv_other19,tv_pool_20240608-W-Roland_Garros-F-Iga_Swiatek-Jasmine_Paolini,2,100039,18598,9933,8570,2368,2341,0.660895,0.334882,0.350507,0.0101351,0.656984,0.331482
norm,cornell,tv_pool_20240608-W-Roland_Garros-F-Iga_Swiatek-Jasmine_Paolini,2,100036,31601,23314,12087,2368,2341,0.530828,0.241554,0.300253,0.0282939,0.525416,0.237078
norm,press_pooled,tv_pool_20240608-W-Roland_Garros-F-Iga_Swiatek-Jasmine_Paolini,2,100098,20546,12328,9577,2368,2341,0.496622,0.20777,0.264358,0.00380068,0.490816,0.203759
norm,tv_other19,tv_pool_20240608-W-Roland_Garros-F-Iga_Swiatek-Jasmine_Paolini,3,100005,18535,9865,8502,2368,2341,0.659206,0.331926,0.345439,0.019848,0.655276,0.328492
norm,cornell,tv_pool_20240608-W-Roland_Garros-F-Iga_Swiatek-Jasmine_Paolini,3,100050,31434,23165,11966,2368,2341,0.518581,0.243243,0.293074,0.0380068,0.513883,0.238787
norm,press_pooled,tv_pool_20240608-W-Roland_Garros-F-Iga_Swiatek-Jasmine_Paolini,3,100063,20730,12568,9737,2368,2341,0.492821,0.206503,0.244088,0.00126689,0.486971,0.204613
norm,tv_other19,tv_pool_20240608-W-Roland_Garros-F-Iga_Swiatek-Jasmine_Paolini,4,100164,18546,9916,8540,2368,2341,0.664274,0.329814,0.359375,0.0139358,0.660402,0.326356
norm,cornell,tv_pool_20240608-W-Roland_Garros-F-Iga_Swiatek-Jasmine_Paolini,4,100035,32000,23719,12063,2368,2341,0.518159,0.243666,0.315878,0.0405405,0.512601,0.239214
norm,press_pooled,tv_pool_20240608-W-Roland_Garros-F-Iga_Swiatek-Jasmine_Paolini,4,100142,20556,12369,9627,2368,2341,0.5,0.205659,0.252956,0.00253378,0.494233,0.204613
norm,tv_other19,tv_pool_20240713-W-Wimbledon-F-Jasmine_Paolini-Barbora_Krejcikova,0,100020,18716,10114,8499,3825,3726,0.582484,0.299608,0.275817,0.0120261,0.57139,0.291734
norm,cornell,tv_pool_20240713-W-Wimbledon-F-Jasmine_Paolini-Barbora_Krejcikova,0,100032,31882,23487,12030,3825,3726,0.453595,0.175425,0.256993,0.025098,0.442566,0.173108
norm,press_pooled,tv_pool_20240713-W-Wimbledon-F-Jasmine_Paolini-Barbora_Krejcikova,0,100237,20359,12314,9649,3825,3726,0.440261,0.177255,0.206275,0.000784314,0.432099,0.179817
norm,tv_other19,tv_pool_20240713-W-Wimbledon-F-Jasmine_Paolini-Barbora_Krejcikova,1,100000,18763,10140,8557,3825,3726,0.583791,0.293856,0.278954,0.0169935,0.572732,0.285293
norm,cornell,tv_pool_20240713-W-Wimbledon-F-Jasmine_Paolini-Barbora_Krejcikova,1,100003,31542,23191,11968,3825,3726,0.46719,0.186667,0.259608,0.025098,0.455448,0.184917
norm,press_pooled,tv_pool_20240713-W-Wimbledon-F-Jasmine_Paolini-Barbora_Krejcikova,1,100042,20552,12442,9641,3825,3726,0.425882,0.177255,0.207582,0.00156863,0.417874,0.179281
norm,tv_other19,tv_pool_20240713-W-Wimbledon-F-Jasmine_Paolini-Barbora_Krejcikova,2,100007,18454,9783,8623,3825,3726,0.581699,0.294379,0.281307,0.0109804,0.570585,0.285829
norm,cornell,tv_pool_20240713-W-Wimbledon-F-Jasmine_Paolini-Barbora_Krejcikova,2,100004,31649,23431,12142,3825,3726,0.455163,0.183007,0.246275,0.0156863,0.444176,0.180354
norm,press_pooled,tv_pool_20240713-W-Wimbledon-F-Jasmine_Paolini-Barbora_Krejcikova,2,100062,20399,12215,9678,3825,3726,0.454379,0.193203,0.211242,0.00470588,0.446592,0.195921
norm,tv_other19,tv_pool_20240713-W-Wimbledon-F-Jasmine_Paolini-Barbora_Krejcikova,3,100014,18681,10007,8470,3825,3726,0.580392,0.297255,0.27451,0.0101961,0.569243,0.289318
norm,cornell,tv_pool_20240713-W-Wimbledon-F-Jasmine_Paolini-Barbora_Krejcikova,3,100024,31779,23394,12008,3825,3726,0.461961,0.18902,0.242614,0.0211765,0.450081,0.187064
norm,press_pooled,tv_pool_20240713-W-Wimbledon-F-Jasmine_Paolini-Barbora_Krejcikova,3,100017,20212,12140,9454,3825,3726,0.431111,0.177778,0.203922,0.00418301,0.424316,0.180086
norm,tv_other19,tv_pool_20240713-W-Wimbledon-F-Jasmine_Paolini-Barbora_Krejcikova,4,100023,18714,10095,8685,3825,3726,0.582222,0.296471,0.294118,0.00575163,0.571122,0.288513
norm,cornell,tv_pool_20240713-W-Wimbledon-F-Jasmine_Paolini-Barbora_Krejcikova,4,100011,31439,23149,11882,3825,3726,0.467712,0.186405,0.253072,0.019085,0.457059,0.185185
norm,press_pooled,tv_pool_20240713-W-Wimbledon-F-Jasmine_Paolini-Barbora_Krejcikova,4,100017,20408,12403,9548,3825,3726,0.449412,0.178301,0.207582,0.00156863,0.442297,0.177134
norm,tv_other19,tv_pool_20240908-M-US_Open-F-Taylor_Fritz-Jannik_Sinner,0,100047,18852,10208,8646,5756,5709,0.540827,0.244093,0.268937,0.0107714,0.537047,0.241373
norm,cornell,tv_pool_20240908-M-US_Open-F-Taylor_Fritz-Jannik_Sinner,0,100084,31423,23225,12041,5756,5709,0.368311,0.142981,0.214906,0.0135511,0.363987,0.142407
norm,press_pooled,tv_pool_20240908-M-US_Open-F-Taylor_Fritz-Jannik_Sinner,0,100019,20424,12356,9470,5756,5709,0.437457,0.152363,0.19788,0.00156359,0.433526,0.152916
norm,tv_other19,tv_pool_20240908-M-US_Open-F-Taylor_Fritz-Jannik_Sinner,1,100039,18759,10105,8575,5756,5709,0.537526,0.243224,0.275017,0.0128562,0.533719,0.240497
norm,cornell,tv_pool_20240908-M-US_Open-F-Taylor_Fritz-Jannik_Sinner,1,100041,31841,23680,11990,5756,5709,0.366053,0.14246,0.227936,0.023975,0.361184,0.141881
norm,press_pooled,tv_pool_20240908-M-US_Open-F-Taylor_Fritz-Jannik_Sinner,1,100009,20434,12320,9587,5756,5709,0.433461,0.160876,0.21647,0.00104239,0.429322,0.161149
norm,tv_other19,tv_pool_20240908-M-US_Open-F-Taylor_Fritz-Jannik_Sinner,2,100121,18782,10197,8552,5756,5709,0.537352,0.242703,0.280751,0.0133773,0.533544,0.239972
norm,cornell,tv_pool_20240908-M-US_Open-F-Taylor_Fritz-Jannik_Sinner,2,100068,31780,23526,11933,5756,5709,0.364142,0.143676,0.231063,0.0224114,0.359257,0.143107
norm,press_pooled,tv_pool_20240908-M-US_Open-F-Taylor_Fritz-Jannik_Sinner,2,100079,20326,12319,9488,5756,5709,0.430507,0.164177,0.210563,0.00208478,0.42722,0.164652
norm,tv_other19,tv_pool_20240908-M-US_Open-F-Taylor_Fritz-Jannik_Sinner,3,100006,18801,10175,8620,5756,5709,0.539611,0.247394,0.26581,0.0151147,0.535821,0.244701
norm,cornell,tv_pool_20240908-M-US_Open-F-Taylor_Fritz-Jannik_Sinner,3,100006,31343,23146,11882,5756,5709,0.370049,0.138464,0.21647,0.0267547,0.365213,0.138028
norm,press_pooled,tv_pool_20240908-M-US_Open-F-Taylor_Fritz-Jannik_Sinner,3,100098,20702,12576,9781,5756,5709,0.427901,0.161744,0.211084,0.00156359,0.424242,0.162375
norm,tv_other19,tv_pool_20240908-M-US_Open-F-Taylor_Fritz-Jannik_Sinner,4,100040,18826,10171,8689,5756,5709,0.534573,0.244788,0.277623,0.0138985,0.530741,0.242074
norm,cornell,tv_pool_20240908-M-US_Open-F-Taylor_Fritz-Jannik_Sinner,4,100020,31349,23111,12108,5756,5709,0.370396,0.142808,0.225156,0.0198054,0.365563,0.142232
norm,press_pooled,tv_pool_20240908-M-US_Open-F-Taylor_Fritz-Jannik_Sinner,4,100030,20598,12446,9665,5756,5709,0.435719,0.156706,0.212474,0.00260598,0.431774,0.156945
norm,tv_other19,tv_pool_20250124-M-Australian_Open-SF-Jannik_Sinner-Ben_Shelton,0,100058,18547,9976,8571,7113,7001,0.609307,0.319556,0.311683,0.0172923,0.603342,0.314669
norm,cornell,tv_pool_20250124-M-Australian_Open-SF-Jannik_Sinner-Ben_Shelton,0,100007,31495,23188,11936,7113,7001,0.443273,0.182202,0.240967,0.0257275,0.435652,0.181974
norm,press_pooled,tv_pool_20250124-M-Australian_Open-SF-Jannik_Sinner-Ben_Shelton,0,100003,20532,12453,9642,7113,7001,0.49037,0.220441,0.254323,0.00379587,0.486359,0.219969
norm,tv_other19,tv_pool_20250124-M-Australian_Open-SF-Jannik_Sinner-Ben_Shelton,1,100177,18729,10104,8462,7113,7001,0.611416,0.320118,0.301701,0.0106847,0.605485,0.315241
norm,cornell,tv_pool_20250124-M-Australian_Open-SF-Jannik_Sinner-Ben_Shelton,1,100011,31580,23368,12046,7113,7001,0.435259,0.170533,0.252214,0.0210881,0.427939,0.170119
norm,press_pooled,tv_pool_20250124-M-Australian_Open-SF-Jannik_Sinner-Ben_Shelton,1,100079,20480,12335,9725,7113,7001,0.493463,0.218754,0.252777,0.00379587,0.489216,0.218826
norm,tv_other19,tv_pool_20250124-M-Australian_Open-SF-Jannik_Sinner-Ben_Shelton,2,100001,18570,10002,8658,7113,7001,0.611135,0.317447,0.307746,0.0115282,0.605199,0.31267
norm,cornell,tv_pool_20250124-M-Australian_Open-SF-Jannik_Sinner-Ben_Shelton,2,100038,31312,23064,12145,7113,7001,0.441445,0.176156,0.237734,0.0244623,0.433795,0.175832
norm,press_pooled,tv_pool_20250124-M-Australian_Open-SF-Jannik_Sinner-Ben_Shelton,2,100081,20846,12743,9711,7113,7001,0.486433,0.21285,0.249262,0.00253058,0.483788,0.212684
norm,tv_other19,tv_pool_20250124-M-Australian_Open-SF-Jannik_Sinner-Ben_Shelton,3,100010,18609,9987,8709,7113,7001,0.610853,0.313932,0.305075,0.011247,0.604914,0.308956
norm,cornell,tv_pool_20250124-M-Australian_Open-SF-Jannik_Sinner-Ben_Shelton,3,100014,31440,23220,12015,7113,7001,0.438212,0.189793,0.237734,0.0226346,0.430938,0.188402
norm,press_pooled,tv_pool_20250124-M-Australian_Open-SF-Jannik_Sinner-Ben_Shelton,3,100013,20625,12486,9662,7113,7001,0.486855,0.214537,0.248418,0.00168705,0.483217,0.214255
norm,tv_other19,tv_pool_20250124-M-Australian_Open-SF-Jannik_Sinner-Ben_Shelton,4,100010,18579,9960,8694,7113,7001,0.610572,0.318712,0.309855,0.0111064,0.604628,0.313812
norm,cornell,tv_pool_20250124-M-Australian_Open-SF-Jannik_Sinner-Ben_Shelton,4,100010,31363,23094,11944,7113,7001,0.437649,0.178125,0.244623,0.0202446,0.429796,0.176546
norm,press_pooled,tv_pool_20250124-M-Australian_Open-SF-Jannik_Sinner-Ben_Shelton,4,100052,20595,12552,9649,7113,7001,0.486996,0.206664,0.251652,0.00210881,0.482931,0.206256
norm,tv_other19,tv_pool_20250712-W-Wimbledon-F-Amanda_Anisimova-Iga_Swiatek,0,100036,18649,10054,8621,2592,2572,0.531636,0.238812,0.273148,0.0131173,0.527994,0.236003
norm,cornell,tv_pool_20250712-W-Wimbledon-F-Amanda_Anisimova-Iga_Swiatek,0,100007,31393,23231,12039,2592,2572,0.383102,0.153549,0.221836,0.0177469,0.378305,0.151633
norm,press_pooled,tv_pool_20250712-W-Wimbledon-F-Amanda_Anisimova-Iga_Swiatek,0,100057,20800,12568,9545,2592,2572,0.467593,0.175154,0.222994,0,0.463841,0.174184
norm,tv_other19,tv_pool_20250712-W-Wimbledon-F-Amanda_Anisimova-Iga_Swiatek,1,100020,18718,10064,8595,2592,2572,0.525463,0.24267,0.258488,0.00925926,0.521773,0.239891
norm,cornell,tv_pool_20250712-W-Wimbledon-F-Amanda_Anisimova-Iga_Swiatek,1,100068,31515,23192,12079,2592,2572,0.384645,0.139275,0.226466,0.0243056,0.381415,0.138025
norm,press_pooled,tv_pool_20250712-W-Wimbledon-F-Amanda_Anisimova-Iga_Swiatek,1,100043,20336,12248,9577,2592,2572,0.462577,0.176698,0.23804,0.00115741,0.459176,0.175739
norm,tv_other19,tv_pool_20250712-W-Wimbledon-F-Amanda_Anisimova-Iga_Swiatek,2,100003,18809,10092,8604,2592,2572,0.525463,0.240355,0.26659,0.00501543,0.521773,0.237558
norm,cornell,tv_pool_20250712-W-Wimbledon-F-Amanda_Anisimova-Iga_Swiatek,2,100030,31949,23695,11920,2592,2572,0.381944,0.139275,0.221836,0.0196759,0.377138,0.138025
norm,press_pooled,tv_pool_20250712-W-Wimbledon-F-Amanda_Anisimova-Iga_Swiatek,2,100031,20065,12038,9704,2592,2572,0.462963,0.172068,0.239583,0.00115741,0.459176,0.171073
norm,tv_other19,tv_pool_20250712-W-Wimbledon-F-Amanda_Anisimova-Iga_Swiatek,3,100005,18794,10176,8548,2592,2572,0.527778,0.248071,0.260417,0.00733025,0.524106,0.245334
norm,cornell,tv_pool_20250712-W-Wimbledon-F-Amanda_Anisimova-Iga_Swiatek,3,100020,31513,23247,12003,2592,2572,0.378858,0.146605,0.225694,0.0239198,0.374028,0.144635
norm,press_pooled,tv_pool_20250712-W-Wimbledon-F-Amanda_Anisimova-Iga_Swiatek,3,100008,20352,12200,9638,2592,2572,0.479938,0.177855,0.241512,0.00115741,0.476283,0.176905
norm,tv_other19,tv_pool_20250712-W-Wimbledon-F-Amanda_Anisimova-Iga_Swiatek,4,100054,18604,10029,8501,2592,2572,0.528935,0.241127,0.262731,0.0119599,0.525272,0.238336
norm,cornell,tv_pool_20250712-W-Wimbledon-F-Amanda_Anisimova-Iga_Swiatek,4,100001,31390,23107,12030,2592,2572,0.378086,0.143519,0.236111,0.0192901,0.374806,0.142691
norm,press_pooled,tv_pool_20250712-W-Wimbledon-F-Amanda_Anisimova-Iga_Swiatek,4,100040,20166,12078,9442,2592,2572,0.478781,0.181713,0.217978,0.00115741,0.475117,0.180793
norm,tv_other19,tv_pool_20250907-M-US_Open-F-Jannik_Sinner-Carlos_Alcaraz,0,100007,18712,10038,8518,6085,5990,0.57272,0.279211,0.275431,0.0134758,0.56611,0.275793
norm,cornell,tv_pool_20250907-M-US_Open-F-Jannik_Sinner-Carlos_Alcaraz,0,100017,31296,23046,12042,6085,5990,0.423993,0.175021,0.233525,0.0248151,0.415526,0.176127
norm,press_pooled,tv_pool_20250907-M-US_Open-F-Jannik_Sinner-Carlos_Alcaraz,0,100023,20227,12117,9605,6085,5990,0.441742,0.168611,0.205094,0.000986031,0.435726,0.170284
norm,tv_other19,tv_pool_20250907-M-US_Open-F-Jannik_Sinner-Carlos_Alcaraz,1,100013,18701,10015,8589,6085,5990,0.572884,0.283648,0.281676,0.011668,0.566277,0.280134
norm,cornell,tv_pool_20250907-M-US_Open-F-Jannik_Sinner-Carlos_Alcaraz,1,100029,31640,23419,12100,6085,5990,0.418735,0.171569,0.227116,0.0188989,0.411018,0.172621
norm,press_pooled,tv_pool_20250907-M-US_Open-F-Jannik_Sinner-Carlos_Alcaraz,1,100001,20496,12387,9616,6085,5990,0.439606,0.171076,0.208217,0.00345111,0.435225,0.172788
norm,tv_other19,tv_pool_20250907-M-US_Open-F-Jannik_Sinner-Carlos_Alcaraz,2,100012,18748,10123,8636,6085,5990,0.571076,0.280855,0.285949,0.00542317,0.564441,0.277295
norm,cornell,tv_pool_20250907-M-US_Open-F-Jannik_Sinner-Carlos_Alcaraz,2,100035,31400,23099,11978,6085,5990,0.421693,0.173377,0.233361,0.0175842,0.418364,0.174624
norm,press_pooled,tv_pool_20250907-M-US_Open-F-Jannik_Sinner-Carlos_Alcaraz,2,100011,20508,12394,9575,6085,5990,0.431882,0.167461,0.213311,0.00197206,0.425543,0.168781
norm,tv_other19,tv_pool_20250907-M-US_Open-F-Jannik_Sinner-Carlos_Alcaraz,3,100019,18645,10001,8719,6085,5990,0.569762,0.277896,0.277568,0.0105177,0.563105,0.27429
norm,cornell,tv_pool_20250907-M-US_Open-F-Jannik_Sinner-Carlos_Alcaraz,3,100005,31697,23435,12019,6085,5990,0.41742,0.174856,0.230731,0.0207067,0.413022,0.17596
norm,press_pooled,tv_pool_20250907-M-US_Open-F-Jannik_Sinner-Carlos_Alcaraz,3,100005,20460,12447,9765,6085,5990,0.448151,0.172062,0.213969,0.0021364,0.441903,0.173122
norm,tv_other19,tv_pool_20250907-M-US_Open-F-Jannik_Sinner-Carlos_Alcaraz,4,100002,18766,10118,8652,6085,5990,0.573377,0.288907,0.278225,0.0126541,0.566778,0.285476
norm,cornell,tv_pool_20250907-M-US_Open-F-Jannik_Sinner-Carlos_Alcaraz,4,100007,31342,23093,12052,6085,5990,0.420871,0.175514,0.237469,0.0180772,0.413189,0.176461
norm,press_pooled,tv_pool_20250907-M-US_Open-F-Jannik_Sinner-Carlos_Alcaraz,4,100011,20221,12142,9494,6085,5990,0.442071,0.171241,0.20115,0.00147905,0.436561,0.172621
raw,tv_other19,tv_2019wimF,0,100037,17930,8988,7953,9791,9344,0.553161,0.244817,0.230722,0.00306404,0.537136,0.241652
raw,cornell,tv_2019wimF,0,100019,27996,18671,11158,9791,9344,0.4067,0.148299,0.210397,0.00857931,0.402183,0.154431
raw,press_pooled,tv_2019wimF,0,100031,20492,12324,9520,9791,9344,0.416199,0.174344,0.170871,0.00224696,0.423801,0.18247
raw,tv_other19,tv_2019wimF,1,100027,17905,8972,7969,9791,9344,0.55214,0.246451,0.250434,0.00245123,0.536066,0.242723
raw,cornell,tv_2019wimF,1,100096,27805,18569,11016,9791,9344,0.411194,0.146665,0.220304,0.00592381,0.401541,0.152718
raw,press_pooled,tv_2019wimF,1,100043,20169,12130,9549,9791,9344,0.412011,0.164232,0.179655,0.000919212,0.415561,0.171875
raw,tv_other19,tv_2019wimF,2,100009,17940,8985,8002,9791,9344,0.549178,0.243387,0.244612,0.00275763,0.534354,0.239726
raw,cornell,tv_2019wimF,2,100029,28083,18875,11102,9791,9344,0.409662,0.14115,0.21244,0.00602594,0.399722,0.146297
raw,press_pooled,tv_2019wimF,2,100072,20371,12207,9598,9791,9344,0.411296,0.166582,0.175774,0.00224696,0.416417,0.174551
raw,tv_other19,tv_2019wimF,3,100006,17826,8921,8059,9791,9344,0.550506,0.249617,0.248289,0.00367685,0.534996,0.246147
raw,cornell,tv_2019wimF,3,100056,28219,19046,10975,9791,9344,0.404555,0.145644,0.218874,0.00633235,0.40015,0.151648
raw,press_pooled,tv_2019wimF,3,100015,20416,12234,9597,9791,9344,0.412113,0.171382,0.178327,0.00214483,0.419949,0.17958
raw,tv_other19,tv_2019wimF,4,100004,17969,9092,7895,9791,9344,0.549178,0.243795,0.234195,0.00275763,0.533604,0.240903
raw,cornell,tv_2019wimF,4,100025,28217,19001,11091,9791,9344,0.402717,0.146359,0.22153,0.0076601,0.398545,0.151755
raw,press_pooled,tv_2019wimF,4,100004,20404,12265,9360,9791,9344,0.413441,0.175365,0.17271,0.00153202,0.421554,0.183754
raw,tv_other19,tv_2023wimF,0,100017,17696,8830,7974,7216,6886,0.592018,0.276053,0.261502,0.00207871,0.575806,0.268371
raw,cornell,tv_2023wimF,0,100011,28085,18886,10991,7216,6886,0.408537,0.155349,0.211197,0.00789911,0.403282,0.161778
raw,press_pooled,tv_2023wimF,0,100113,20415,12280,9432,7216,6886,0.415604,0.172949,0.179739,0.00124723,0.425937,0.180656
raw,tv_other19,tv_2023wimF,1,100009,17701,8850,8017,7216,6886,0.591879,0.27633,0.274806,0.00249446,0.575661,0.269387
raw,cornell,tv_2023wimF,1,100010,27724,18523,11102,7216,6886,0.406874,0.154518,0.215909,0.00789911,0.403427,0.160761
raw,press_pooled,tv_2023wimF,1,100003,20627,12526,9468,7216,6886,0.421563,0.166297,0.181125,0.00249446,0.430584,0.173686
raw,tv_other19,tv_2023wimF,2,100073,17755,8846,7957,7216,6886,0.594096,0.270233,0.268154,0.00332594,0.577113,0.263143
raw,cornell,tv_2023wimF,2,100010,27747,18596,11123,7216,6886,0.412001,0.159784,0.220482,0.00457317,0.406477,0.166425
raw,press_pooled,tv_2023wimF,2,100024,20307,12217,9654,7216,6886,0.416851,0.165604,0.177384,0.000415743,0.424339,0.172524
raw,tv_other19,tv_2023wimF,3,100042,17671,8787,7908,7216,6886,0.593819,0.273004,0.259839,0.00124723,0.576823,0.265902
raw,cornell,tv_2023wimF,3,100008,27905,18709,11023,7216,6886,0.416297,0.153409,0.203853,0.00540466,0.412286,0.158002
raw,press_pooled,tv_2023wimF,3,100073,20284,12123,9544,7216,6886,0.412278,0.162833,0.1699,0.000831486,0.422016,0.1702
raw,tv_other19,tv_2023wimF,4,100004,17687,8809,7990,7216,6886,0.592849,0.273559,0.264551,0.00249446,0.575951,0.266192
raw,cornell,tv_2023wimF,4,100018,28040,18778,10971,7216,6886,0.406874,0.147866,0.204268,0.00748337,0.401685,0.153936
raw,press_pooled,tv_2023wimF,4,100105,20435,12376,9513,7216,6886,0.414496,0.172949,0.175721,0.00124723,0.423613,0.180511
raw,tv_other19,tv_pool_20190126-W-Australian_Open-F-Naomi_Osaka-Petra_Kvitova,0,100035,17845,8967,8009,6527,6506,0.522445,0.246974,0.211583,0.000919258,0.521057,0.247156
raw,cornell,tv_pool_20190126-W-Australian_Open-F-Naomi_Osaka-Petra_Kvitova,0,100024,28272,19011,10990,6527,6506,0.379654,0.156274,0.17803,0.00505592,0.379803,0.156778
raw,press_pooled,tv_pool_20190126-W-Australian_Open-F-Naomi_Osaka-Petra_Kvitova,0,100046,20467,12410,9512,6527,6506,0.415964,0.17374,0.17328,0.000919258,0.417307,0.174301
raw,tv_other19,tv_pool_20190126-W-Australian_Open-F-Naomi_Osaka-Petra_Kvitova,1,100022,17871,8929,8010,6527,6506,0.522752,0.248506,0.207446,0.000459629,0.521365,0.248694
raw,cornell,tv_pool_20190126-W-Australian_Open-F-Naomi_Osaka-Petra_Kvitova,1,100034,27796,18645,11186,6527,6506,0.38042,0.151984,0.184311,0.00551555,0.380572,0.152475
raw,press_pooled,tv_pool_20190126-W-Australian_Open-F-Naomi_Osaka-Petra_Kvitova,1,100002,20214,12204,9495,6527,6506,0.413666,0.184311,0.176804,0.000919258,0.414694,0.184906
raw,tv_other19,tv_pool_20190126-W-Australian_Open-F-Naomi_Osaka-Petra_Kvitova,2,100049,17820,8939,8087,6527,6506,0.519687,0.245136,0.205914,0.000459629,0.518291,0.245312
raw,cornell,tv_pool_20190126-W-Australian_Open-F-Naomi_Osaka-Petra_Kvitova,2,100066,28134,19045,11176,6527,6506,0.389919,0.157653,0.17803,0.0032174,0.390101,0.158162
raw,press_pooled,tv_pool_20190126-W-Australian_Open-F-Naomi_Osaka-Petra_Kvitova,2,100241,20359,12274,9446,6527,6506,0.411368,0.17803,0.175578,0.000459629,0.412696,0.178604
raw,tv_other19,tv_pool_20190126-W-Australian_Open-F-Naomi_Osaka-Petra_Kvitova,3,100026,17730,8881,8075,6527,6506,0.520913,0.247434,0.220316,0.00137889,0.51952,0.247618
raw,cornell,tv_pool_20190126-W-Australian_Open-F-Naomi_Osaka-Petra_Kvitova,3,100026,27898,18714,11142,6527,6506,0.390378,0.157959,0.167918,0.00275778,0.390563,0.158469
raw,press_pooled,tv_pool_20190126-W-Australian_Open-F-Naomi_Osaka-Petra_Kvitova,3,100013,20189,12147,9472,6527,6506,0.419948,0.18186,0.186609,0.00137889,0.42115,0.182447
raw,tv_other19,tv_pool_20190126-W-Australian_Open-F-Naomi_Osaka-Petra_Kvitova,4,100063,17824,8891,8018,6527,6506,0.521986,0.245595,0.218937,0.000919258,0.520596,0.245773
raw,cornell,tv_pool_20190126-W-Australian_Open-F-Naomi_Osaka-Petra_Kvitova,4,100019,28192,19023,11063,6527,6506,0.390685,0.155201,0.18232,0.00367703,0.39087,0.155702
raw,press_pooled,tv_pool_20190126-W-Australian_Open-F-Naomi_Osaka-Petra_Kvitova,4,100008,20164,12102,9538,6527,6506,0.416118,0.176191,0.183392,0.00137889,0.417153,0.17676
raw,tv_other19,tv_pool_20200202-M-Australian_Open-F-Novak_Djokovic-Dominic_Thiem,0,100035,17837,8939,7961,8371,8282,0.574961,0.281089,0.245251,0.0035838,0.571601,0.279643
raw,cornell,tv_pool_20200202-M-Australian_Open-F-Novak_Djokovic-Dominic_Thiem,0,100010,27975,18783,11075,8371,8282,0.41381,0.164974,0.179787,0.00465894,0.413427,0.165781
raw,press_pooled,tv_pool_20200202-M-Australian_Open-F-Novak_Djokovic-Dominic_Thiem,0,100064,20126,12045,9387,8371,8282,0.441405,0.190897,0.199737,0.00107514,0.443009,0.191862
raw,tv_other19,tv_pool_20200202-M-Australian_Open-F-Novak_Djokovic-Dominic_Thiem,1,100010,17653,8812,8022,8371,8282,0.574364,0.283359,0.252539,0.00215028,0.570997,0.281816
raw,cornell,tv_pool_20200202-M-Australian_Open-F-Novak_Djokovic-Dominic_Thiem,1,100013,27860,18648,10994,8371,8282,0.420619,0.169872,0.1903,0.00501732,0.42043,0.170732
raw,press_pooled,tv_pool_20200202-M-Australian_Open-F-Novak_Djokovic-Dominic_Thiem,1,100064,20040,12006,9366,8371,8282,0.438896,0.189225,0.195317,0.00215028,0.440111,0.191137
raw,tv_other19,tv_pool_20200202-M-Australian_Open-F-Novak_Djokovic-Dominic_Thiem,2,100031,17650,8788,8045,8371,8282,0.574483,0.281687,0.259348,0.00191136,0.570997,0.280367
raw,cornell,tv_pool_20200202-M-Australian_Open-F-Novak_Djokovic-Dominic_Thiem,2,100120,27907,18751,11042,8371,8282,0.408673,0.160793,0.189105,0.00680922,0.408597,0.161555
raw,press_pooled,tv_pool_20200202-M-Australian_Open-F-Novak_Djokovic-Dominic_Thiem,2,100042,20235,12096,9587,8371,8282,0.436626,0.19257,0.207383,0.0017919,0.437938,0.193673
raw,tv_other19,tv_pool_20200202-M-Australian_Open-F-Novak_Djokovic-Dominic_Thiem,3,100028,17757,8901,8000,8371,8282,0.575797,0.279298,0.252539,0.00143352,0.572326,0.277831
raw,cornell,tv_pool_20200202-M-Australian_Open-F-Novak_Djokovic-Dominic_Thiem,3,100008,27388,18125,11011,8371,8282,0.414526,0.159599,0.183849,0.00394218,0.413668,0.160106
raw,press_pooled,tv_pool_20200202-M-Australian_Open-F-Novak_Djokovic-Dominic_Thiem,3,100093,20066,11996,9473,8371,8282,0.437582,0.191853,0.205471,0.0017919,0.438904,0.192949
raw,tv_other19,tv_pool_20200202-M-Australian_Open-F-Novak_Djokovic-Dominic_Thiem,4,100012,17635,8821,8066,8371,8282,0.573647,0.283001,0.255047,0.00215028,0.570273,0.281454
raw,cornell,tv_pool_20200202-M-Australian_Open-F-Novak_Djokovic-Dominic_Thiem,4,100002,27933,18725,11162,8371,8282,0.40712,0.158643,0.189583,0.0065703,0.406182,0.159382
raw,press_pooled,tv_pool_20200202-M-Australian_Open-F-Novak_Djokovic-Dominic_Thiem,4,100045,20336,12250,9430,8371,8282,0.441405,0.198901,0.207024,0.00215028,0.442888,0.201038
raw,tv_other19,tv_pool_20201010-W-Roland_Garros-F-Iga_Swiatek-Sofia_Kenin,0,100013,17708,8792,7985,1597,1587,0.61866,0.294302,0.25861,0,0.616257,0.293636
raw,cornell,tv_pool_20201010-W-Roland_Garros-F-Iga_Swiatek-Sofia_Kenin,0,100018,27941,18782,11052,1597,1587,0.443331,0.157796,0.189731,0.00187852,0.446125,0.15879
raw,press_pooled,tv_pool_20201010-W-Roland_Garros-F-Iga_Swiatek-Sofia_Kenin,0,100024,20624,12468,9677,1597,1587,0.463369,0.207264,0.195992,0.00187852,0.462508,0.20857
raw,tv_other19,tv_pool_20201010-W-Roland_Garros-F-Iga_Swiatek-Sofia_Kenin,1,100009,17796,8923,8070,1597,1587,0.609894,0.293049,0.234815,0.00375704,0.607435,0.292376
raw,cornell,tv_pool_20201010-W-Roland_Garros-F-Iga_Swiatek-Sofia_Kenin,1,100003,27704,18492,11041,1597,1587,0.446462,0.153413,0.174703,0.00563557,0.449275,0.154379
raw,press_pooled,tv_pool_20201010-W-Roland_Garros-F-Iga_Swiatek-Sofia_Kenin,1,100067,20359,12211,9522,1597,1587,0.457107,0.195366,0.187226,0.00187852,0.453686,0.196597
raw,tv_other19,tv_pool_20201010-W-Roland_Garros-F-Iga_Swiatek-Sofia_Kenin,2,100031,17731,8816,8023,1597,1587,0.619286,0.289292,0.249843,0.00751409,0.616887,0.288595
raw,cornell,tv_pool_20201010-W-Roland_Garros-F-Iga_Swiatek-Sofia_Kenin,2,100003,28095,18922,11099,1597,1587,0.452098,0.16531,0.206011,0.00375704,0.451166,0.166352
raw,press_pooled,tv_pool_20201010-W-Roland_Garros-F-Iga_Swiatek-Sofia_Kenin,2,100019,20199,11994,9252,1597,1587,0.448341,0.200376,0.191609,0,0.447385,0.201638
raw,tv_other19,tv_pool_20201010-W-Roland_Garros-F-Iga_Swiatek-Sofia_Kenin,3,100019,17727,8844,8037,1597,1587,0.608015,0.291797,0.259236,0,0.605545,0.291115
raw,cornell,tv_pool_20201010-W-Roland_Garros-F-Iga_Swiatek-Sofia_Kenin,3,100023,28058,18793,10962,1597,1587,0.429555,0.161553,0.187226,0.00814026,0.428481,0.162571
raw,press_pooled,tv_pool_20201010-W-Roland_Garros-F-Iga_Swiatek-Sofia_Kenin,3,100045,20649,12537,9501,1597,1587,0.429555,0.1866,0.202254,0.00187852,0.428481,0.187776
raw,tv_other19,tv_pool_20201010-W-Roland_Garros-F-Iga_Swiatek-Sofia_Kenin,4,100010,17734,8832,7989,1597,1587,0.615529,0.293676,0.235441,0.00563557,0.613106,0.293006
raw,cornell,tv_pool_20201010-W-Roland_Garros-F-Iga_Swiatek-Sofia_Kenin,4,100015,27999,18786,11023,1597,1587,0.428929,0.14402,0.189105,0.00751409,0.431632,0.144928
raw,press_pooled,tv_pool_20201010-W-Roland_Garros-F-Iga_Swiatek-Sofia_Kenin,4,100084,20424,12292,9643,1597,1587,0.455855,0.198497,0.195992,0.00187852,0.454946,0.199748
raw,tv_other19,tv_pool_20210220-W-Australian_Open-F-Naomi_Osaka-Jennifer_Brady,0,100021,17690,8785,7979,3276,3244,0.539072,0.249695,0.202686,0.000915751,0.535142,0.251541
raw,cornell,tv_pool_20210220-W-Australian_Open-F-Naomi_Osaka-Jennifer_Brady,0,100009,27866,18702,11044,3276,3244,0.405983,0.167277,0.17094,0.00641026,0.40783,0.168927
raw,press_pooled,tv_pool_20210220-W-Australian_Open-F-Naomi_Osaka-Jennifer_Brady,0,100046,20114,12085,9509,3276,3244,0.410562,0.164225,0.174603,0.00274725,0.409679,0.165845
raw,tv_other19,tv_pool_20210220-W-Australian_Open-F-Naomi_Osaka-Jennifer_Brady,1,100029,17831,8963,8151,3276,3244,0.541514,0.245421,0.222527,0.000915751,0.537608,0.247226
raw,cornell,tv_pool_20210220-W-Australian_Open-F-Naomi_Osaka-Jennifer_Brady,1,100023,28158,18963,11038,3276,3244,0.397131,0.169719,0.184676,0.003663,0.396424,0.171393
raw,press_pooled,tv_pool_20210220-W-Australian_Open-F-Naomi_Osaka-Jennifer_Brady,1,100027,20657,12468,9502,3276,3244,0.420024,0.155067,0.176435,0.0018315,0.419236,0.156597
raw,tv_other19,tv_pool_20210220-W-Australian_Open-F-Naomi_Osaka-Jennifer_Brady,2,100054,17844,8932,7993,3276,3244,0.532662,0.249389,0.213065,0.000915751,0.528668,0.251233
raw,cornell,tv_pool_20210220-W-Australian_Open-F-Naomi_Osaka-Jennifer_Brady,2,100079,28083,18895,11028,3276,3244,0.400183,0.166056,0.167582,0.0018315,0.399507,0.167694
raw,press_pooled,tv_pool_20210220-W-Australian_Open-F-Naomi_Osaka-Jennifer_Brady,2,100025,20348,12180,9587,3276,3244,0.413309,0.167582,0.178877,0.003663,0.413379,0.169236
raw,tv_other19,tv_pool_20210220-W-Australian_Open-F-Naomi_Osaka-Jennifer_Brady,3,100010,17783,8900,8115,3276,3244,0.539072,0.248474,0.210928,0.0018315,0.535142,0.250925
raw,cornell,tv_pool_20210220-W-Australian_Open-F-Naomi_Osaka-Jennifer_Brady,3,100027,28187,18954,11064,3276,3244,0.394383,0.163919,0.173687,0.00732601,0.396116,0.165536
raw,press_pooled,tv_pool_20210220-W-Australian_Open-F-Naomi_Osaka-Jennifer_Brady,3,100132,20384,12359,9330,3276,3244,0.406288,0.162393,0.180708,0.000915751,0.406597,0.163995
raw,tv_other19,tv_pool_20210220-W-Australian_Open-F-Naomi_Osaka-Jennifer_Brady,4,100000,17720,8836,7993,3276,3244,0.541819,0.252137,0.225885,0,0.537916,0.254007
raw,cornell,tv_pool_20210220-W-Australian_Open-F-Naomi_Osaka-Jennifer_Brady,4,100001,28016,18835,11121,3276,3244,0.401709,0.175214,0.187729,0.00549451,0.403514,0.176942
raw,press_pooled,tv_pool_20210220-W-Australian_Open-F-Naomi_Osaka-Jennifer_Brady,4,100066,19724,11640,9489,3276,3244,0.411783,0.169109,0.17735,0,0.410296,0.170777
raw,tv_other19,tv_pool_20210613-M-Roland_Garros-F-Stefanos_Tsitsipas-Novak_Djokovic,0,100024,17803,8875,8021,7837,7757,0.568202,0.272043,0.264259,0.0030624,0.564007,0.272012
raw,cornell,tv_pool_20210613-M-Roland_Garros-F-Stefanos_Tsitsipas-Novak_Djokovic,0,100035,28097,18868,11015,7837,7757,0.442389,0.181064,0.227,0.00956999,0.438185,0.182287
raw,press_pooled,tv_pool_20210613-M-Roland_Garros-F-Stefanos_Tsitsipas-Novak_Djokovic,0,100026,20261,12177,9403,7837,7757,0.417762,0.155672,0.186551,0.00319,0.419363,0.157277
raw,tv_other19,tv_pool_20210613-M-Roland_Garros-F-Stefanos_Tsitsipas-Novak_Djokovic,1,100001,17679,8843,7992,7837,7757,0.569733,0.273829,0.251116,0.0022968,0.565554,0.273817
raw,cornell,tv_pool_20210613-M-Roland_Garros-F-Stefanos_Tsitsipas-Novak_Djokovic,1,100012,27822,18666,11013,7837,7757,0.435371,0.184765,0.212964,0.00918719,0.431094,0.185897
raw,press_pooled,tv_pool_20210613-M-Roland_Garros-F-Stefanos_Tsitsipas-Novak_Djokovic,1,100113,20127,12121,9452,7837,7757,0.418655,0.16269,0.190124,0.0011484,0.420394,0.164368
raw,tv_other19,tv_pool_20210613-M-Roland_Garros-F-Stefanos_Tsitsipas-Novak_Djokovic,2,100018,17878,8989,8097,7837,7757,0.568202,0.271788,0.25622,0.0030624,0.564007,0.271755
raw,cornell,tv_pool_20210613-M-Roland_Garros-F-Stefanos_Tsitsipas-Novak_Djokovic,2,100021,27971,18782,11219,7837,7757,0.434733,0.18821,0.215133,0.00944239,0.430708,0.189377
raw,press_pooled,tv_pool_20210613-M-Roland_Garros-F-Stefanos_Tsitsipas-Novak_Djokovic,2,100142,20463,12350,9462,7837,7757,0.419293,0.166645,0.179278,0.001914,0.42091,0.168364
raw,tv_other19,tv_pool_20210613-M-Roland_Garros-F-Stefanos_Tsitsipas-Novak_Djokovic,3,100042,17773,8894,8036,7837,7757,0.566671,0.269363,0.246651,0.0003828,0.56246,0.269563
raw,cornell,tv_pool_20210613-M-Roland_Garros-F-Stefanos_Tsitsipas-Novak_Djokovic,3,100048,28187,19016,10996,7837,7757,0.432691,0.18183,0.209391,0.00701799,0.428387,0.183189
raw,press_pooled,tv_pool_20210613-M-Roland_Garros-F-Stefanos_Tsitsipas-Novak_Djokovic,3,100083,20494,12439,9615,7837,7757,0.408064,0.168432,0.185658,0.000765599,0.40905,0.170169
raw,tv_other19,tv_pool_20210613-M-Roland_Garros-F-Stefanos_Tsitsipas-Novak_Djokovic,4,100025,17739,8817,7991,7837,7757,0.56565,0.271405,0.249585,0.0030624,0.562718,0.271368
raw,cornell,tv_pool_20210613-M-Roland_Garros-F-Stefanos_Tsitsipas-Novak_Djokovic,4,100009,28274,19026,10951,7837,7757,0.438688,0.186551,0.20416,0.011484,0.434446,0.187701
raw,press_pooled,tv_pool_20210613-M-Roland_Garros-F-Stefanos_Tsitsipas-Novak_Djokovic,4,100089,20357,12207,9570,7837,7757,0.4147,0.155927,0.176343,0.0003828,0.416785,0.157535
raw,tv_other19,tv_pool_20210911-W-US_Open-F-Emma_Raducanu-Leylah_Fernandez,0,100044,17939,9024,7953,3498,3422,0.505432,0.218125,0.204688,0.000857633,0.497954,0.220339
raw,cornell,tv_pool_20210911-W-US_Open-F-Emma_Raducanu-Leylah_Fernandez,0,100032,28115,18859,11050,3498,3422,0.34534,0.129217,0.151515,0.00343053,0.341905,0.130918
raw,press_pooled,tv_pool_20210911-W-US_Open-F-Emma_Raducanu-Leylah_Fernandez,0,100030,20414,12267,9380,3498,3422,0.407947,0.147513,0.168096,0.00343053,0.409994,0.150789
raw,tv_other19,tv_pool_20210911-W-US_Open-F-Emma_Raducanu-Leylah_Fernandez,1,100035,17742,8848,8006,3498,3422,0.504002,0.220126,0.190395,0.0051458,0.496493,0.222385
raw,cornell,tv_pool_20210911-W-US_Open-F-Emma_Raducanu-Leylah_Fernandez,1,100012,28120,18938,11140,3498,3422,0.347055,0.121784,0.153802,0.00343053,0.349503,0.12332
raw,press_pooled,tv_pool_20210911-W-US_Open-F-Emma_Raducanu-Leylah_Fernandez,1,100098,20434,12369,9436,3498,3422,0.421384,0.164951,0.162379,0,0.423729,0.168615
raw,tv_other19,tv_pool_20210911-W-US_Open-F-Emma_Raducanu-Leylah_Fernandez,2,100042,17949,9024,8023,3498,3422,0.498856,0.21984,0.192967,0.00171527,0.491233,0.222092
raw,cornell,tv_pool_20210911-W-US_Open-F-Emma_Raducanu-Leylah_Fernandez,2,100009,28185,19060,11086,3498,3422,0.349914,0.122927,0.152373,0.00343053,0.346581,0.124489
raw,press_pooled,tv_pool_20210911-W-US_Open-F-Emma_Raducanu-Leylah_Fernandez,2,100104,20311,12194,9428,3498,3422,0.418811,0.154946,0.161807,0.00171527,0.419345,0.158387
raw,tv_other19,tv_pool_20210911-W-US_Open-F-Emma_Raducanu-Leylah_Fernandez,3,100069,17831,8960,8072,3498,3422,0.505146,0.224414,0.190395,0.000857633,0.497662,0.226768
raw,cornell,tv_pool_20210911-W-US_Open-F-Emma_Raducanu-Leylah_Fernandez,3,100003,27947,18851,11168,3498,3422,0.343625,0.12064,0.152087,0.0051458,0.340152,0.122151
raw,press_pooled,tv_pool_20210911-W-US_Open-F-Emma_Raducanu-Leylah_Fernandez,3,100007,20253,12242,9480,3498,3422,0.415952,0.168096,0.160949,0.00171527,0.417884,0.171829
raw,tv_other19,tv_pool_20210911-W-US_Open-F-Emma_Raducanu-Leylah_Fernandez,4,100046,17847,8963,8032,3498,3422,0.501144,0.222699,0.202973,0.00171527,0.493571,0.225015
raw,cornell,tv_pool_20210911-W-US_Open-F-Emma_Raducanu-Leylah_Fernandez,4,100017,28014,18917,11118,3498,3422,0.357061,0.132075,0.16438,0.00371641,0.353887,0.13384
raw,press_pooled,tv_pool_20210911-W-US_Open-F-Emma_Raducanu-Leylah_Fernandez,4,100045,20257,12226,9520,3498,3422,0.411092,0.165809,0.167238,0.00171527,0.410871,0.169492
raw,tv_other19,tv_pool_20220130-M-Australian_Open-F-Rafael_Nadal-Daniil_Medvedev,0,100082,17892,8983,8022,11505,11350,0.573403,0.280487,0.242764,0.00234681,0.568106,0.282115
raw,cornell,tv_pool_20220130-M-Australian_Open-F-Rafael_Nadal-Daniil_Medvedev,0,100015,27844,18607,11034,11505,11350,0.381312,0.147501,0.169665,0.00443286,0.380088,0.148987
raw,press_pooled,tv_pool_20220130-M-Australian_Open-F-Rafael_Nadal-Daniil_Medvedev,0,100030,20292,12299,9268,11505,11350,0.44372,0.196436,0.19209,0.00234681,0.444758,0.198855
raw,tv_other19,tv_pool_20220130-M-Australian_Open-F-Rafael_Nadal-Daniil_Medvedev,1,100055,17878,8918,8046,11505,11350,0.576793,0.282747,0.246849,0.00208605,0.571806,0.284405
raw,cornell,tv_pool_20220130-M-Australian_Open-F-Rafael_Nadal-Daniil_Medvedev,1,100000,27850,18679,11017,11505,11350,0.387049,0.154107,0.177575,0.00504129,0.388811,0.15533
raw,press_pooled,tv_pool_20220130-M-Australian_Open-F-Rafael_Nadal-Daniil_Medvedev,1,100043,19771,11617,9420,11505,11350,0.447371,0.195306,0.196436,0.00365059,0.449339,0.197974
raw,tv_other19,tv_pool_20220130-M-Australian_Open-F-Rafael_Nadal-Daniil_Medvedev,2,100090,17881,8953,7993,11505,11350,0.574533,0.28292,0.243633,0.00182529,0.569251,0.284581
raw,cornell,tv_pool_20220130-M-Australian_Open-F-Rafael_Nadal-Daniil_Medvedev,2,100009,27790,18579,11093,11505,11350,0.387223,0.153672,0.166536,0.00443286,0.385903,0.155154
raw,press_pooled,tv_pool_20220130-M-Australian_Open-F-Rafael_Nadal-Daniil_Medvedev,2,100067,20106,12115,9392,11505,11350,0.451195,0.207388,0.207649,0.00156454,0.451718,0.209604
raw,tv_other19,tv_pool_20220130-M-Australian_Open-F-Rafael_Nadal-Daniil_Medvedev,3,100024,17773,8879,8001,11505,11350,0.576619,0.284833,0.241547,0.00217297,0.571366,0.28652
raw,cornell,tv_pool_20220130-M-Australian_Open-F-Rafael_Nadal-Daniil_Medvedev,3,100041,28033,18924,11100,11505,11350,0.382529,0.140721,0.17714,0.00504129,0.381145,0.142026
raw,press_pooled,tv_pool_20220130-M-Australian_Open-F-Rafael_Nadal-Daniil_Medvedev,3,100010,20282,12142,9555,11505,11350,0.455541,0.198262,0.203129,0.00260756,0.455771,0.200969
raw,tv_other19,tv_pool_20220130-M-Australian_Open-F-Rafael_Nadal-Daniil_Medvedev,4,100117,17913,9005,7990,11505,11350,0.577836,0.284311,0.240156,0.00260756,0.572599,0.285991
raw,cornell,tv_pool_20220130-M-Australian_Open-F-Rafael_Nadal-Daniil_Medvedev,4,100096,28170,18938,11036,11505,11350,0.387397,0.155237,0.164016,0.00434594,0.386167,0.156916
raw,press_pooled,tv_pool_20220130-M-Australian_Open-F-Rafael_Nadal-Daniil_Medvedev,4,100034,20171,12128,9393,11505,11350,0.448588,0.206953,0.193829,0.00295524,0.450925,0.209515
raw,tv_other19,tv_pool_20220531-M-Roland_Garros-QF-Novak_Djokovic-Rafael_Nadal,0,100061,17794,8971,7995,8046,7991,0.581283,0.269202,0.275913,0.00372856,0.579152,0.269678
raw,cornell,tv_pool_20220531-M-Roland_Garros-QF-Novak_Djokovic-Rafael_Nadal,0,100011,27790,18672,11145,8046,7991,0.423192,0.17487,0.227442,0.00608998,0.421724,0.175823
raw,press_pooled,tv_pool_20220531-M-Roland_Garros-QF-Novak_Djokovic-Rafael_Nadal,0,100039,20278,12207,9468,8046,7991,0.428909,0.169401,0.202088,0.00111857,0.430234,0.170567
raw,tv_other19,tv_pool_20220531-M-Roland_Garros-QF-Novak_Djokovic-Rafael_Nadal,1,100012,17784,8902,7987,8046,7991,0.582774,0.265722,0.263609,0.00223714,0.580653,0.265549
raw,cornell,tv_pool_20220531-M-Roland_Garros-QF-Novak_Djokovic-Rafael_Nadal,1,100027,27853,18646,11108,8046,7991,0.425926,0.176237,0.223465,0.00658712,0.423727,0.176949
raw,press_pooled,tv_pool_20220531-M-Roland_Garros-QF-Novak_Djokovic-Rafael_Nadal,1,100214,20226,12130,9574,8046,7991,0.443574,0.175118,0.196744,0.00260999,0.4445,0.176323
raw,tv_other19,tv_pool_20220531-M-Roland_Garros-QF-Novak_Djokovic-Rafael_Nadal,2,100013,17770,8898,7936,8046,7991,0.582401,0.268456,0.270818,0.0033557,0.580278,0.268427
raw,cornell,tv_pool_20220531-M-Roland_Garros-QF-Novak_Djokovic-Rafael_Nadal,2,100017,27745,18571,11158,8046,7991,0.423067,0.174621,0.220234,0.00671141,0.420974,0.175197
raw,press_pooled,tv_pool_20220531-M-Roland_Garros-QF-Novak_Djokovic-Rafael_Nadal,2,100012,20290,12211,9525,8046,7991,0.422943,0.171017,0.189535,0,0.424478,0.172194
raw,tv_other19,tv_pool_20220531-M-Roland_Garros-QF-Novak_Djokovic-Rafael_Nadal,3,100015,17844,8979,7986,8046,7991,0.582277,0.268084,0.266841,0.00273428,0.580153,0.267801
raw,cornell,tv_pool_20220531-M-Roland_Garros-QF-Novak_Djokovic-Rafael_Nadal,3,100046,27868,18721,11001,8046,7991,0.430649,0.172757,0.225454,0.0084514,0.428607,0.173445
raw,press_pooled,tv_pool_20220531-M-Roland_Garros-QF-Novak_Djokovic-Rafael_Nadal,3,100087,20273,12182,9363,8046,7991,0.427169,0.169525,0.191151,0.0033557,0.428607,0.170692
raw,tv_other19,tv_pool_20220531-M-Roland_Garros-QF-Novak_Djokovic-Rafael_Nadal,4,100016,17847,8993,8045,8046,7991,0.581904,0.268705,0.264604,0.0033557,0.579777,0.268677
raw,cornell,tv_pool_20220531-M-Roland_Garros-QF-Novak_Djokovic-Rafael_Nadal,4,100002,27887,18681,11041,8046,7991,0.421949,0.16965,0.211658,0.00994283,0.420598,0.170317
raw,press_pooled,tv_pool_20220531-M-Roland_Garros-QF-Novak_Djokovic-Rafael_Nadal,4,100019,20518,12434,9432,8046,7991,0.43214,0.179095,0.186055,0.00149142,0.432737,0.179952
raw,tv_other19,tv_pool_20220911-M-US_Open-F-Casper_Ruud-Carlos_Alcaraz,0,100011,17789,8883,8089,6231,6128,0.545659,0.255497,0.244423,0.00433317,0.539328,0.256364
raw,cornell,tv_pool_20220911-M-US_Open-F-Casper_Ruud-Carlos_Alcaraz,0,100005,27934,18695,10949,6231,6128,0.353715,0.138662,0.163056,0.00481464,0.34938,0.140503
raw,press_pooled,tv_pool_20220911-M-US_Open-F-Casper_Ruud-Carlos_Alcaraz,0,100106,20030,11896,9327,6231,6128,0.451452,0.199968,0.208795,0.000481464,0.452513,0.202676
raw,tv_other19,tv_pool_20220911-M-US_Open-F-Casper_Ruud-Carlos_Alcaraz,1,100042,17816,8934,7952,6231,6128,0.542931,0.250361,0.229658,0.00240732,0.536554,0.251469
raw,cornell,tv_pool_20220911-M-US_Open-F-Casper_Ruud-Carlos_Alcaraz,1,100050,28247,19079,11052,6231,6128,0.339111,0.132403,0.159846,0.00304927,0.339099,0.134138
raw,press_pooled,tv_pool_20220911-M-US_Open-F-Casper_Ruud-Carlos_Alcaraz,1,100009,20831,12843,9525,6231,6128,0.451131,0.188092,0.192906,0.000962927,0.452023,0.190601
raw,tv_other19,tv_pool_20220911-M-US_Open-F-Casper_Ruud-Carlos_Alcaraz,2,100012,17951,9035,8093,6231,6128,0.547264,0.251485,0.231424,0,0.54096,0.251305
raw,cornell,tv_pool_20220911-M-US_Open-F-Casper_Ruud-Carlos_Alcaraz,2,100108,27891,18763,11051,6231,6128,0.346814,0.136094,0.159364,0.0052961,0.346932,0.137892
raw,press_pooled,tv_pool_20220911-M-US_Open-F-Casper_Ruud-Carlos_Alcaraz,2,100032,20361,12218,9470,6231,6128,0.463489,0.196437,0.200289,0.00192585,0.462467,0.199086
raw,tv_other19,tv_pool_20220911-M-US_Open-F-Casper_Ruud-Carlos_Alcaraz,3,100010,17758,8877,8005,6231,6128,0.545017,0.253571,0.229177,0.00288878,0.538675,0.25359
raw,cornell,tv_pool_20220911-M-US_Open-F-Casper_Ruud-Carlos_Alcaraz,3,100071,27798,18558,11035,6231,6128,0.34874,0.138501,0.163216,0.00385171,0.344648,0.140339
raw,press_pooled,tv_pool_20220911-M-US_Open-F-Casper_Ruud-Carlos_Alcaraz,3,100010,20092,11894,9457,6231,6128,0.448403,0.200128,0.195635,0.000962927,0.450228,0.203166
raw,tv_other19,tv_pool_20220911-M-US_Open-F-Casper_Ruud-Carlos_Alcaraz,4,100011,17867,8996,7952,6231,6128,0.543572,0.246991,0.242337,0.000962927,0.537206,0.246736
raw,cornell,tv_pool_20220911-M-US_Open-F-Casper_Ruud-Carlos_Alcaraz,4,100012,27711,18529,10976,6231,6128,0.346172,0.140908,0.169636,0.00625903,0.341873,0.142787
raw,press_pooled,tv_pool_20220911-M-US_Open-F-Casper_Ruud-Carlos_Alcaraz,4,100058,20408,12342,9549,6231,6128,0.450489,0.204462,0.205745,0.00144439,0.451371,0.207572
raw,tv_other19,tv_pool_20230610-W-Roland_Garros-F-Iga_Swiatek-Karolina_Muchova,0,100005,17783,8903,7947,3800,3762,0.598684,0.269737,0.249737,0.00315789,0.594631,0.269803
raw,cornell,tv_pool_20230610-W-Roland_Garros-F-Iga_Swiatek-Karolina_Muchova,0,100017,27937,18754,11136,3800,3762,0.441316,0.184737,0.204211,0.00789474,0.439128,0.185274
raw,press_pooled,tv_pool_20230610-W-Roland_Garros-F-Iga_Swiatek-Karolina_Muchova,0,100025,20080,11942,9397,3800,3762,0.448158,0.180263,0.199737,0.000789474,0.447368,0.182084
raw,tv_other19,tv_pool_20230610-W-Roland_Garros-F-Iga_Swiatek-Karolina_Muchova,1,100026,17798,8954,8090,3800,3762,0.597632,0.273158,0.239211,0.00315789,0.593567,0.272993
raw,cornell,tv_pool_20230610-W-Roland_Garros-F-Iga_Swiatek-Karolina_Muchova,1,100023,27913,18694,10982,3800,3762,0.440789,0.180263,0.191842,0.00157895,0.441786,0.181021
raw,press_pooled,tv_pool_20230610-W-Roland_Garros-F-Iga_Swiatek-Karolina_Muchova,1,100066,20493,12230,9557,3800,3762,0.441053,0.193947,0.195789,0.00710526,0.440989,0.195906
raw,tv_other19,tv_pool_20230610-W-Roland_Garros-F-Iga_Swiatek-Karolina_Muchova,2,100092,17831,8902,8080,3800,3762,0.592368,0.279211,0.245526,0.00236842,0.588251,0.279373
raw,cornell,tv_pool_20230610-W-Roland_Garros-F-Iga_Swiatek-Karolina_Muchova,2,100026,28233,19023,11108,3800,3762,0.442368,0.19,0.209474,0.00710526,0.443115,0.191122
raw,press_pooled,tv_pool_20230610-W-Roland_Garros-F-Iga_Swiatek-Karolina_Muchova,2,100030,20284,12213,9585,3800,3762,0.448947,0.190263,0.197105,0.00394737,0.447634,0.192185
raw,tv_other19,tv_pool_20230610-W-Roland_Garros-F-Iga_Swiatek-Karolina_Muchova,3,100003,17794,8892,8028,3800,3762,0.598684,0.282368,0.248684,0.000789474,0.594631,0.281765
raw,cornell,tv_pool_20230610-W-Roland_Garros-F-Iga_Swiatek-Karolina_Muchova,3,100012,27938,18780,11107,3800,3762,0.449211,0.179737,0.209211,0.00315789,0.447103,0.180489
raw,press_pooled,tv_pool_20230610-W-Roland_Garros-F-Iga_Swiatek-Karolina_Muchova,3,100030,20732,12607,9411,3800,3762,0.443947,0.191842,0.207895,0.00157895,0.441255,0.192717
raw,tv_other19,tv_pool_20230610-W-Roland_Garros-F-Iga_Swiatek-Karolina_Muchova,4,100053,17775,8846,8016,3800,3762,0.598421,0.282632,0.257895,0.00631579,0.594365,0.282031
raw,cornell,tv_pool_20230610-W-Roland_Garros-F-Iga_Swiatek-Karolina_Muchova,4,100023,28054,18902,11009,3800,3762,0.442368,0.176053,0.208947,0.00552632,0.443381,0.176768
raw,press_pooled,tv_pool_20230610-W-Roland_Garros-F-Iga_Swiatek-Karolina_Muchova,4,100041,20402,12243,9486,3800,3762,0.448947,0.196842,0.216316,0.00473684,0.447634,0.19883
raw,tv_other19,tv_pool_20230910-M-US_Open-F-Novak_Djokovic-Daniil_Medvedev,0,100044,17624,8803,8038,5992,5901,0.568591,0.266188,0.258178,0.00200267,0.563972,0.266396
raw,cornell,tv_pool_20230910-M-US_Open-F-Novak_Djokovic-Daniil_Medvedev,0,100000,27935,18761,11074,5992,5901,0.377837,0.148031,0.186081,0.00317089,0.374682,0.149636
raw,press_pooled,tv_pool_20230910-M-US_Open-F-Novak_Djokovic-Daniil_Medvedev,0,100088,20267,12193,9476,5992,5901,0.430741,0.183578,0.18241,0.00100134,0.434672,0.186409
raw,tv_other19,tv_pool_20230910-M-US_Open-F-Novak_Djokovic-Daniil_Medvedev,1,100091,17733,8902,8083,5992,5901,0.56759,0.261515,0.250668,0.00400534,0.562786,0.261481
raw,cornell,tv_pool_20230910-M-US_Open-F-Novak_Djokovic-Daniil_Medvedev,1,100023,27897,18642,11114,5992,5901,0.381175,0.146362,0.171896,0.00500668,0.379766,0.147941
raw,press_pooled,tv_pool_20230910-M-US_Open-F-Novak_Djokovic-Daniil_Medvedev,1,100044,20282,12087,9587,5992,5901,0.439252,0.186582,0.173565,0.00200267,0.441112,0.189459
raw,tv_other19,tv_pool_20230910-M-US_Open-F-Novak_Djokovic-Daniil_Medvedev,2,100048,17657,8792,7865,5992,5901,0.566088,0.265187,0.249332,0.00250334,0.561261,0.265209
raw,cornell,tv_pool_20230910-M-US_Open-F-Novak_Djokovic-Daniil_Medvedev,2,100061,27814,18586,10947,5992,5901,0.382677,0.145694,0.18024,0.00751001,0.379597,0.147263
raw,press_pooled,tv_pool_20230910-M-US_Open-F-Novak_Djokovic-Daniil_Medvedev,2,100075,20214,12074,9391,5992,5901,0.433578,0.181742,0.178238,0.001502,0.436536,0.184545
raw,tv_other19,tv_pool_20230910-M-US_Open-F-Novak_Djokovic-Daniil_Medvedev,3,100062,17822,8932,8005,5992,5901,0.57026,0.264186,0.255674,0.00350467,0.565497,0.264193
raw,cornell,tv_pool_20230910-M-US_Open-F-Novak_Djokovic-Daniil_Medvedev,3,100046,28059,18877,11047,5992,5901,0.371662,0.144025,0.177236,0.00550734,0.368412,0.145569
raw,press_pooled,tv_pool_20230910-M-US_Open-F-Novak_Djokovic-Daniil_Medvedev,3,100022,20336,12195,9523,5992,5901,0.440587,0.189419,0.189252,0.000500668,0.443654,0.19234
raw,tv_other19,tv_pool_20230910-M-US_Open-F-Novak_Djokovic-Daniil_Medvedev,4,100018,17660,8773,8056,5992,5901,0.560915,0.260347,0.245494,0.00200267,0.556007,0.260295
raw,cornell,tv_pool_20230910-M-US_Open-F-Novak_Djokovic-Daniil_Medvedev,4,100022,28158,18911,11013,5992,5901,0.385848,0.151368,0.180741,0.00801068,0.384511,0.153025
raw,press_pooled,tv_pool_20230910-M-US_Open-F-Novak_Djokovic-Daniil_Medvedev,4,100082,20753,12594,9502,5992,5901,0.42974,0.178071,0.188084,0.00200267,0.432808,0.180817
raw,tv_other19,tv_pool_20240128-M-Australian_Open-F-Jannik_Sinner-Daniil_Medvedev,0,100041,17774,8840,8051,9256,9175,0.551318,0.269771,0.231525,0.00129646,0.54812,0.269101
raw,cornell,tv_pool_20240128-M-Australian_Open-F-Jannik_Sinner-Daniil_Medvedev,0,100040,28030,18826,11182,9256,9175,0.356309,0.138397,0.150821,0.00421348,0.353678,0.139619
raw,press_pooled,tv_pool_20240128-M-Australian_Open-F-Jannik_Sinner-Daniil_Medvedev,0,100048,20073,11972,9380,9256,9175,0.434637,0.190039,0.194468,0.00162057,0.433351,0.191608
raw,tv_other19,tv_pool_20240128-M-Australian_Open-F-Jannik_Sinner-Daniil_Medvedev,1,100019,17799,8945,8159,9256,9175,0.554451,0.273012,0.239736,0.00162057,0.551281,0.272371
raw,cornell,tv_pool_20240128-M-Australian_Open-F-Jannik_Sinner-Daniil_Medvedev,1,100007,27860,18714,10912,9256,9175,0.349719,0.131698,0.157195,0.0054019,0.350736,0.132861
raw,press_pooled,tv_pool_20240128-M-Australian_Open-F-Jannik_Sinner-Daniil_Medvedev,1,100140,19919,11840,9271,9256,9175,0.425238,0.178695,0.187878,0.000324114,0.425068,0.180272
raw,tv_other19,tv_pool_20240128-M-Australian_Open-F-Jannik_Sinner-Daniil_Medvedev,2,100060,17820,8935,7977,9256,9175,0.550346,0.273444,0.230877,0.00162057,0.54703,0.272807
raw,cornell,tv_pool_20240128-M-Australian_Open-F-Jannik_Sinner-Daniil_Medvedev,2,100013,28014,18821,11038,9256,9175,0.34583,0.132887,0.152226,0.00518583,0.346812,0.13406
raw,press_pooled,tv_pool_20240128-M-Australian_Open-F-Jannik_Sinner-Daniil_Medvedev,2,100036,20424,12234,9437,9256,9175,0.428587,0.178803,0.184529,0.000972342,0.427793,0.180054
raw,tv_other19,tv_pool_20240128-M-Australian_Open-F-Jannik_Sinner-Daniil_Medvedev,3,100003,17790,8915,8062,9256,9175,0.55013,0.267934,0.224503,0.00194468,0.546812,0.267248
raw,cornell,tv_pool_20240128-M-Australian_Open-F-Jannik_Sinner-Daniil_Medvedev,3,100019,27970,18803,11031,9256,9175,0.355661,0.143366,0.159572,0.00399741,0.35673,0.144632
raw,press_pooled,tv_pool_20240128-M-Australian_Open-F-Jannik_Sinner-Daniil_Medvedev,3,100058,20476,12344,9530,9256,9175,0.425994,0.178587,0.188634,0.00205272,0.42485,0.180054
raw,tv_other19,tv_pool_20240128-M-Australian_Open-F-Jannik_Sinner-Daniil_Medvedev,4,100029,17763,8860,8069,9256,9175,0.551102,0.272472,0.221586,0.000972342,0.547793,0.271826
raw,cornell,tv_pool_20240128-M-Australian_Open-F-Jannik_Sinner-Daniil_Medvedev,4,100020,27995,18875,11345,9256,9175,0.344965,0.137748,0.152874,0.00561798,0.346049,0.138965
raw,press_pooled,tv_pool_20240128-M-Australian_Open-F-Jannik_Sinner-Daniil_Medvedev,4,100009,20366,12321,9481,9256,9175,0.419512,0.180207,0.186906,0.00129646,0.418856,0.181689
raw,tv_other19,tv_pool_20240608-W-Roland_Garros-F-Iga_Swiatek-Jasmine_Paolini,0,100145,17816,8896,8057,2368,2341,0.617399,0.288851,0.268581,0,0.612986,0.291756
raw,cornell,tv_pool_20240608-W-Roland_Garros-F-Iga_Swiatek-Jasmine_Paolini,0,100026,27655,18547,11044,2368,2341,0.458193,0.191723,0.210304,0.00380068,0.453652,0.193934
raw,press_pooled,tv_pool_20240608-W-Roland_Garros-F-Iga_Swiatek-Jasmine_Paolini,0,100143,20217,12147,9568,2368,2341,0.470861,0.216639,0.220017,0.00126689,0.474584,0.219137
raw,tv_other19,tv_pool_20240608-W-Roland_Garros-F-Iga_Swiatek-Jasmine_Paolini,1,100005,17702,8781,7993,2368,2341,0.621199,0.288007,0.251267,0.00253378,0.61683,0.290901
raw,cornell,tv_pool_20240608-W-Roland_Garros-F-Iga_Swiatek-Jasmine_Paolini,1,100011,28202,19010,11047,2368,2341,0.45397,0.195946,0.195946,0.00380068,0.449808,0.198206
raw,press_pooled,tv_pool_20240608-W-Roland_Garros-F-Iga_Swiatek-Jasmine_Paolini,1,100144,20318,12212,9432,2368,2341,0.456081,0.190034,0.192145,0.00253378,0.460487,0.192226
raw,tv_other19,tv_pool_20240608-W-Roland_Garros-F-Iga_Swiatek-Jasmine_Paolini,2,100027,17662,8792,8021,2368,2341,0.622466,0.279983,0.271537,0.00126689,0.618112,0.282785
raw,cornell,tv_pool_20240608-W-Roland_Garros-F-Iga_Swiatek-Jasmine_Paolini,2,100013,28206,18969,10977,2368,2341,0.462838,0.200169,0.221706,0.00675676,0.458351,0.202478
raw,press_pooled,tv_pool_20240608-W-Roland_Garros-F-Iga_Swiatek-Jasmine_Paolini,2,100008,20413,12362,9366,2368,2341,0.471284,0.206081,0.205236,0.00126689,0.475865,0.208458
raw,tv_other19,tv_pool_20240608-W-Roland_Garros-F-Iga_Swiatek-Jasmine_Paolini,3,100025,17713,8862,8037,2368,2341,0.622466,0.288429,0.248733,0,0.618966,0.291328
raw,cornell,tv_pool_20240608-W-Roland_Garros-F-Iga_Swiatek-Jasmine_Paolini,3,100005,27802,18610,11040,2368,2341,0.466216,0.191301,0.209037,0.00802365,0.461768,0.193507
raw,press_pooled,tv_pool_20240608-W-Roland_Garros-F-Iga_Swiatek-Jasmine_Paolini,3,100081,20190,12079,9501,2368,2341,0.456503,0.183699,0.211993,0.00126689,0.460914,0.185818
raw,tv_other19,tv_pool_20240608-W-Roland_Garros-F-Iga_Swiatek-Jasmine_Paolini,4,100017,17718,8823,8035,2368,2341,0.617399,0.282517,0.264358,0.00380068,0.612986,0.285348
raw,cornell,tv_pool_20240608-W-Roland_Garros-F-Iga_Swiatek-Jasmine_Paolini,4,100096,28275,19063,10966,2368,2341,0.458615,0.193412,0.221706,0.00760135,0.453225,0.195643
raw,press_pooled,tv_pool_20240608-W-Roland_Garros-F-Iga_Swiatek-Jasmine_Paolini,4,100201,20479,12338,9668,2368,2341,0.464527,0.198902,0.208193,0,0.467749,0.201196
raw,tv_other19,tv_pool_20240713-W-Wimbledon-F-Jasmine_Paolini-Barbora_Krejcikova,0,100042,17670,8792,8101,3825,3726,0.537255,0.258824,0.224052,0.00235294,0.529522,0.256575
raw,cornell,tv_pool_20240713-W-Wimbledon-F-Jasmine_Paolini-Barbora_Krejcikova,0,100061,28223,19011,11020,3825,3726,0.407582,0.157124,0.186928,0.00888889,0.407139,0.158615
raw,press_pooled,tv_pool_20240713-W-Wimbledon-F-Jasmine_Paolini-Barbora_Krejcikova,0,100054,20223,12084,9614,3825,3726,0.404183,0.161569,0.168889,0.00313725,0.409823,0.164788
raw,tv_other19,tv_pool_20240713-W-Wimbledon-F-Jasmine_Paolini-Barbora_Krejcikova,1,100004,17800,8901,8152,3825,3726,0.537778,0.254118,0.207582,0.00156863,0.530059,0.252281
raw,cornell,tv_pool_20240713-W-Wimbledon-F-Jasmine_Paolini-Barbora_Krejcikova,1,100019,27909,18702,11071,3825,3726,0.407582,0.152157,0.183007,0.0075817,0.408481,0.154053
raw,press_pooled,tv_pool_20240713-W-Wimbledon-F-Jasmine_Paolini-Barbora_Krejcikova,1,100188,20572,12391,9498,3825,3726,0.398693,0.17098,0.177516,0,0.403918,0.174181
raw,tv_other19,tv_pool_20240713-W-Wimbledon-F-Jasmine_Paolini-Barbora_Krejcikova,2,100000,17798,8843,7992,3825,3726,0.543791,0.26719,0.211242,0.00313725,0.536232,0.265969
raw,cornell,tv_pool_20240713-W-Wimbledon-F-Jasmine_Paolini-Barbora_Krejcikova,2,100004,27719,18555,11152,3825,3726,0.40732,0.158693,0.182222,0.00522876,0.407139,0.160762
raw,press_pooled,tv_pool_20240713-W-Wimbledon-F-Jasmine_Paolini-Barbora_Krejcikova,2,100046,20142,12065,9443,3825,3726,0.404706,0.172026,0.171765,0.000784314,0.41197,0.175523
raw,tv_other19,tv_pool_20240713-W-Wimbledon-F-Jasmine_Paolini-Barbora_Krejcikova,3,100008,17742,8915,7921,3825,3726,0.544052,0.260654,0.219346,0,0.53489,0.258454
raw,cornell,tv_pool_20240713-W-Wimbledon-F-Jasmine_Paolini-Barbora_Krejcikova,3,100002,28154,18972,11159,3825,3726,0.403922,0.14902,0.182222,0.0054902,0.404455,0.151369
raw,press_pooled,tv_pool_20240713-W-Wimbledon-F-Jasmine_Paolini-Barbora_Krejcikova,3,100027,20436,12290,9396,3825,3726,0.421438,0.177778,0.179346,0,0.425121,0.181159
raw,tv_other19,tv_pool_20240713-W-Wimbledon-F-Jasmine_Paolini-Barbora_Krejcikova,4,100017,17680,8839,8139,3825,3726,0.544314,0.260131,0.212549,0.00235294,0.535158,0.258722
raw,cornell,tv_pool_20240713-W-Wimbledon-F-Jasmine_Paolini-Barbora_Krejcikova,4,100021,28115,18932,11069,3825,3726,0.411242,0.159216,0.178039,0.00470588,0.41197,0.160762
raw,press_pooled,tv_pool_20240713-W-Wimbledon-F-Jasmine_Paolini-Barbora_Krejcikova,4,100008,20331,12253,9522,3825,3726,0.409673,0.179608,0.179346,0.00313725,0.415727,0.183038
raw,tv_other19,tv_pool_20240908-M-US_Open-F-Taylor_Fritz-Jannik_Sinner,0,100024,17919,9007,8066,5756,5709,0.491487,0.208131,0.203266,0.00208478,0.487651,0.206691
raw,cornell,tv_pool_20240908-M-US_Open-F-Taylor_Fritz-Jannik_Sinner,0,100068,28038,18874,10976,5756,5709,0.306463,0.109277,0.151494,0.00156359,0.304782,0.109827
raw,press_pooled,tv_pool_20240908-M-US_Open-F-Taylor_Fritz-Jannik_Sinner,0,100028,20353,12292,9508,5756,5709,0.3836,0.145587,0.165045,0.00156359,0.383255,0.146435
raw,tv_other19,tv_pool_20240908-M-US_Open-F-Taylor_Fritz-Jannik_Sinner,1,100003,17975,9048,8017,5756,5709,0.48975,0.2123,0.204656,0.00208478,0.485899,0.210895
raw,cornell,tv_pool_20240908-M-US_Open-F-Taylor_Fritz-Jannik_Sinner,1,100066,28183,18912,11063,5756,5709,0.312891,0.111015,0.155664,0.00416956,0.312489,0.111578
raw,press_pooled,tv_pool_20240908-M-US_Open-F-Taylor_Fritz-Jannik_Sinner,1,100019,20054,12006,9401,5756,5709,0.397151,0.145761,0.173037,0.00104239,0.397092,0.146611
raw,tv_other19,tv_pool_20240908-M-US_Open-F-Taylor_Fritz-Jannik_Sinner,2,100013,17995,9071,8131,5756,5709,0.493051,0.212821,0.197359,0.00104239,0.489228,0.211421
raw,cornell,tv_pool_20240908-M-US_Open-F-Taylor_Fritz-Jannik_Sinner,2,100003,27958,18678,11077,5756,5709,0.313065,0.112404,0.137074,0.00260598,0.311438,0.11298
raw,press_pooled,tv_pool_20240908-M-US_Open-F-Taylor_Fritz-Jannik_Sinner,2,100122,20213,12155,9385,5756,5709,0.399931,0.144892,0.167651,0.00156359,0.399545,0.145735
raw,tv_other19,tv_pool_20240908-M-US_Open-F-Taylor_Fritz-Jannik_Sinner,3,100036,17941,9045,8089,5756,5709,0.487318,0.20622,0.200486,0.00104239,0.483447,0.204764
raw,cornell,tv_pool_20240908-M-US_Open-F-Taylor_Fritz-Jannik_Sinner,3,100047,28318,19131,11210,5756,5709,0.312196,0.11171,0.152536,0.00312717,0.310562,0.112279
raw,press_pooled,tv_pool_20240908-M-US_Open-F-Taylor_Fritz-Jannik_Sinner,3,100095,20378,12208,9434,5756,5709,0.387074,0.142286,0.160702,0.000521195,0.386407,0.143107
raw,tv_other19,tv_pool_20240908-M-US_Open-F-Taylor_Fritz-Jannik_Sinner,4,100005,17993,9077,8050,5756,5709,0.493398,0.214211,0.199444,0.000521195,0.489753,0.213347
raw,cornell,tv_pool_20240908-M-US_Open-F-Taylor_Fritz-Jannik_Sinner,4,100030,27732,18580,11160,5756,5709,0.31098,0.107366,0.149583,0.00364837,0.309161,0.1079
raw,press_pooled,tv_pool_20240908-M-US_Open-F-Taylor_Fritz-Jannik_Sinner,4,100029,20333,12246,9445,5756,5709,0.38968,0.145413,0.157227,0.00208478,0.38921,0.14626
raw,tv_other19,tv_pool_20250124-M-Australian_Open-SF-Jannik_Sinner-Ben_Shelton,0,100034,17872,8990,8024,7113,7001,0.565865,0.281175,0.239983,0.00210881,0.56192,0.281674
raw,cornell,tv_pool_20250124-M-Australian_Open-SF-Jannik_Sinner-Ben_Shelton,0,100000,27941,18785,11007,7113,7001,0.374104,0.149585,0.16983,0.00576409,0.374232,0.15155
raw,press_pooled,tv_pool_20250124-M-Australian_Open-SF-Jannik_Sinner-Ben_Shelton,0,100042,19933,11896,9522,7113,7001,0.446788,0.202024,0.214396,0.00295234,0.449793,0.205256
raw,tv_other19,tv_pool_20250124-M-Australian_Open-SF-Jannik_Sinner-Ben_Shelton,1,100017,17707,8817,8131,7113,7001,0.562632,0.272318,0.24392,0.00309293,0.55892,0.272532
raw,cornell,tv_pool_20250124-M-Australian_Open-SF-Jannik_Sinner-Ben_Shelton,1,100018,28063,18751,10884,7113,7001,0.377197,0.152538,0.165612,0.00506116,0.377232,0.154264
raw,press_pooled,tv_pool_20250124-M-Australian_Open-SF-Jannik_Sinner-Ben_Shelton,1,100033,20428,12302,9623,7113,7001,0.44974,0.204414,0.206945,0.00421763,0.453935,0.207685
raw,tv_other19,tv_pool_20250124-M-Australian_Open-SF-Jannik_Sinner-Ben_Shelton,2,100075,17596,8767,8006,7113,7001,0.560664,0.277098,0.240967,0.00168705,0.55692,0.277532
raw,cornell,tv_pool_20250124-M-Australian_Open-SF-Jannik_Sinner-Ben_Shelton,2,100024,27988,18745,11117,7113,7001,0.381274,0.150288,0.167862,0.00520174,0.381517,0.152264
raw,press_pooled,tv_pool_20250124-M-Australian_Open-SF-Jannik_Sinner-Ben_Shelton,2,100003,20194,12065,9622,7113,7001,0.439758,0.200478,0.209897,0.00210881,0.443651,0.203685
raw,tv_other19,tv_pool_20250124-M-Australian_Open-SF-Jannik_Sinner-Ben_Shelton,3,100023,17788,8874,8124,7113,7001,0.563475,0.281878,0.234781,0.00267117,0.559492,0.282245
raw,cornell,tv_pool_20250124-M-Australian_Open-SF-Jannik_Sinner-Ben_Shelton,3,100000,28343,19153,11159,7113,7001,0.375088,0.153522,0.16505,0.00604527,0.375089,0.155264
raw,press_pooled,tv_pool_20250124-M-Australian_Open-SF-Jannik_Sinner-Ben_Shelton,3,100031,20189,12005,9438,7113,7001,0.456066,0.205539,0.209054,0.000421763,0.461648,0.208827
raw,tv_other19,tv_pool_20250124-M-Australian_Open-SF-Jannik_Sinner-Ben_Shelton,4,100015,17741,8885,8014,7113,7001,0.561648,0.278504,0.232813,0.0033741,0.55792,0.278817
raw,cornell,tv_pool_20250124-M-Australian_Open-SF-Jannik_Sinner-Ben_Shelton,4,100010,27958,18739,10990,7113,7001,0.37565,0.154365,0.164206,0.00520174,0.375661,0.156406
raw,press_pooled,tv_pool_20250124-M-Australian_Open-SF-Jannik_Sinner-Ben_Shelton,4,100074,20409,12282,9407,7113,7001,0.447069,0.200478,0.208351,0.00295234,0.451793,0.203542
raw,tv_other19,tv_pool_20250712-W-Wimbledon-F-Amanda_Anisimova-Iga_Swiatek,0,100002,17958,9030,7975,2592,2572,0.48534,0.211806,0.194059,0,0.482893,0.211897
raw,cornell,tv_pool_20250712-W-Wimbledon-F-Amanda_Anisimova-Iga_Swiatek,0,100029,27956,18781,11192,2592,2572,0.318673,0.119213,0.153549,0.00462963,0.317652,0.119362
raw,press_pooled,tv_pool_20250712-W-Wimbledon-F-Amanda_Anisimova-Iga_Swiatek,0,100174,20156,12012,9365,2592,2572,0.417052,0.16088,0.186728,0.00347222,0.418351,0.162131
raw,tv_other19,tv_pool_20250712-W-Wimbledon-F-Amanda_Anisimova-Iga_Swiatek,1,100036,17812,8919,8214,2592,2572,0.477623,0.20216,0.212577,0,0.475117,0.202177
raw,cornell,tv_pool_20250712-W-Wimbledon-F-Amanda_Anisimova-Iga_Swiatek,1,100052,28111,18892,11096,2592,2572,0.311343,0.116127,0.147377,0,0.31182,0.116252
raw,press_pooled,tv_pool_20250712-W-Wimbledon-F-Amanda_Anisimova-Iga_Swiatek,1,100014,20098,12022,9478,2592,2572,0.425926,0.165123,0.182099,0.00115741,0.427294,0.166407
raw,tv_other19,tv_pool_20250712-W-Wimbledon-F-Amanda_Anisimova-Iga_Swiatek,2,100011,17795,8897,8020,2592,2572,0.482253,0.204861,0.201389,0.00115741,0.479782,0.204899
raw,cornell,tv_pool_20250712-W-Wimbledon-F-Amanda_Anisimova-Iga_Swiatek,2,100023,27573,18356,10890,2592,2572,0.317901,0.116898,0.152006,0.00231481,0.316874,0.11703
raw,press_pooled,tv_pool_20250712-W-Wimbledon-F-Amanda_Anisimova-Iga_Swiatek,2,100010,20294,12194,9350,2592,2572,0.42091,0.171296,0.1875,0,0.422628,0.172628
raw,tv_other19,tv_pool_20250712-W-Wimbledon-F-Amanda_Anisimova-Iga_Swiatek,3,100028,17982,9031,8028,2592,2572,0.480324,0.20216,0.185571,0.00115741,0.477838,0.202177
raw,cornell,tv_pool_20250712-W-Wimbledon-F-Amanda_Anisimova-Iga_Swiatek,3,100038,27575,18458,11088,2592,2572,0.31713,0.111497,0.143133,0.00462963,0.316096,0.111586
raw,press_pooled,tv_pool_20250712-W-Wimbledon-F-Amanda_Anisimova-Iga_Swiatek,3,100090,20381,12287,9564,2592,2572,0.416281,0.177083,0.182485,0,0.417185,0.17846
raw,tv_other19,tv_pool_20250712-W-Wimbledon-F-Amanda_Anisimova-Iga_Swiatek,4,100053,17792,8881,7987,2592,2572,0.486497,0.202932,0.189815,0,0.484059,0.202955
raw,cornell,tv_pool_20250712-W-Wimbledon-F-Amanda_Anisimova-Iga_Swiatek,4,100023,28003,18832,10990,2592,2572,0.323688,0.118441,0.143519,0.00115741,0.322706,0.118585
raw,press_pooled,tv_pool_20250712-W-Wimbledon-F-Amanda_Anisimova-Iga_Swiatek,4,100039,20333,12311,9432,2592,2572,0.42091,0.170139,0.199846,0.00231481,0.422628,0.171462
raw,tv_other19,tv_pool_20250907-M-US_Open-F-Jannik_Sinner-Carlos_Alcaraz,0,100014,17719,8876,8029,6085,5990,0.538044,0.242564,0.22991,0.00115037,0.531052,0.240902
raw,cornell,tv_pool_20250907-M-US_Open-F-Jannik_Sinner-Carlos_Alcaraz,0,100056,28003,18846,10989,6085,5990,0.362859,0.144454,0.169926,0.00509449,0.357095,0.146745
raw,press_pooled,tv_pool_20250907-M-US_Open-F-Jannik_Sinner-Carlos_Alcaraz,0,100133,20454,12376,9522,6085,5990,0.400657,0.170912,0.176171,0.000986031,0.398998,0.173623
raw,tv_other19,tv_pool_20250907-M-US_Open-F-Jannik_Sinner-Carlos_Alcaraz,1,100010,17886,9024,8072,6085,5990,0.534429,0.245029,0.228431,0.00246508,0.527713,0.243406
raw,cornell,tv_pool_20250907-M-US_Open-F-Jannik_Sinner-Carlos_Alcaraz,1,100006,28303,19174,11119,6085,5990,0.369762,0.149548,0.168611,0.00345111,0.36394,0.15192
raw,press_pooled,tv_pool_20250907-M-US_Open-F-Jannik_Sinner-Carlos_Alcaraz,1,100058,20427,12378,9443,6085,5990,0.402629,0.157436,0.173048,0.00115037,0.399833,0.159933
raw,tv_other19,tv_pool_20250907-M-US_Open-F-Jannik_Sinner-Carlos_Alcaraz,2,100006,17902,9032,8088,6085,5990,0.53903,0.246672,0.221693,0.000493016,0.532053,0.245075
raw,cornell,tv_pool_20250907-M-US_Open-F-Jannik_Sinner-Carlos_Alcaraz,2,100015,27711,18574,11012,6085,5990,0.366968,0.14659,0.173706,0.00542317,0.361102,0.148581
raw,press_pooled,tv_pool_20250907-M-US_Open-F-Jannik_Sinner-Carlos_Alcaraz,2,100174,20105,11977,9406,6085,5990,0.405259,0.168118,0.177814,0.000493016,0.403005,0.170785
raw,tv_other19,tv_pool_20250907-M-US_Open-F-Jannik_Sinner-Carlos_Alcaraz,3,100008,17850,8957,7961,6085,5990,0.540016,0.249466,0.225801,0.00147905,0.533055,0.248915
raw,cornell,tv_pool_20250907-M-US_Open-F-Jannik_Sinner-Carlos_Alcaraz,3,100000,27930,18790,10992,6085,5990,0.370255,0.151356,0.180444,0.00608053,0.36394,0.153422
raw,press_pooled,tv_pool_20250907-M-US_Open-F-Jannik_Sinner-Carlos_Alcaraz,3,100041,20233,12057,9409,6085,5990,0.403615,0.157929,0.162366,0.00147905,0.401836,0.160434
raw,tv_other19,tv_pool_20250907-M-US_Open-F-Jannik_Sinner-Carlos_Alcaraz,4,100011,17870,9000,8092,6085,5990,0.534758,0.247658,0.222843,0.00394412,0.527713,0.246077
raw,cornell,tv_pool_20250907-M-US_Open-F-Jannik_Sinner-Carlos_Alcaraz,4,100043,27715,18502,10987,6085,5990,0.366311,0.143632,0.170912,0.00608053,0.360601,0.14591
raw,press_pooled,tv_pool_20250907-M-US_Open-F-Jannik_Sinner-Carlos_Alcaraz,4,100001,20307,12235,9250,6085,5990,0.399343,0.154478,0.169597,0.000986031,0.397997,0.156928
