target,label,tokens,tokens_comm,R,share_any,share_any_comm,share_shared,share_shared_comm,share_only,share_only_comm,share_strict,share_strict_comm,share_cross,share_cross_comm,share_notC,share_notC_comm,share_notP,share_notP_comm
tv_2019wimF,2019 WIM M F Federer-Djokovic,9791,9344,5,0.309774,0.294392,0.207252,0.206357,0.102523,0.0880351,0.0283117,0.0164384,0.0942907,0.0825985,0.160086,0.148116,0.167766,0.15229
tv_2023wimF,2023 WIM M F Alcaraz-Djokovic,7216,6886,5,0.325111,0.310485,0.215105,0.215074,0.110006,0.095411,0.0273282,0.0156259,0.0991408,0.0891664,0.166325,0.153761,0.186197,0.1684
tv_pool_20190126-W-Australian_Open-F-Naomi_Osaka-Petra_Kvitova,2019 AO W F Osaka-Kvitova,6527,6506,5,0.285828,0.284599,0.204688,0.204058,0.0811399,0.080541,0.0123793,0.0118045,0.0769726,0.0763603,0.136479,0.135875,0.145978,0.145158
tv_pool_20200202-M-Australian_Open-F-Novak_Djokovic-Dominic_Thiem,2020 AO M F Djokovic-Thiem,8371,8282,5,0.31805,0.313741,0.219974,0.217918,0.0980767,0.0958223,0.0180624,0.016566,0.0887588,0.0872495,0.162107,0.160324,0.158261,0.154649
tv_pool_20201010-W-Roland_Garros-F-Iga_Swiatek-Sofia_Kenin,2020 RG W F Swiatek-Kenin,1597,1587,5,0.330119,0.328418,0.233939,0.234783,0.0961803,0.0936358,0.0115216,0.0115942,0.0925485,0.0899811,0.169944,0.167738,0.165435,0.163327
tv_pool_20210220-W-Australian_Open-F-Naomi_Osaka-Jennifer_Brady,2021 AO W F Osaka-Brady,3276,3244,5,0.304396,0.302713,0.208974,0.207337,0.0954212,0.0953761,0.0152015,0.0148582,0.085409,0.0852651,0.150183,0.150432,0.169536,0.167509
tv_pool_20210613-M-Roland_Garros-F-Stefanos_Tsitsipas-Novak_Djokovic,2021 RG M F Tsitsipas-Djokovic,7837,7757,5,0.311905,0.308908,0.213424,0.212917,0.0984816,0.0959907,0.0196249,0.0179966,0.0906725,0.0883073,0.149777,0.147222,0.178742,0.176022
tv_pool_20210911-W-US_Open-F-Emma_Raducanu-Leylah_Fernandez,2021 USO W F Raducanu-Fernandez,3498,3422,5,0.257976,0.253945,0.1757,0.1737,0.0822756,0.0802455,0.0160091,0.0140853,0.0788451,0.0767387,0.134991,0.133781,0.130417,0.127645
tv_pool_20220130-M-Australian_Open-F-Rafael_Nadal-Daniil_Medvedev,2022 AO M F Nadal-Medvedev,11505,11350,5,0.318679,0.31533,0.213803,0.211718,0.104876,0.103612,0.0161321,0.0157357,0.0989135,0.0975683,0.180965,0.180088,0.154872,0.152176
tv_pool_20220531-M-Roland_Garros-QF-Novak_Djokovic-Rafael_Nadal,2022 RG M QF Djokovic-Nadal,8046,7991,5,0.312752,0.310574,0.220557,0.219547,0.0921949,0.0910274,0.0178722,0.0171193,0.0856823,0.08447,0.150261,0.148893,0.169152,0.167814
tv_pool_20220911-M-US_Open-F-Casper_Ruud-Carlos_Alcaraz,2022 USO M F Ruud-Alcaraz,6231,6128,5,0.284706,0.278003,0.197464,0.194909,0.0872412,0.083094,0.0169796,0.0141645,0.0804686,0.077252,0.158658,0.154275,0.125919,0.121312
tv_pool_20230610-W-Roland_Garros-F-Iga_Swiatek-Karolina_Muchova,2023 RG W F Swiatek-Muchova,3800,3762,5,0.334,0.330994,0.242316,0.241999,0.0916842,0.0889952,0.0215263,0.0208931,0.0828421,0.0800638,0.163632,0.161031,0.165684,0.16369
tv_pool_20230910-M-US_Open-F-Novak_Djokovic-Daniil_Medvedev,2023 USO M F Djokovic-Medvedev,5992,5901,5,0.306442,0.302525,0.200334,0.200407,0.106108,0.102118,0.0129172,0.00921878,0.0968291,0.0932045,0.168391,0.164786,0.161682,0.157736
tv_pool_20240128-M-Australian_Open-F-Jannik_Sinner-Daniil_Medvedev,2024 AO M F Sinner-Medvedev,9256,9175,5,0.302809,0.301188,0.19745,0.197864,0.105359,0.103324,0.0132455,0.0125995,0.0982066,0.096109,0.175281,0.173689,0.153349,0.151324
tv_pool_20240608-W-Roland_Garros-F-Iga_Swiatek-Jasmine_Paolini,2024 RG W F Swiatek-Paolini,2368,2341,5,0.33049,0.32704,0.231334,0.226741,0.0991554,0.100299,0.0211993,0.0214438,0.0950169,0.0961128,0.149071,0.15079,0.16799,0.167364
tv_pool_20240713-W-Wimbledon-F-Jasmine_Paolini-Barbora_Krejcikova,2024 WIM W F Paolini-Krejcikova,3825,3726,5,0.296314,0.288137,0.191007,0.189426,0.105307,0.0987118,0.0234248,0.0203435,0.098719,0.0932904,0.16319,0.15781,0.155503,0.146162
tv_pool_20240908-M-US_Open-F-Taylor_Fritz-Jannik_Sinner,2024 USO M F Fritz-Sinner,5756,5709,5,0.244441,0.241724,0.166366,0.165984,0.0780751,0.0757401,0.0105976,0.00910843,0.0738707,0.0718515,0.128666,0.126712,0.12255,0.119706
tv_pool_20250124-M-Australian_Open-SF-Jannik_Sinner-Ben_Shelton,2025 AO M SF Sinner-Shelton,7113,7001,5,0.317953,0.31307,0.217124,0.215512,0.100829,0.0975575,0.0166456,0.0149122,0.097849,0.0945294,0.176831,0.173118,0.154843,0.150978
tv_pool_20250712-W-Wimbledon-F-Amanda_Anisimova-Iga_Swiatek,2025 WIM W F Anisimova-Swiatek,2592,2572,5,0.242207,0.239425,0.159877,0.158787,0.0823302,0.0806376,0.0131173,0.0128305,0.0801698,0.0784603,0.13912,0.137636,0.11821,0.116796
tv_pool_20250907-M-US_Open-F-Jannik_Sinner-Carlos_Alcaraz,2025 USO M F Sinner-Alcaraz,6085,5990,5,0.282104,0.278598,0.189318,0.190284,0.0927855,0.0883139,0.0187346,0.015192,0.0880526,0.0835058,0.147247,0.143105,0.146524,0.142137
