team,label,slot,tokens,share
tv_2019wimF,2019 WIM M F Federer-Djokovic,SCORE,972,0.0992748
tv_2019wimF,2019 WIM M F Federer-Djokovic,OFFICIAL,394,0.040241
tv_2019wimF,2019 WIM M F Federer-Djokovic,SHOT,1764,0.180165
tv_2019wimF,2019 WIM M F Federer-Djokovic,JUDGE,1899,0.193954
tv_2019wimF,2019 WIM M F Federer-Djokovic,STAT,946,0.0966193
tv_2019wimF,2019 WIM M F Federer-Djokovic,CROWD,224,0.0228782
tv_2019wimF,2019 WIM M F Federer-Djokovic,OTHER,3592,0.366868
tv_2023wimF,2023 WIM M F Alcaraz-Djokovic,SCORE,677,0.0938193
tv_2023wimF,2023 WIM M F Alcaraz-Djokovic,OFFICIAL,303,0.04199
tv_2023wimF,2023 WIM M F Alcaraz-Djokovic,SHOT,1577,0.218542
tv_2023wimF,2023 WIM M F Alcaraz-Djokovic,JUDGE,1313,0.181957
tv_2023wimF,2023 WIM M F Alcaraz-Djokovic,STAT,448,0.0620843
tv_2023wimF,2023 WIM M F Alcaraz-Djokovic,CROWD,225,0.0311807
tv_2023wimF,2023 WIM M F Alcaraz-Djokovic,OTHER,2673,0.370427
tv_pool_20190126-W-Australian_Open-F-Naomi_Osaka-Petra_Kvitova,2019 AO W F Osaka-Kvitova,SCORE,231,0.0353915
tv_pool_20190126-W-Australian_Open-F-Naomi_Osaka-Petra_Kvitova,2019 AO W F Osaka-Kvitova,OFFICIAL,35,0.00536234
tv_pool_20190126-W-Australian_Open-F-Naomi_Osaka-Petra_Kvitova,2019 AO W F Osaka-Kvitova,SHOT,1506,0.230734
tv_pool_20190126-W-Australian_Open-F-Naomi_Osaka-Petra_Kvitova,2019 AO W F Osaka-Kvitova,JUDGE,1355,0.207599
tv_pool_20190126-W-Australian_Open-F-Naomi_Osaka-Petra_Kvitova,2019 AO W F Osaka-Kvitova,STAT,523,0.0801287
tv_pool_20190126-W-Australian_Open-F-Naomi_Osaka-Petra_Kvitova,2019 AO W F Osaka-Kvitova,CROWD,105,0.016087
tv_pool_20190126-W-Australian_Open-F-Naomi_Osaka-Petra_Kvitova,2019 AO W F Osaka-Kvitova,OTHER,2772,0.424697
tv_pool_20200202-M-Australian_Open-F-Novak_Djokovic-Dominic_Thiem,2020 AO M F Djokovic-Thiem,SCORE,326,0.038944
tv_pool_20200202-M-Australian_Open-F-Novak_Djokovic-Dominic_Thiem,2020 AO M F Djokovic-Thiem,OFFICIAL,220,0.0262812
tv_pool_20200202-M-Australian_Open-F-Novak_Djokovic-Dominic_Thiem,2020 AO M F Djokovic-Thiem,SHOT,1720,0.205471
tv_pool_20200202-M-Australian_Open-F-Novak_Djokovic-Dominic_Thiem,2020 AO M F Djokovic-Thiem,JUDGE,1991,0.237845
tv_pool_20200202-M-Australian_Open-F-Novak_Djokovic-Dominic_Thiem,2020 AO M F Djokovic-Thiem,STAT,449,0.0536376
tv_pool_20200202-M-Australian_Open-F-Novak_Djokovic-Dominic_Thiem,2020 AO M F Djokovic-Thiem,CROWD,161,0.0192331
tv_pool_20200202-M-Australian_Open-F-Novak_Djokovic-Dominic_Thiem,2020 AO M F Djokovic-Thiem,OTHER,3504,0.418588
tv_pool_20201010-W-Roland_Garros-F-Iga_Swiatek-Sofia_Kenin,2020 RG W F Swiatek-Kenin,SCORE,100,0.0626174
tv_pool_20201010-W-Roland_Garros-F-Iga_Swiatek-Sofia_Kenin,2020 RG W F Swiatek-Kenin,OFFICIAL,32,0.0200376
tv_pool_20201010-W-Roland_Garros-F-Iga_Swiatek-Sofia_Kenin,2020 RG W F Swiatek-Kenin,SHOT,431,0.269881
tv_pool_20201010-W-Roland_Garros-F-Iga_Swiatek-Sofia_Kenin,2020 RG W F Swiatek-Kenin,JUDGE,322,0.201628
tv_pool_20201010-W-Roland_Garros-F-Iga_Swiatek-Sofia_Kenin,2020 RG W F Swiatek-Kenin,STAT,60,0.0375704
tv_pool_20201010-W-Roland_Garros-F-Iga_Swiatek-Sofia_Kenin,2020 RG W F Swiatek-Kenin,CROWD,13,0.00814026
tv_pool_20201010-W-Roland_Garros-F-Iga_Swiatek-Sofia_Kenin,2020 RG W F Swiatek-Kenin,OTHER,639,0.400125
tv_pool_20210220-W-Australian_Open-F-Naomi_Osaka-Jennifer_Brady,2021 AO W F Osaka-Brady,SCORE,182,0.0555556
tv_pool_20210220-W-Australian_Open-F-Naomi_Osaka-Jennifer_Brady,2021 AO W F Osaka-Brady,OFFICIAL,29,0.00885226
tv_pool_20210220-W-Australian_Open-F-Naomi_Osaka-Jennifer_Brady,2021 AO W F Osaka-Brady,SHOT,754,0.230159
tv_pool_20210220-W-Australian_Open-F-Naomi_Osaka-Jennifer_Brady,2021 AO W F Osaka-Brady,JUDGE,838,0.2558
tv_pool_20210220-W-Australian_Open-F-Naomi_Osaka-Jennifer_Brady,2021 AO W F Osaka-Brady,STAT,208,0.0634921
tv_pool_20210220-W-Australian_Open-F-Naomi_Osaka-Jennifer_Brady,2021 AO W F Osaka-Brady,CROWD,122,0.0372405
tv_pool_20210220-W-Australian_Open-F-Naomi_Osaka-Jennifer_Brady,2021 AO W F Osaka-Brady,OTHER,1143,0.348901
tv_pool_20210613-M-Roland_Garros-F-Stefanos_Tsitsipas-Novak_Djokovic,2021 RG M F Tsitsipas-Djokovic,SCORE,591,0.0754115
tv_pool_20210613-M-Roland_Garros-F-Stefanos_Tsitsipas-Novak_Djokovic,2021 RG M F Tsitsipas-Djokovic,OFFICIAL,73,0.00931479
tv_pool_20210613-M-Roland_Garros-F-Stefanos_Tsitsipas-Novak_Djokovic,2021 RG M F Tsitsipas-Djokovic,SHOT,1510,0.192676
tv_pool_20210613-M-Roland_Garros-F-Stefanos_Tsitsipas-Novak_Djokovic,2021 RG M F Tsitsipas-Djokovic,JUDGE,1363,0.173919
tv_pool_20210613-M-Roland_Garros-F-Stefanos_Tsitsipas-Novak_Djokovic,2021 RG M F Tsitsipas-Djokovic,STAT,781,0.0996555
tv_pool_20210613-M-Roland_Garros-F-Stefanos_Tsitsipas-Novak_Djokovic,2021 RG M F Tsitsipas-Djokovic,CROWD,211,0.0269236
tv_pool_20210613-M-Roland_Garros-F-Stefanos_Tsitsipas-Novak_Djokovic,2021 RG M F Tsitsipas-Djokovic,OTHER,3308,0.4221
tv_pool_20210911-W-US_Open-F-Emma_Raducanu-Leylah_Fernandez,2021 USO W F Raducanu-Fernandez,SCORE,216,0.0617496
tv_pool_20210911-W-US_Open-F-Emma_Raducanu-Leylah_Fernandez,2021 USO W F Raducanu-Fernandez,OFFICIAL,79,0.0225843
tv_pool_20210911-W-US_Open-F-Emma_Raducanu-Leylah_Fernandez,2021 USO W F Raducanu-Fernandez,SHOT,608,0.173814
tv_pool_20210911-W-US_Open-F-Emma_Raducanu-Leylah_Fernandez,2021 USO W F Raducanu-Fernandez,JUDGE,624,0.178388
tv_pool_20210911-W-US_Open-F-Emma_Raducanu-Leylah_Fernandez,2021 USO W F Raducanu-Fernandez,STAT,292,0.0834763
tv_pool_20210911-W-US_Open-F-Emma_Raducanu-Leylah_Fernandez,2021 USO W F Raducanu-Fernandez,CROWD,87,0.0248714
tv_pool_20210911-W-US_Open-F-Emma_Raducanu-Leylah_Fernandez,2021 USO W F Raducanu-Fernandez,OTHER,1592,0.455117
tv_pool_20220130-M-Australian_Open-F-Rafael_Nadal-Daniil_Medvedev,2022 AO M F Nadal-Medvedev,SCORE,641,0.0557149
tv_pool_20220130-M-Australian_Open-F-Rafael_Nadal-Daniil_Medvedev,2022 AO M F Nadal-Medvedev,OFFICIAL,104,0.00903955
tv_pool_20220130-M-Australian_Open-F-Rafael_Nadal-Daniil_Medvedev,2022 AO M F Nadal-Medvedev,SHOT,2545,0.221208
tv_pool_20220130-M-Australian_Open-F-Rafael_Nadal-Daniil_Medvedev,2022 AO M F Nadal-Medvedev,JUDGE,2726,0.23694
tv_pool_20220130-M-Australian_Open-F-Rafael_Nadal-Daniil_Medvedev,2022 AO M F Nadal-Medvedev,STAT,571,0.0496306
tv_pool_20220130-M-Australian_Open-F-Rafael_Nadal-Daniil_Medvedev,2022 AO M F Nadal-Medvedev,CROWD,245,0.0212951
tv_pool_20220130-M-Australian_Open-F-Rafael_Nadal-Daniil_Medvedev,2022 AO M F Nadal-Medvedev,OTHER,4673,0.406171
tv_pool_20220531-M-Roland_Garros-QF-Novak_Djokovic-Rafael_Nadal,2022 RG M QF Djokovic-Nadal,SCORE,468,0.0581655
tv_pool_20220531-M-Roland_Garros-QF-Novak_Djokovic-Rafael_Nadal,2022 RG M QF Djokovic-Nadal,OFFICIAL,113,0.0140442
tv_pool_20220531-M-Roland_Garros-QF-Novak_Djokovic-Rafael_Nadal,2022 RG M QF Djokovic-Nadal,SHOT,2223,0.276286
tv_pool_20220531-M-Roland_Garros-QF-Novak_Djokovic-Rafael_Nadal,2022 RG M QF Djokovic-Nadal,JUDGE,1254,0.155854
tv_pool_20220531-M-Roland_Garros-QF-Novak_Djokovic-Rafael_Nadal,2022 RG M QF Djokovic-Nadal,STAT,521,0.0647527
tv_pool_20220531-M-Roland_Garros-QF-Novak_Djokovic-Rafael_Nadal,2022 RG M QF Djokovic-Nadal,CROWD,220,0.0273428
tv_pool_20220531-M-Roland_Garros-QF-Novak_Djokovic-Rafael_Nadal,2022 RG M QF Djokovic-Nadal,OTHER,3247,0.403555
tv_pool_20220911-M-US_Open-F-Casper_Ruud-Carlos_Alcaraz,2022 USO M F Ruud-Alcaraz,SCORE,351,0.0563312
tv_pool_20220911-M-US_Open-F-Casper_Ruud-Carlos_Alcaraz,2022 USO M F Ruud-Alcaraz,OFFICIAL,116,0.0186166
tv_pool_20220911-M-US_Open-F-Casper_Ruud-Carlos_Alcaraz,2022 USO M F Ruud-Alcaraz,SHOT,1341,0.215214
tv_pool_20220911-M-US_Open-F-Casper_Ruud-Carlos_Alcaraz,2022 USO M F Ruud-Alcaraz,JUDGE,1154,0.185203
tv_pool_20220911-M-US_Open-F-Casper_Ruud-Carlos_Alcaraz,2022 USO M F Ruud-Alcaraz,STAT,635,0.10191
tv_pool_20220911-M-US_Open-F-Casper_Ruud-Carlos_Alcaraz,2022 USO M F Ruud-Alcaraz,CROWD,123,0.01974
tv_pool_20220911-M-US_Open-F-Casper_Ruud-Carlos_Alcaraz,2022 USO M F Ruud-Alcaraz,OTHER,2511,0.402985
tv_pool_20230610-W-Roland_Garros-F-Iga_Swiatek-Karolina_Muchova,2023 RG W F Swiatek-Muchova,SCORE,180,0.0473684
tv_pool_20230610-W-Roland_Garros-F-Iga_Swiatek-Karolina_Muchova,2023 RG W F Swiatek-Muchova,OFFICIAL,54,0.0142105
tv_pool_20230610-W-Roland_Garros-F-Iga_Swiatek-Karolina_Muchova,2023 RG W F Swiatek-Muchova,SHOT,1264,0.332632
tv_pool_20230610-W-Roland_Garros-F-Iga_Swiatek-Karolina_Muchova,2023 RG W F Swiatek-Muchova,JUDGE,879,0.231316
tv_pool_20230610-W-Roland_Garros-F-Iga_Swiatek-Karolina_Muchova,2023 RG W F Swiatek-Muchova,STAT,116,0.0305263
tv_pool_20230610-W-Roland_Garros-F-Iga_Swiatek-Karolina_Muchova,2023 RG W F Swiatek-Muchova,CROWD,40,0.0105263
tv_pool_20230610-W-Roland_Garros-F-Iga_Swiatek-Karolina_Muchova,2023 RG W F Swiatek-Muchova,OTHER,1267,0.333421
tv_pool_20230910-M-US_Open-F-Novak_Djokovic-Daniil_Medvedev,2023 USO M F Djokovic-Medvedev,SCORE,396,0.0660881
tv_pool_20230910-M-US_Open-F-Novak_Djokovic-Daniil_Medvedev,2023 USO M F Djokovic-Medvedev,OFFICIAL,40,0.00667557
tv_pool_20230910-M-US_Open-F-Novak_Djokovic-Daniil_Medvedev,2023 USO M F Djokovic-Medvedev,SHOT,1658,0.276702
tv_pool_20230910-M-US_Open-F-Novak_Djokovic-Daniil_Medvedev,2023 USO M F Djokovic-Medvedev,JUDGE,994,0.165888
tv_pool_20230910-M-US_Open-F-Novak_Djokovic-Daniil_Medvedev,2023 USO M F Djokovic-Medvedev,STAT,347,0.0579105
tv_pool_20230910-M-US_Open-F-Novak_Djokovic-Daniil_Medvedev,2023 USO M F Djokovic-Medvedev,CROWD,143,0.0238652
tv_pool_20230910-M-US_Open-F-Novak_Djokovic-Daniil_Medvedev,2023 USO M F Djokovic-Medvedev,OTHER,2414,0.40287
tv_pool_20240128-M-Australian_Open-F-Jannik_Sinner-Daniil_Medvedev,2024 AO M F Sinner-Medvedev,SCORE,322,0.0347882
tv_pool_20240128-M-Australian_Open-F-Jannik_Sinner-Daniil_Medvedev,2024 AO M F Sinner-Medvedev,OFFICIAL,100,0.0108038
tv_pool_20240128-M-Australian_Open-F-Jannik_Sinner-Daniil_Medvedev,2024 AO M F Sinner-Medvedev,SHOT,1934,0.208946
tv_pool_20240128-M-Australian_Open-F-Jannik_Sinner-Daniil_Medvedev,2024 AO M F Sinner-Medvedev,JUDGE,2141,0.231309
tv_pool_20240128-M-Australian_Open-F-Jannik_Sinner-Daniil_Medvedev,2024 AO M F Sinner-Medvedev,STAT,437,0.0472126
tv_pool_20240128-M-Australian_Open-F-Jannik_Sinner-Daniil_Medvedev,2024 AO M F Sinner-Medvedev,CROWD,191,0.0206353
tv_pool_20240128-M-Australian_Open-F-Jannik_Sinner-Daniil_Medvedev,2024 AO M F Sinner-Medvedev,OTHER,4131,0.446305
tv_pool_20240608-W-Roland_Garros-F-Iga_Swiatek-Jasmine_Paolini,2024 RG W F Swiatek-Paolini,SCORE,158,0.066723
tv_pool_20240608-W-Roland_Garros-F-Iga_Swiatek-Jasmine_Paolini,2024 RG W F Swiatek-Paolini,OFFICIAL,24,0.0101351
tv_pool_20240608-W-Roland_Garros-F-Iga_Swiatek-Jasmine_Paolini,2024 RG W F Swiatek-Paolini,SHOT,609,0.257179
tv_pool_20240608-W-Roland_Garros-F-Iga_Swiatek-Jasmine_Paolini,2024 RG W F Swiatek-Paolini,JUDGE,511,0.215794
tv_pool_20240608-W-Roland_Garros-F-Iga_Swiatek-Jasmine_Paolini,2024 RG W F Swiatek-Paolini,STAT,121,0.051098
tv_pool_20240608-W-Roland_Garros-F-Iga_Swiatek-Jasmine_Paolini,2024 RG W F Swiatek-Paolini,CROWD,30,0.0126689
tv_pool_20240608-W-Roland_Garros-F-Iga_Swiatek-Jasmine_Paolini,2024 RG W F Swiatek-Paolini,OTHER,915,0.386402
tv_pool_20240713-W-Wimbledon-F-Jasmine_Paolini-Barbora_Krejcikova,2024 WIM W F Paolini-Krejcikova,SCORE,324,0.0847059
tv_pool_20240713-W-Wimbledon-F-Jasmine_Paolini-Barbora_Krejcikova,2024 WIM W F Paolini-Krejcikova,OFFICIAL,112,0.029281
tv_pool_20240713-W-Wimbledon-F-Jasmine_Paolini-Barbora_Krejcikova,2024 WIM W F Paolini-Krejcikova,SHOT,621,0.162353
tv_pool_20240713-W-Wimbledon-F-Jasmine_Paolini-Barbora_Krejcikova,2024 WIM W F Paolini-Krejcikova,JUDGE,852,0.222745
tv_pool_20240713-W-Wimbledon-F-Jasmine_Paolini-Barbora_Krejcikova,2024 WIM W F Paolini-Krejcikova,STAT,171,0.0447059
tv_pool_20240713-W-Wimbledon-F-Jasmine_Paolini-Barbora_Krejcikova,2024 WIM W F Paolini-Krejcikova,CROWD,64,0.016732
tv_pool_20240713-W-Wimbledon-F-Jasmine_Paolini-Barbora_Krejcikova,2024 WIM W F Paolini-Krejcikova,OTHER,1681,0.439477
tv_pool_20240908-M-US_Open-F-Taylor_Fritz-Jannik_Sinner,2024 USO M F Fritz-Sinner,SCORE,259,0.0449965
tv_pool_20240908-M-US_Open-F-Taylor_Fritz-Jannik_Sinner,2024 USO M F Fritz-Sinner,OFFICIAL,24,0.00416956
tv_pool_20240908-M-US_Open-F-Taylor_Fritz-Jannik_Sinner,2024 USO M F Fritz-Sinner,SHOT,1229,0.213516
tv_pool_20240908-M-US_Open-F-Taylor_Fritz-Jannik_Sinner,2024 USO M F Fritz-Sinner,JUDGE,1030,0.178944
tv_pool_20240908-M-US_Open-F-Taylor_Fritz-Jannik_Sinner,2024 USO M F Fritz-Sinner,STAT,398,0.0691452
tv_pool_20240908-M-US_Open-F-Taylor_Fritz-Jannik_Sinner,2024 USO M F Fritz-Sinner,CROWD,122,0.0211953
tv_pool_20240908-M-US_Open-F-Taylor_Fritz-Jannik_Sinner,2024 USO M F Fritz-Sinner,OTHER,2694,0.468033
tv_pool_20250124-M-Australian_Open-SF-Jannik_Sinner-Ben_Shelton,2025 AO M SF Sinner-Shelton,SCORE,530,0.0745115
tv_pool_20250124-M-Australian_Open-SF-Jannik_Sinner-Ben_Shelton,2025 AO M SF Sinner-Shelton,OFFICIAL,35,0.00492057
tv_pool_20250124-M-Australian_Open-SF-Jannik_Sinner-Ben_Shelton,2025 AO M SF Sinner-Shelton,SHOT,1403,0.197244
tv_pool_20250124-M-Australian_Open-SF-Jannik_Sinner-Ben_Shelton,2025 AO M SF Sinner-Shelton,JUDGE,1624,0.228314
tv_pool_20250124-M-Australian_Open-SF-Jannik_Sinner-Ben_Shelton,2025 AO M SF Sinner-Shelton,STAT,548,0.077042
tv_pool_20250124-M-Australian_Open-SF-Jannik_Sinner-Ben_Shelton,2025 AO M SF Sinner-Shelton,CROWD,127,0.0178546
tv_pool_20250124-M-Australian_Open-SF-Jannik_Sinner-Ben_Shelton,2025 AO M SF Sinner-Shelton,OTHER,2846,0.400112
tv_pool_20250712-W-Wimbledon-F-Amanda_Anisimova-Iga_Swiatek,2025 WIM W F Anisimova-Swiatek,SCORE,185,0.0713735
tv_pool_20250712-W-Wimbledon-F-Amanda_Anisimova-Iga_Swiatek,2025 WIM W F Anisimova-Swiatek,OFFICIAL,25,0.00964506
tv_pool_20250712-W-Wimbledon-F-Amanda_Anisimova-Iga_Swiatek,2025 WIM W F Anisimova-Swiatek,SHOT,290,0.111883
tv_pool_20250712-W-Wimbledon-F-Amanda_Anisimova-Iga_Swiatek,2025 WIM W F Anisimova-Swiatek,JUDGE,633,0.244213
tv_pool_20250712-W-Wimbledon-F-Amanda_Anisimova-Iga_Swiatek,2025 WIM W F Anisimova-Swiatek,STAT,342,0.131944
tv_pool_20250712-W-Wimbledon-F-Amanda_Anisimova-Iga_Swiatek,2025 WIM W F Anisimova-Swiatek,CROWD,35,0.0135031
tv_pool_20250712-W-Wimbledon-F-Amanda_Anisimova-Iga_Swiatek,2025 WIM W F Anisimova-Swiatek,OTHER,1082,0.417438
tv_pool_20250907-M-US_Open-F-Jannik_Sinner-Carlos_Alcaraz,2025 USO M F Sinner-Alcaraz,SCORE,373,0.0612983
tv_pool_20250907-M-US_Open-F-Jannik_Sinner-Carlos_Alcaraz,2025 USO M F Sinner-Alcaraz,OFFICIAL,90,0.0147905
tv_pool_20250907-M-US_Open-F-Jannik_Sinner-Carlos_Alcaraz,2025 USO M F Sinner-Alcaraz,SHOT,1316,0.21627
tv_pool_20250907-M-US_Open-F-Jannik_Sinner-Carlos_Alcaraz,2025 USO M F Sinner-Alcaraz,JUDGE,1121,0.184224
tv_pool_20250907-M-US_Open-F-Jannik_Sinner-Carlos_Alcaraz,2025 USO M F Sinner-Alcaraz,STAT,503,0.0826623
tv_pool_20250907-M-US_Open-F-Jannik_Sinner-Carlos_Alcaraz,2025 USO M F Sinner-Alcaraz,CROWD,83,0.0136401
tv_pool_20250907-M-US_Open-F-Jannik_Sinner-Carlos_Alcaraz,2025 USO M F Sinner-Alcaraz,OTHER,2599,0.427116
