design,corpus,estimate,measure,mean,p2_5,p97_5,replicates
D5i_matched_2019_size,tv_pool_all,insample,a,0.388665,0.369553,0.407336,200
D5i_matched_2019_size,tv_pool_all,insample,a+b,0.423702,0.403193,0.445230,200
D5i_matched_2019_size,tv_pool_all,splithalf,a,0.161811,0.146754,0.177285,200
D5i_matched_2019_size,tv_pool_all,splithalf,a+b,0.176808,0.160615,0.192468,200
D5i_matched_2019_size,text_cornell,insample,a,0.607480,0.588939,0.628875,200
D5i_matched_2019_size,text_cornell,insample,a+b,0.665419,0.644438,0.685361,200
D5i_matched_2019_size,text_cornell,splithalf,a,0.352696,0.327652,0.376459,200
D5i_matched_2019_size,text_cornell,splithalf,a+b,0.409585,0.383824,0.435753,200
D5i_matched_2019_size,press_answers,insample,a,0.486987,0.462740,0.512750,200
D5i_matched_2019_size,press_answers,insample,a+b,0.527943,0.503428,0.553492,200
D5i_matched_2019_size,press_answers,splithalf,a,0.246526,0.226503,0.268484,200
D5i_matched_2019_size,press_answers,splithalf,a+b,0.262894,0.238794,0.288472,200
D5iii_insample_pool_size,tv_pool_all,insample,a,0.698462,0.698462,0.698462,20
D5iii_insample_pool_size,tv_pool_all,insample,a+b,0.769308,0.769308,0.769308,20
D5iii_insample_pool_size,text_cornell,insample,a,0.849800,0.847252,0.851728,20
D5iii_insample_pool_size,text_cornell,insample,a+b,0.898626,0.896402,0.900094,20
D5iii_insample_pool_size,press_answers,insample,a,0.769156,0.764363,0.774015,20
D5iii_insample_pool_size,press_answers,insample,a+b,0.834404,0.828478,0.838970,20
D5ii_heldout_disjoint_groups,text_cornell,heldout,a,0.708518,0.677705,0.727933,50
D5ii_heldout_disjoint_groups,text_cornell,heldout,a+b,0.784279,0.756621,0.804308,50
D5ii_heldout_disjoint_groups,press_answers,heldout,a,0.661168,0.640972,0.681280,50
D5ii_heldout_disjoint_groups,press_answers,heldout,a+b,0.743558,0.722101,0.761244,50
