replicate,insample_a,insample_ab,splithalf_a,splithalf_ab
0,0.159943,0.212440,0.026249,0.041058
1,0.152487,0.225003,0.020223,0.039220
2,0.159432,0.223368,0.031560,0.048922
3,0.157287,0.216832,0.023899,0.039220
4,0.158513,0.218160,0.033704,0.051169
5,0.163620,0.227964,0.029823,0.045041
6,0.168624,0.235420,0.026453,0.047288
7,0.155653,0.217853,0.027270,0.046982
8,0.170054,0.233071,0.028291,0.045348
9,0.166582,0.227760,0.026555,0.038505
10,0.170054,0.226841,0.033807,0.044020
11,0.166684,0.223471,0.025023,0.036768
12,0.159432,0.218057,0.031049,0.041875
13,0.171075,0.227556,0.031457,0.043816
14,0.150853,0.205903,0.024512,0.039832
15,0.167194,0.224696,0.027474,0.042590
16,0.150955,0.213972,0.025534,0.042488
17,0.159534,0.222245,0.027474,0.041977
18,0.160045,0.229292,0.025840,0.042488
19,0.166888,0.230211,0.030436,0.050454
20,0.154223,0.210091,0.024104,0.038811
21,0.149014,0.220100,0.024308,0.045654
22,0.165662,0.221836,0.023185,0.032989
23,0.169339,0.237769,0.033807,0.049944
24,0.163211,0.228884,0.029415,0.046267
25,0.172607,0.238586,0.027678,0.044633
26,0.168522,0.226841,0.030334,0.043918
27,0.166173,0.226228,0.028393,0.045348
28,0.163824,0.225003,0.030743,0.045143
29,0.169850,0.229599,0.026351,0.043305
30,0.165152,0.226637,0.025227,0.040139
31,0.157185,0.218262,0.026861,0.045041
32,0.157185,0.217649,0.022878,0.038096
33,0.156981,0.223266,0.021959,0.037279
34,0.160045,0.221428,0.028802,0.046676
35,0.162394,0.227556,0.028802,0.045041
36,0.155960,0.208150,0.031457,0.047697
37,0.162700,0.215810,0.029313,0.046778
38,0.162598,0.226228,0.027168,0.043611
39,0.159739,0.223164,0.029925,0.046267
40,0.165458,0.225513,0.032479,0.048820
41,0.160453,0.217342,0.023287,0.043611
42,0.165662,0.227862,0.028189,0.048105
43,0.159636,0.214993,0.020529,0.040956
44,0.167092,0.230211,0.032989,0.048310
45,0.163109,0.218772,0.027270,0.042999
46,0.156777,0.218160,0.025023,0.040956
47,0.161679,0.230620,0.025636,0.046063
48,0.158819,0.224185,0.030640,0.050557
49,0.152385,0.211827,0.025227,0.041977
50,0.166786,0.226228,0.022674,0.034521
51,0.158104,0.229088,0.025636,0.042182
52,0.159228,0.208865,0.026964,0.042692
53,0.148197,0.214891,0.026555,0.043509
54,0.168624,0.230518,0.027270,0.042794
55,0.158615,0.213359,0.029925,0.042590
56,0.168011,0.232969,0.023593,0.037177
57,0.156879,0.216525,0.025432,0.044735
58,0.155960,0.220406,0.026249,0.042897
59,0.161577,0.223981,0.027985,0.042590
60,0.158411,0.218874,0.031560,0.050965
61,0.157389,0.217240,0.027781,0.043101
62,0.155142,0.213972,0.034317,0.052089
63,0.165969,0.225922,0.026657,0.048820
64,0.160658,0.217036,0.026861,0.041773
65,0.157185,0.219589,0.022878,0.044837
66,0.161985,0.221836,0.034521,0.047697
67,0.165560,0.228884,0.026861,0.043611
68,0.159943,0.216832,0.026657,0.043305
69,0.161475,0.224390,0.028291,0.051680
70,0.160862,0.222551,0.025840,0.046165
71,0.155960,0.223879,0.019610,0.036462
72,0.153815,0.223879,0.025942,0.045756
73,0.155142,0.211419,0.029108,0.043509
74,0.154428,0.217342,0.026759,0.046471
75,0.172812,0.233378,0.029925,0.050046
76,0.158411,0.218262,0.023082,0.036258
77,0.157798,0.213563,0.031662,0.040752
78,0.169850,0.228067,0.027985,0.040343
79,0.162700,0.218262,0.027678,0.039526
80,0.162292,0.226637,0.031764,0.050046
81,0.163824,0.223879,0.026555,0.046982
82,0.157492,0.218364,0.028087,0.047084
83,0.156572,0.218874,0.026555,0.037790
84,0.170565,0.232356,0.028598,0.043714
85,0.167194,0.226535,0.027678,0.042488
86,0.162803,0.223062,0.029721,0.046267
87,0.155449,0.213768,0.024410,0.038198
88,0.166479,0.230314,0.029823,0.049025
89,0.165254,0.228169,0.031355,0.055970
90,0.164232,0.222858,0.024921,0.043714
91,0.163620,0.224594,0.027270,0.046880
92,0.173016,0.227045,0.027066,0.044633
93,0.164437,0.223368,0.026759,0.042794
94,0.165458,0.224594,0.026044,0.043203
95,0.163926,0.223062,0.027781,0.047493
96,0.162496,0.228986,0.028496,0.045143
97,0.166275,0.223879,0.029415,0.044326
98,0.160249,0.216321,0.027781,0.051987
99,0.153304,0.224492,0.025738,0.044429
100,0.161679,0.220917,0.025125,0.035543
101,0.162803,0.223573,0.022674,0.034419
102,0.155960,0.220406,0.028087,0.046063
103,0.171995,0.226024,0.032377,0.045450
104,0.159126,0.216423,0.029313,0.046369
105,0.160147,0.224900,0.027678,0.045041
106,0.158513,0.216832,0.020835,0.038505
107,0.157287,0.217853,0.033500,0.054336
108,0.159534,0.213257,0.027474,0.048820
109,0.159024,0.220713,0.025636,0.044735
110,0.156777,0.224798,0.025023,0.044224
111,0.157492,0.223164,0.026657,0.037279
112,0.161781,0.231437,0.028700,0.049944
113,0.158411,0.216321,0.033704,0.050863
114,0.161168,0.220815,0.031151,0.043509
115,0.165152,0.222245,0.031253,0.051884
116,0.160453,0.218568,0.026759,0.045246
117,0.165458,0.225003,0.035134,0.051782
118,0.149934,0.209989,0.028802,0.039424
119,0.159943,0.219896,0.033398,0.047084
120,0.160147,0.218772,0.031866,0.049025
121,0.158513,0.218874,0.028496,0.038811
122,0.170667,0.227352,0.026351,0.038403
123,0.169135,0.224288,0.028598,0.047493
124,0.163620,0.218364,0.024206,0.037892
125,0.173527,0.222858,0.029517,0.046267
126,0.164845,0.222551,0.031151,0.046267
127,0.161985,0.222653,0.024614,0.041773
128,0.154632,0.213768,0.021346,0.042794
129,0.159534,0.219079,0.029006,0.039730
130,0.161373,0.223368,0.026964,0.039220
131,0.156368,0.214381,0.028904,0.042284
132,0.159739,0.221428,0.026453,0.042999
133,0.158921,0.212031,0.028291,0.043203
134,0.151772,0.211521,0.028291,0.045143
135,0.168931,0.233990,0.032377,0.047595
136,0.162496,0.218874,0.031764,0.047697
137,0.164335,0.228271,0.028393,0.044837
138,0.157594,0.214891,0.026044,0.039526
139,0.162496,0.214278,0.026759,0.045654
140,0.153304,0.214278,0.024614,0.040956
141,0.169850,0.236850,0.024614,0.047697
142,0.155347,0.218670,0.026759,0.041569
143,0.157594,0.221224,0.030436,0.048718
144,0.161985,0.223675,0.022980,0.036156
145,0.162394,0.222449,0.023695,0.041160
146,0.164130,0.228577,0.025942,0.039730
147,0.164743,0.226024,0.029619,0.042999
148,0.161066,0.213155,0.026759,0.042284
149,0.158002,0.219794,0.030743,0.049127
150,0.159943,0.213972,0.024308,0.040956
151,0.155960,0.216628,0.026861,0.043509
152,0.159943,0.228271,0.031866,0.047084
153,0.160045,0.228067,0.028598,0.047799
154,0.169850,0.231233,0.028189,0.044939
155,0.160453,0.222041,0.021550,0.041365
156,0.160658,0.219794,0.030947,0.046471
157,0.165152,0.223164,0.028700,0.047084
158,0.169952,0.226841,0.036258,0.054948
159,0.163824,0.231335,0.033807,0.050863
160,0.173731,0.228271,0.031355,0.044735
161,0.162905,0.225105,0.025125,0.044122
162,0.162088,0.225513,0.024410,0.048922
163,0.166275,0.232152,0.028802,0.050046
164,0.153713,0.209376,0.031457,0.045858
165,0.168624,0.223573,0.037483,0.053008
166,0.170463,0.225615,0.035951,0.052804
167,0.162905,0.225105,0.025432,0.041365
168,0.166071,0.225207,0.028802,0.044735
169,0.163211,0.228782,0.026453,0.045756
170,0.164539,0.225309,0.030232,0.048105
171,0.173629,0.228986,0.031662,0.048820
172,0.163518,0.225820,0.027678,0.043305
173,0.160249,0.215402,0.025840,0.035747
174,0.157798,0.221530,0.026964,0.043305
175,0.163415,0.220406,0.025432,0.037279
176,0.159432,0.215095,0.030845,0.049842
177,0.163007,0.232050,0.027066,0.049025
178,0.159943,0.212644,0.023185,0.033092
179,0.157798,0.209784,0.031355,0.045858
180,0.168624,0.232765,0.030028,0.048310
181,0.156981,0.214891,0.026861,0.042386
182,0.161781,0.224390,0.031866,0.050046
183,0.159126,0.219079,0.029517,0.046471
184,0.161271,0.224185,0.026555,0.046369
185,0.163415,0.230211,0.028904,0.048514
186,0.151568,0.220202,0.026453,0.040547
187,0.163415,0.229190,0.030640,0.046880
188,0.155857,0.211112,0.024614,0.041058
189,0.166275,0.223879,0.025432,0.038607
190,0.166377,0.225003,0.029721,0.042692
191,0.160760,0.226739,0.031764,0.043101
192,0.162088,0.214789,0.032377,0.046165
193,0.155347,0.215504,0.023593,0.039424
194,0.169646,0.234399,0.034521,0.048208
195,0.161066,0.224390,0.028700,0.042079
196,0.155040,0.223879,0.026453,0.042079
197,0.159841,0.226126,0.027883,0.046676
198,0.164232,0.224594,0.031253,0.043203
199,0.166684,0.222653,0.035849,0.050863
