stream,string,count
tv_2019wimF,the man,6
tv_2019wimF,the great,4
tv_2019wimF,the player,3
tv_2019wimF,the world number one,3
tv_2019wimF,the best returner,2
tv_2019wimF,the greatest,2
tv_2019wimF,the last one,2
tv_2019wimF,the one,2
tv_2019wimF,the best one,1
tv_2019wimF,the better player,1
tv_2019wimF,the concentration no one,1
tv_2019wimF,the defending champion,1
tv_2019wimF,the favorite,1
tv_2019wimF,the highest earning player,1
tv_2019wimF,the match held server,1
tv_2019wimF,the match player,1
tv_2019wimF,the number 21 seed,1
tv_2019wimF,the number one,1
tv_2019wimF,the older man,1
tv_2019wimF,the semi final winner,1
tv_2019wimF,the serbian,1
tv_2019wimF,the server,1
tv_2019wimF,the size of the player,1
tv_2019wimF,the swiss,1
tv_2019wimF,the top seed,1
tv_2019wimF,the touch from the great,1
tv_2019wimF,the volley winner,1
tv_2019wimF,the year end number one,1
tv_2019wimF,the young man,1
tv_2019wimF,the younger man,1
tv_2023wimF,the champion,4
tv_2023wimF,the greatest,3
tv_2023wimF,the world number one,3
tv_2023wimF,the first one,2
tv_2023wimF,the approach was great,1
tv_2023wimF,the best difficult weather player,1
tv_2023wimF,the court that 's one,1
tv_2023wimF,the fifth to a kid,1
tv_2023wimF,the fingers of one,1
tv_2023wimF,the forehand but one,1
tv_2023wimF,the four time defending champion,1
tv_2023wimF,the great,1
tv_2023wimF,the knees this one,1
tv_2023wimF,the last man,1
tv_2023wimF,the only one,1
tv_2023wimF,the player,1
tv_2023wimF,the serb,1
tv_2023wimF,the tournament in sets one,1
tv_2023wimF,the young man,1
tv_2023wimF,the young spaniard,1
