n,filter,formula_types,occurrences,coverage_tokens,coverage_share,types_in_ge1_pool_streams,types_in_ge3_pool_streams,types_in_ge9_pool_streams,types_in_2023
2,stop_filtered,745,2501,4120,0.4207946072924114,640,517,218,353
2,unfiltered,1020,3750,5723,0.584516392605454,906,766,383,542
3,stop_filtered,314,793,1886,0.19262588091104074,221,147,48,96
3,unfiltered,346,868,2049,0.20927382289858032,248,168,56,108
4,stop_filtered,90,196,580,0.05923807578388316,45,25,5,15
4,unfiltered,92,200,584,0.059646614237565114,47,26,5,15
5,stop_filtered,31,65,217,0.02216321111224594,9,7,1,3
5,unfiltered,31,65,217,0.02216321111224594,9,7,1,3
6,stop_filtered,11,23,108,0.011030538249412726,3,3,0,0
6,unfiltered,11,23,108,0.011030538249412726,3,3,0,0
7,stop_filtered,3,6,42,0.004289653763660505,1,1,0,0
7,unfiltered,3,6,42,0.004289653763660505,1,1,0,0
