test,stream,context,effect_param,power,power_bonferroni,mean_achieved_effect,mean_D_reduction_vs_null,nsim,nperm
C3,tv_2019wimF,ctx_dtb_terc,0.000000,0.037500,0.010000,0.000379,,400,999
C3,tv_2019wimF,ctx_dtb_terc,0.010000,0.080000,0.005000,0.009236,,400,999
C3,tv_2019wimF,ctx_dtb_terc,0.020000,0.150000,0.035000,0.019803,,400,999
C3,tv_2019wimF,ctx_dtb_terc,0.030000,0.260000,0.095000,0.031178,,400,999
C3,tv_2019wimF,ctx_dtb_terc,0.040000,0.382500,0.185000,0.039417,,400,999
C3,tv_2019wimF,ctx_dtb_terc,0.050000,0.642500,0.337500,0.052551,,400,999
C3,tv_2019wimF,ctx_dtb_terc,0.060000,0.735000,0.437500,0.057934,,400,999
C3,tv_2019wimF,ctx_dtb_terc,0.070000,0.850000,0.642500,0.068522,,400,999
C3,tv_2019wimF,ctx_dtb_terc,0.080000,0.950000,0.812500,0.080334,,400,999
C3,tv_2019wimF,ctx_dtb_terc,0.090000,0.990000,0.925000,0.092213,,400,999
C3,tv_2019wimF,ctx_dtb_terc,0.100000,0.985000,0.957500,0.096755,,400,999
C3,tv_2019wimF,ctx_dtb_terc,0.120000,1.000000,0.997500,0.117833,,400,999
C3,tv_2019wimF,ctx_dtb_terc,0.140000,1.000000,1.000000,0.139675,,400,999
C3,tv_2019wimF,ctx_dtb_terc,0.160000,1.000000,1.000000,0.159667,,400,999
C3,tv_2019wimF,ctx_ta_terc,0.000000,0.055000,0.015000,-0.000589,,400,999
C3,tv_2019wimF,ctx_ta_terc,0.010000,0.065000,0.015000,0.008950,,400,999
C3,tv_2019wimF,ctx_ta_terc,0.020000,0.117500,0.022500,0.019002,,400,999
C3,tv_2019wimF,ctx_ta_terc,0.030000,0.230000,0.067500,0.028668,,400,999
C3,tv_2019wimF,ctx_ta_terc,0.040000,0.397500,0.127500,0.041344,,400,999
C3,tv_2019wimF,ctx_ta_terc,0.050000,0.547500,0.262500,0.050154,,400,999
C3,tv_2019wimF,ctx_ta_terc,0.060000,0.667500,0.370000,0.058767,,400,999
C3,tv_2019wimF,ctx_ta_terc,0.070000,0.800000,0.595000,0.070389,,400,999
C3,tv_2019wimF,ctx_ta_terc,0.080000,0.912500,0.752500,0.080702,,400,999
C3,tv_2019wimF,ctx_ta_terc,0.090000,0.962500,0.870000,0.091653,,400,999
C3,tv_2019wimF,ctx_ta_terc,0.100000,0.997500,0.967500,0.100343,,400,999
C3,tv_2019wimF,ctx_ta_terc,0.120000,1.000000,0.995000,0.117500,,400,999
C3,tv_2019wimF,ctx_ta_terc,0.140000,1.000000,1.000000,0.140248,,400,999
C3,tv_2019wimF,ctx_ta_terc,0.160000,1.000000,1.000000,0.157445,,400,999
C3,tv_2023wimF,ctx_dtb_terc,0.000000,0.032500,0.002500,0.000712,,400,999
C3,tv_2023wimF,ctx_dtb_terc,0.010000,0.095000,0.020000,0.011327,,400,999
C3,tv_2023wimF,ctx_dtb_terc,0.020000,0.157500,0.057500,0.020741,,400,999
C3,tv_2023wimF,ctx_dtb_terc,0.030000,0.285000,0.112500,0.031226,,400,999
C3,tv_2023wimF,ctx_dtb_terc,0.040000,0.402500,0.217500,0.040875,,400,999
C3,tv_2023wimF,ctx_dtb_terc,0.050000,0.567500,0.347500,0.049382,,400,999
C3,tv_2023wimF,ctx_dtb_terc,0.060000,0.747500,0.522500,0.060571,,400,999
C3,tv_2023wimF,ctx_dtb_terc,0.070000,0.875000,0.700000,0.071733,,400,999
C3,tv_2023wimF,ctx_dtb_terc,0.080000,0.955000,0.850000,0.082738,,400,999
C3,tv_2023wimF,ctx_dtb_terc,0.090000,0.970000,0.925000,0.090759,,400,999
C3,tv_2023wimF,ctx_dtb_terc,0.100000,0.987500,0.967500,0.099162,,400,999
C3,tv_2023wimF,ctx_dtb_terc,0.120000,0.997500,0.997500,0.119864,,400,999
C3,tv_2023wimF,ctx_dtb_terc,0.140000,1.000000,1.000000,0.140106,,400,999
C3,tv_2023wimF,ctx_dtb_terc,0.160000,1.000000,1.000000,0.161027,,400,999
C3,tv_2023wimF,ctx_ta_terc,0.000000,0.052500,0.010000,-0.000427,,400,999
C3,tv_2023wimF,ctx_ta_terc,0.010000,0.087500,0.022500,0.010678,,400,999
C3,tv_2023wimF,ctx_ta_terc,0.020000,0.137500,0.030000,0.020669,,400,999
C3,tv_2023wimF,ctx_ta_terc,0.030000,0.222500,0.085000,0.030679,,400,999
C3,tv_2023wimF,ctx_ta_terc,0.040000,0.347500,0.137500,0.040040,,400,999
C3,tv_2023wimF,ctx_ta_terc,0.050000,0.537500,0.285000,0.051306,,400,999
C3,tv_2023wimF,ctx_ta_terc,0.060000,0.715000,0.435000,0.063129,,400,999
C3,tv_2023wimF,ctx_ta_terc,0.070000,0.802500,0.627500,0.072133,,400,999
C3,tv_2023wimF,ctx_ta_terc,0.080000,0.890000,0.735000,0.079772,,400,999
C3,tv_2023wimF,ctx_ta_terc,0.090000,0.937500,0.840000,0.088697,,400,999
C3,tv_2023wimF,ctx_ta_terc,0.100000,0.970000,0.925000,0.101185,,400,999
C3,tv_2023wimF,ctx_ta_terc,0.120000,1.000000,0.992500,0.120897,,400,999
C3,tv_2023wimF,ctx_ta_terc,0.140000,1.000000,1.000000,0.140119,,400,999
C3,tv_2023wimF,ctx_ta_terc,0.160000,1.000000,1.000000,0.160041,,400,999
C4,tv_2019wimF,dtb_terc,0.000000,0.035000,0.002500,0.304808,-0.003697,400,499
C4,tv_2019wimF,dtb_terc,0.050000,0.042500,0.002500,0.309941,0.311147,400,499
C4,tv_2019wimF,dtb_terc,0.100000,0.130000,0.027500,0.329825,1.295406,400,499
C4,tv_2019wimF,dtb_terc,0.150000,0.217500,0.065000,0.351788,2.186237,400,499
C4,tv_2019wimF,dtb_terc,0.200000,0.362500,0.185000,0.381274,3.385736,400,499
C4,tv_2019wimF,dtb_terc,0.250000,0.650000,0.385000,0.418606,4.883332,400,499
C4,tv_2019wimF,dtb_terc,0.300000,0.800000,0.520000,0.449564,5.758046,400,499
C4,tv_2019wimF,dtb_terc,0.400000,0.965000,0.880000,0.521558,8.776157,400,499
C4,tv_2019wimF,dtb_terc,0.500000,1.000000,0.990000,0.594620,11.852655,400,499
C4,tv_2019wimF,dtb_terc,0.600000,1.000000,1.000000,0.668737,15.561102,400,499
C4,tv_2019wimF,dtb_terc,0.800000,1.000000,1.000000,0.830947,25.656057,400,499
C4,tv_2019wimF,dtb_terc,1.000000,1.000000,1.000000,1.000000,45.685792,400,499
C4,tv_2023wimF,dtb_terc,0.000000,0.032500,0.005000,0.309736,-0.003367,400,499
C4,tv_2023wimF,dtb_terc,0.050000,0.030000,0.007500,0.313263,0.064795,400,499
C4,tv_2023wimF,dtb_terc,0.100000,0.030000,0.005000,0.332472,0.420020,400,499
C4,tv_2023wimF,dtb_terc,0.150000,0.085000,0.022500,0.354326,0.982194,400,499
C4,tv_2023wimF,dtb_terc,0.200000,0.195000,0.060000,0.383236,1.610546,400,499
C4,tv_2023wimF,dtb_terc,0.250000,0.280000,0.107500,0.406869,2.165311,400,499
C4,tv_2023wimF,dtb_terc,0.300000,0.430000,0.225000,0.444096,2.982310,400,499
C4,tv_2023wimF,dtb_terc,0.400000,0.767500,0.527500,0.510039,4.601368,400,499
C4,tv_2023wimF,dtb_terc,0.500000,0.945000,0.852500,0.585667,6.507560,400,499
C4,tv_2023wimF,dtb_terc,0.600000,0.987500,0.965000,0.661544,8.483241,400,499
C4,tv_2023wimF,dtb_terc,0.800000,1.000000,1.000000,0.821584,14.034279,400,499
C4,tv_2023wimF,dtb_terc,1.000000,1.000000,1.000000,1.000000,24.416583,400,499
C5,tv_2019wimF,dead_time_before_s,0.000000,0.042500,0.007500,-0.000906,,400,999
C5,tv_2019wimF,dead_time_before_s,0.050000,0.105000,0.035000,0.040464,,400,999
C5,tv_2019wimF,dead_time_before_s,0.100000,0.292500,0.115000,0.084851,,400,999
C5,tv_2019wimF,dead_time_before_s,0.150000,0.510000,0.245000,0.117728,,400,999
C5,tv_2019wimF,dead_time_before_s,0.200000,0.787500,0.557500,0.163616,,400,999
C5,tv_2019wimF,dead_time_before_s,0.250000,0.935000,0.797500,0.205316,,400,999
C5,tv_2019wimF,dead_time_before_s,0.300000,0.985000,0.942500,0.243412,,400,999
C5,tv_2019wimF,dead_time_before_s,0.350000,1.000000,0.997500,0.283749,,400,999
C5,tv_2019wimF,dead_time_before_s,0.400000,1.000000,1.000000,0.321376,,400,999
C5,tv_2019wimF,dead_time_before_s,0.500000,1.000000,1.000000,0.401026,,400,999
C5,tv_2019wimF,dead_time_before_s,0.600000,1.000000,1.000000,0.475318,,400,999
C5,tv_2023wimF,dead_time_before_s,0.000000,0.052500,0.015000,-0.008673,,400,999
C5,tv_2023wimF,dead_time_before_s,0.050000,0.055000,0.005000,0.037975,,400,999
C5,tv_2023wimF,dead_time_before_s,0.100000,0.135000,0.047500,0.069568,,400,999
C5,tv_2023wimF,dead_time_before_s,0.150000,0.257500,0.115000,0.108194,,400,999
C5,tv_2023wimF,dead_time_before_s,0.200000,0.412500,0.202500,0.147177,,400,999
C5,tv_2023wimF,dead_time_before_s,0.250000,0.627500,0.375000,0.183711,,400,999
C5,tv_2023wimF,dead_time_before_s,0.300000,0.807500,0.562500,0.221567,,400,999
C5,tv_2023wimF,dead_time_before_s,0.350000,0.900000,0.710000,0.252032,,400,999
C5,tv_2023wimF,dead_time_before_s,0.400000,0.982500,0.920000,0.299557,,400,999
C5,tv_2023wimF,dead_time_before_s,0.500000,1.000000,1.000000,0.367483,,400,999
C5,tv_2023wimF,dead_time_before_s,0.600000,1.000000,1.000000,0.431738,,400,999
