player	first	surname	nation	demonyms	source
Amanda Anisimova	amanda	anisimova	USA	american	Sackmann slam *-matches.csv nation1/nation2 (A. Anisimova, 5 rows)
Barbora Krejcikova	barbora	krejcikova	CZE	czech	Sackmann slam *-matches.csv nation1/nation2 (B. Krejcikova, 2 rows)
Ben Shelton	ben	shelton	USA	american	entered by hand from general knowledge [unverified]: absent from the Sackmann match files
Carlos Alcaraz	carlos	alcaraz	ESP	spaniard	entered by hand from general knowledge [unverified]: absent from the Sackmann match files
Casper Ruud	casper	ruud	NOR	norwegian	Sackmann slam *-matches.csv nation1/nation2 (C. Ruud, 1 rows)
Daniil Medvedev	daniil	medvedev	RUS	russian	Sackmann slam *-matches.csv nation1/nation2 (D. Medvedev, 8 rows)
Dominic Thiem	dominic	thiem	AUT	austrian	Sackmann slam *-matches.csv nation1/nation2 (D. Thiem, 9 rows)
Emma Raducanu	emma	raducanu	GBR	brit|briton	entered by hand from general knowledge [unverified]: absent from the Sackmann match files
Iga Swiatek	iga	swiatek	POL	pole	Sackmann slam *-matches.csv nation1/nation2 (I. Swiatek, 6 rows)
Jannik Sinner	jannik	sinner	ITA	italian	Sackmann slam *-matches.csv nation1/nation2 (J. Sinner, 2 rows)
Jasmine Paolini	jasmine	paolini	ITA	italian	Sackmann slam *-matches.csv nation1/nation2 (J. Paolini, 1 rows)
Jennifer Brady	jennifer	brady	USA	american	Sackmann slam *-matches.csv nation1/nation2 (J. Brady, 1 rows)
Karolina Muchova	karolina	muchova	CZE	czech	Sackmann slam *-matches.csv nation1/nation2 (K. Muchova, 3 rows)
Leylah Fernandez	leylah	fernandez	CAN	canadian	Sackmann slam *-matches.csv nation1/nation2 (L. Fernandez, 1 rows)
Naomi Osaka	naomi	osaka	JPN	japanese	Sackmann slam *-matches.csv nation1/nation2 (N. Osaka, 10 rows)
Novak Djokovic	novak	djokovic	SRB	serb|serbian	Sackmann slam *-matches.csv nation1/nation2 (N. Djokovic, 14 rows)
Petra Kvitova	petra	kvitova	CZE	czech	Sackmann slam *-matches.csv nation1/nation2 (P. Kvitova, 12 rows)
Rafael Nadal	rafael	nadal	ESP	spaniard	Sackmann slam *-matches.csv nation1/nation2 (R. Nadal, 12 rows)
Roger Federer	roger	federer	SUI	swiss	Sackmann slam *-matches.csv nation1/nation2 (R. Federer, 10 rows)
Sofia Kenin	sofia	kenin	USA	american	Sackmann slam *-matches.csv nation1/nation2 (S. Kenin, 9 rows)
Stefanos Tsitsipas	stefanos	tsitsipas	GRE	greek	Sackmann slam *-matches.csv nation1/nation2 (S. Tsitsipas, 8 rows)
Taylor Fritz	taylor	fritz	USA	american	Sackmann slam *-matches.csv nation1/nation2 (T. Fritz, 6 rows)
