utt_id,clip_i,point_idx,clip_role,phase,score_call_only,contains_score_call,dedup_action,clip_start_s,clip_end_s,first_hit_s,last_hit_s,n_tok,n_cov,n_tok_R1,n_cov_R1,in_units
tv_2023wimF:0000,0,2.0,rally,between_points,True,True,none,27.64,39.08,32.36,36.84,2,2,0,0,True
tv_2023wimF:0001,1,3.0,ace,clip,False,False,none,60.56,67.8,65.84,65.84,0,0,0,0,False
tv_2023wimF:0002,2,3.0,rally,clip,False,True,none,102.28,106.04,103.32,104.04,38,26,36,24,False
tv_2023wimF:0003,3,4.0,ace,clip,False,False,none,139.8,148.92,144.6,144.6,0,0,0,0,True
tv_2023wimF:0004,4,4.0,rally,clip,False,False,none,159.24,162.92,160.28,160.92,33,13,33,13,True
tv_2023wimF:0005,5,5.0,rally,clip,False,False,none,184.24,193.68,189.36,191.76,26,18,26,18,True
tv_2023wimF:0006,6,6.0,rally,clip,False,False,none,220.28,227.48,224.84,225.48,1,0,1,0,True
tv_2023wimF:0007,7,7.0,rally,between_points,True,True,none,251.48,258.36,252.52,256.44,2,2,0,0,True
tv_2023wimF:0008,8,8.0,rally,clip,False,False,none,279.96,297.28,287.8,295.32,29,23,29,23,True
tv_2023wimF:0009,9,9.0,rally,clip,False,False,none,364.92,382.08,370.2,380.12,22,16,22,16,True
tv_2023wimF:0010,10,10.0,rally,clip,False,True,none,406.68,413.12,410.44,411.08,26,15,24,13,False
tv_2023wimF:0011,11,11.0,rally,clip,False,False,exact_repeat,436.16,441.32,437.2,439.36,0,0,0,0,True
tv_2023wimF:0012,12,12.0,rally,clip,False,False,none,461.52,469.12,462.56,468.32,56,43,56,43,True
tv_2023wimF:0013,13,13.0,first_serve_fault,clip,False,False,exact_repeat,498.2,503.48,501.56,501.56,0,0,0,0,False
tv_2023wimF:0014,14,13.0,rally,clip,False,False,none,528.56,537.04,528.72,536.64,54,41,54,41,False
tv_2023wimF:0015,15,14.0,rally,clip,False,False,none,578.36,584.84,579.4,582.84,36,22,35,20,True
tv_2023wimF:0016,16,15.0,rally,clip,False,True,none,610.4,615.48,611.36,613.52,41,31,39,29,True
tv_2023wimF:0017,17,16.0,first_serve_fault,clip,False,False,none,642.92,648.68,643.96,643.96,0,0,0,0,True
tv_2023wimF:0018,18,16.0,rally,clip,False,False,none,655.8,661.52,655.96,660.84,102,72,101,72,True
tv_2023wimF:0019,19,17.0,rally,clip,False,False,exact_repeat,705.52,713.76,706.56,711.84,0,0,0,0,False
tv_2023wimF:0020,20,,ace,clip,False,False,none,743.64,747.24,744.68,744.68,0,0,0,0,False
tv_2023wimF:0021,21,18.0,rally,clip,False,True,none,756.72,774.04,761.12,772.08,2,2,0,0,True
tv_2023wimF:0022,22,19.0,first_serve_fault,clip,False,False,none,804.96,812.64,806.08,806.08,0,0,0,0,False
tv_2023wimF:0023,23,19.0,rally,clip,False,False,none,818.96,837.52,824.08,834.32,25,21,25,21,False
tv_2023wimF:0024,24,20.0,first_serve_fault,clip,False,False,none,871.24,879.56,872.04,872.04,0,0,0,0,False
tv_2023wimF:0025,25,20.0,rally,clip,False,False,none,886.6,902.48,887.72,901.88,0,0,0,0,False
tv_2023wimF:0026,26,22.0,ace,clip,False,False,none,1023.12,1027.24,1024.16,1024.16,61,39,61,39,False
tv_2023wimF:0027,27,23.0,rally,clip,False,False,none,1057.04,1061.8,1058.08,1058.8,28,15,28,15,True
tv_2023wimF:0028,28,24.0,rally,clip,False,False,none,1083.24,1086.24,1084.28,1084.92,3,0,3,0,True
tv_2023wimF:0029,29,25.0,rally,clip,False,False,none,1106.0,1112.76,1107.04,1111.92,0,0,0,0,True
tv_2023wimF:0030,30,26.0,rally,clip,False,False,none,1143.96,1155.92,1144.36,1153.96,32,21,31,21,True
tv_2023wimF:0031,31,27.0,first_serve_fault,clip,False,False,none,1182.96,1185.96,1184.0,1184.0,0,0,0,0,True
tv_2023wimF:0032,32,27.0,rally,between_points,True,True,none,1193.92,1199.16,1194.96,1198.32,2,2,0,0,True
tv_2023wimF:0033,33,28.0,rally,clip,False,False,none,1223.96,1228.08,1224.92,1225.64,13,11,13,11,True
tv_2023wimF:0034,34,29.0,rally,clip,False,False,none,1277.16,1292.92,1278.2,1290.44,43,24,43,24,True
tv_2023wimF:0035,35,30.0,first_serve_fault,clip,False,False,none,1318.28,1321.28,1319.32,1319.32,0,0,0,0,True
tv_2023wimF:0036,36,30.0,rally,clip,False,False,none,1330.64,1334.44,1331.68,1333.76,98,81,98,81,True
tv_2023wimF:0037,37,31.0,rally,clip,False,False,none,1364.68,1379.2,1374.76,1375.48,61,41,61,41,True
tv_2023wimF:0038,38,32.0,rally,clip,False,False,none,1396.2,1402.48,1397.24,1400.44,47,33,47,33,True
tv_2023wimF:0039,39,33.0,rally,clip,False,False,none,1424.56,1431.76,1425.6,1429.84,0,0,0,0,True
tv_2023wimF:0040,40,34.0,rally,clip,False,False,none,1455.8,1468.84,1461.48,1468.36,33,20,33,20,False
tv_2023wimF:0041,41,35.0,rally,clip,False,False,none,1497.44,1502.6,1498.48,1500.64,118,86,116,86,False
tv_2023wimF:0042,42,36.0,rally,clip,False,False,exact_repeat,1535.6,1538.6,1536.0,1538.08,0,0,0,0,True
tv_2023wimF:0043,43,37.0,rally,clip,False,False,exact_repeat,1557.16,1567.16,1564.52,1565.16,0,0,0,0,True
tv_2023wimF:0044,44,38.0,first_serve_fault,clip,False,False,none,1580.52,1588.08,1586.12,1586.12,69,34,69,34,True
tv_2023wimF:0045,45,38.0,rally,clip,False,False,exact_repeat,1596.52,1601.36,1597.56,1599.4,0,0,0,0,True
tv_2023wimF:0046,46,39.0,first_serve_fault,clip,False,False,none,1614.04,1631.72,1624.28,1624.28,18,11,18,11,True
tv_2023wimF:0047,47,39.0,double_fault,clip,False,False,none,1635.0,1639.08,1636.04,1636.04,31,26,31,26,True
tv_2023wimF:0048,48,40.0,rally,clip,False,False,none,1662.84,1678.08,1663.8,1676.12,2,2,2,2,True
tv_2023wimF:0049,49,41.0,rally,clip,False,False,none,1697.6,1711.28,1704.64,1709.12,25,21,25,21,True
tv_2023wimF:0050,50,42.0,rally,clip,False,False,none,1756.08,1770.48,1757.2,1768.48,18,12,18,12,True
tv_2023wimF:0051,51,43.0,first_serve_fault,clip,False,False,none,1793.04,1806.64,1800.24,1800.24,0,0,0,0,False
tv_2023wimF:0052,52,43.0,rally,clip,False,False,none,1808.88,1820.76,1815.36,1818.8,8,7,8,7,False
tv_2023wimF:0053,53,44.0,rally,between_points,True,True,none,1838.28,1846.48,1843.8,1844.52,2,2,0,0,False
tv_2023wimF:0054,54,45.0,rally,clip,False,False,none,1866.92,1875.0,1867.96,1873.08,11,8,11,8,False
tv_2023wimF:0055,55,46.0,rally,clip,False,False,none,1890.4,1896.72,1891.44,1894.8,39,33,39,33,True
tv_2023wimF:0056,56,48.0,rally,clip,False,False,none,1957.32,1965.44,1957.72,1962.2,51,38,51,38,True
tv_2023wimF:0057,57,49.0,rally,between_points,True,True,none,1989.68,1993.32,1990.64,1991.44,2,2,0,0,True
tv_2023wimF:0058,58,50.0,rally,clip,False,False,none,2015.84,2019.44,2016.88,2017.52,101,72,100,70,True
tv_2023wimF:0059,59,51.0,first_serve_fault,clip,False,False,none,2077.08,2080.08,2078.12,2078.12,0,0,0,0,True
tv_2023wimF:0060,60,51.0,double_fault,clip,False,False,none,2104.08,2107.08,2105.12,2105.12,26,21,25,21,True
tv_2023wimF:0061,61,52.0,first_serve_fault,clip,False,False,none,2130.32,2137.48,2135.6,2135.6,10,4,10,4,True
tv_2023wimF:0062,62,52.0,rally,clip,False,True,none,2144.44,2159.72,2150.76,2157.8,79,63,78,62,True
tv_2023wimF:0063,63,53.0,rally,clip,False,True,none,2190.96,2197.68,2192.08,2196.72,50,34,46,29,True
tv_2023wimF:0064,64,54.0,ace,clip,False,False,none,2232.08,2237.76,2233.12,2233.12,0,0,0,0,True
tv_2023wimF:0065,65,54.0,rally,clip,False,True,none,2251.76,2269.24,2252.88,2264.56,70,53,66,49,True
tv_2023wimF:0066,66,55.0,first_serve_fault,clip,False,False,none,2298.4,2301.4,2299.44,2299.44,0,0,0,0,True
tv_2023wimF:0067,67,55.0,rally,clip,False,True,none,2316.84,2320.64,2317.88,2318.6,27,19,25,16,True
tv_2023wimF:0068,68,56.0,rally,clip,False,False,none,2374.56,2386.08,2375.6,2385.36,0,0,0,0,True
tv_2023wimF:0069,69,57.0,first_serve_fault,clip,False,False,none,2419.0,2427.88,2425.96,2425.96,102,74,101,72,True
tv_2023wimF:0070,70,57.0,rally,clip,False,True,none,2430.72,2448.4,2444.56,2447.36,22,17,20,15,True
tv_2023wimF:0071,71,59.0,rally,clip,False,False,none,2531.68,2544.52,2533.6,2543.52,12,7,11,5,True
tv_2023wimF:0072,72,60.0,rally,clip,False,False,none,2583.64,2591.2,2584.68,2589.32,70,49,68,47,True
tv_2023wimF:0073,73,62.0,first_serve_fault,clip,False,False,none,2674.72,2678.32,2675.68,2675.68,0,0,0,0,True
tv_2023wimF:0074,74,62.0,rally,clip,False,False,none,2687.12,2695.44,2687.28,2694.08,0,0,0,0,True
tv_2023wimF:0075,75,63.0,rally,clip,False,False,none,2725.28,2748.56,2725.6,2746.64,44,36,44,36,True
tv_2023wimF:0076,76,64.0,rally,clip,False,False,none,2787.24,2793.28,2788.28,2791.4,32,22,32,22,True
tv_2023wimF:0077,77,65.0,first_serve_fault,clip,False,False,none,2828.0,2831.0,2828.96,2828.96,49,24,49,24,True
tv_2023wimF:0078,78,65.0,rally,clip,False,False,exact_repeat,2840.96,2844.76,2841.28,2842.0,0,0,0,0,True
tv_2023wimF:0079,79,66.0,rally,clip,False,False,none,2871.48,2882.48,2872.6,2881.88,40,25,40,25,True
tv_2023wimF:0080,80,67.0,rally,clip,False,False,none,2913.48,2918.08,2914.52,2916.52,0,0,0,0,False
tv_2023wimF:0081,81,68.0,rally,clip,False,False,none,2963.68,2983.4,2963.68,2981.44,14,10,14,10,False
tv_2023wimF:0082,82,69.0,rally,clip,False,False,none,3027.48,3034.12,3028.52,3032.2,87,64,87,64,True
tv_2023wimF:0083,83,70.0,first_serve_fault,clip,False,False,none,3064.48,3067.48,3065.52,3065.52,0,0,0,0,True
tv_2023wimF:0084,84,70.0,rally,clip,False,False,none,3077.84,3088.24,3078.88,3086.16,38,23,38,23,True
tv_2023wimF:0085,85,71.0,first_serve_fault,clip,False,False,none,3132.8,3135.8,3133.84,3133.84,0,0,0,0,True
tv_2023wimF:0086,86,71.0,rally,clip,False,False,none,3145.48,3151.52,3146.52,3149.48,38,34,38,34,True
tv_2023wimF:0087,87,72.0,rally,clip,False,False,none,3181.44,3185.2,3182.48,3183.2,3,0,3,0,True
tv_2023wimF:0088,88,73.0,rally,clip,False,False,none,3208.28,3220.8,3213.4,3214.2,4,3,4,3,False
tv_2023wimF:0089,89,74.0,rally,clip,False,False,none,3287.24,3319.52,3288.28,3318.84,0,0,0,0,True
tv_2023wimF:0090,90,75.0,rally,clip,False,False,none,3374.12,3380.64,3375.16,3378.68,110,67,108,67,True
tv_2023wimF:0091,91,76.0,rally,clip,False,False,none,3417.64,3421.36,3418.76,3419.4,38,29,38,29,True
tv_2023wimF:0092,92,77.0,first_serve_fault,clip,False,False,none,3455.2,3460.68,3456.24,3456.24,0,0,0,0,True
tv_2023wimF:0093,93,77.0,rally,clip,False,False,none,3474.48,3490.28,3475.52,3488.32,81,61,81,61,True
tv_2023wimF:0094,94,78.0,rally,clip,False,False,none,3508.16,3520.24,3517.44,3518.08,12,9,12,9,True
tv_2023wimF:0095,95,79.0,rally,clip,False,False,none,3538.4,3547.52,3543.52,3546.72,41,31,41,31,True
tv_2023wimF:0096,96,80.0,rally,clip,False,False,none,3569.72,3581.08,3570.76,3579.32,37,27,37,27,True
tv_2023wimF:0097,97,81.0,rally,clip,False,False,none,3603.84,3608.6,3604.88,3605.52,26,20,26,20,True
tv_2023wimF:0098,98,82.0,rally,clip,False,False,none,3624.68,3646.44,3630.2,3644.6,77,53,77,53,True
tv_2023wimF:0099,99,83.0,rally,clip,False,False,none,3679.32,3685.6,3680.36,3684.6,0,0,0,0,True
tv_2023wimF:0100,100,84.0,rally,clip,False,False,none,3715.4,3721.84,3716.44,3719.88,2,2,2,2,True
tv_2023wimF:0101,101,85.0,first_serve_fault,clip,False,False,none,3742.0,3747.92,3743.04,3743.04,0,0,0,0,True
tv_2023wimF:0102,102,85.0,rally,between_points,True,True,none,3753.88,3756.88,3754.92,3755.48,2,0,0,0,True
tv_2023wimF:0103,103,86.0,rally,clip,False,False,none,3785.84,3791.36,3786.16,3789.36,20,14,20,14,False
tv_2023wimF:0104,104,87.0,rally,clip,False,False,none,3826.6,3848.4,3827.64,3847.72,9,2,9,2,False
tv_2023wimF:0105,105,88.0,rally,clip,False,False,none,3914.12,3926.2,3915.16,3925.4,58,46,58,46,False
tv_2023wimF:0106,106,89.0,ace,clip,False,False,none,3978.36,3984.04,3979.48,3979.48,0,0,0,0,True
tv_2023wimF:0107,107,,rally,clip,False,False,none,3992.08,3999.8,3997.12,3997.84,1,0,1,0,False
tv_2023wimF:0108,108,90.0,rally,clip,False,False,none,4025.12,4031.16,4026.16,4029.2,2,2,2,2,True
tv_2023wimF:0109,109,,first_serve_fault,clip,False,False,none,4062.16,4065.16,4063.28,4063.28,0,0,0,0,False
tv_2023wimF:0110,110,91.0,rally,clip,False,False,none,4079.08,4082.08,4080.12,4081.0,32,13,32,13,True
tv_2023wimF:0111,111,92.0,rally,clip,False,False,none,4103.08,4113.12,4109.08,4109.8,4,2,4,2,True
tv_2023wimF:0112,112,93.0,first_serve_fault,clip,False,False,none,4151.36,4158.4,4152.4,4152.4,15,8,15,8,True
tv_2023wimF:0113,113,93.0,rally,clip,False,True,none,4163.96,4171.68,4164.92,4170.44,32,12,30,12,True
tv_2023wimF:0114,114,94.0,rally,clip,False,False,none,4200.64,4211.84,4201.6,4211.12,0,0,0,0,True
tv_2023wimF:0115,115,95.0,first_serve_fault,clip,False,False,none,4255.48,4263.2,4256.52,4256.52,0,0,0,0,True
tv_2023wimF:0116,116,95.0,rally,clip,False,False,none,4269.04,4273.56,4269.36,4271.6,75,64,75,64,True
tv_2023wimF:0117,117,96.0,ace,clip,False,False,none,4297.6,4300.6,4298.72,4298.72,60,37,60,37,False
tv_2023wimF:0118,118,97.0,first_serve_fault,clip,False,False,none,4330.12,4333.12,4331.16,4331.16,22,16,22,16,False
tv_2023wimF:0119,119,97.0,rally,clip,False,True,none,4340.32,4351.36,4345.28,4349.36,77,57,75,56,False
tv_2023wimF:0120,120,98.0,rally,clip,False,False,none,4397.48,4418.4,4400.84,4415.96,37,21,37,21,True
tv_2023wimF:0121,121,99.0,first_serve_fault,clip,False,False,none,4447.96,4455.2,4449.0,4449.0,0,0,0,0,True
tv_2023wimF:0122,122,99.0,rally,clip,False,True,none,4461.84,4479.28,4467.44,4477.36,2,2,0,0,True
tv_2023wimF:0123,123,100.0,first_serve_fault,clip,False,False,none,4511.76,4520.8,4512.8,4512.8,0,0,0,0,True
tv_2023wimF:0124,124,100.0,rally,clip,False,False,none,4529.0,4535.84,4530.04,4533.88,4,0,4,0,True
tv_2023wimF:0125,125,101.0,rally,clip,False,False,none,4560.96,4566.92,4562.0,4562.72,0,0,0,0,True
tv_2023wimF:0126,126,102.0,rally,clip,False,False,none,4611.92,4616.88,4612.96,4614.88,43,28,43,28,True
tv_2023wimF:0127,127,103.0,rally,clip,False,False,none,4650.28,4658.76,4651.32,4657.0,0,0,0,0,True
tv_2023wimF:0128,128,104.0,first_serve_fault,clip,False,False,none,4687.2,4690.2,4687.6,4687.6,69,44,69,44,False
tv_2023wimF:0129,129,105.0,rally,clip,False,True,none,4754.48,4764.08,4755.52,4761.36,41,24,39,22,True
tv_2023wimF:0130,130,106.0,first_serve_fault,clip,False,False,none,4805.52,4808.52,4806.56,4806.56,0,0,0,0,False
tv_2023wimF:0131,131,106.0,rally,changeover,False,False,none,4820.4,4824.12,4821.44,4822.08,22,19,22,19,False
tv_2023wimF:0132,132,107.0,rally,clip,False,False,none,4856.28,4862.12,4857.4,4860.2,20,13,20,13,True
tv_2023wimF:0133,133,108.0,rally,clip,False,False,none,4888.88,4894.36,4890.0,4893.44,8,5,8,5,True
tv_2023wimF:0134,134,109.0,rally,clip,False,False,none,4932.28,4939.12,4933.32,4936.76,35,26,35,26,True
tv_2023wimF:0135,135,110.0,rally,clip,False,False,none,4963.8,4976.28,4964.84,4974.28,3,2,3,2,True
tv_2023wimF:0136,136,111.0,rally,clip,False,False,none,5068.48,5073.56,5069.52,5072.64,31,25,31,25,True
tv_2023wimF:0137,137,112.0,rally,clip,False,False,none,5102.68,5109.92,5103.72,5107.96,62,50,62,50,True
tv_2023wimF:0138,138,113.0,rally,clip,False,False,none,5143.08,5163.72,5144.12,5161.16,69,50,69,50,True
tv_2023wimF:0139,139,114.0,first_serve_fault,clip,False,False,none,5201.72,5205.48,5202.76,5202.76,0,0,0,0,True
tv_2023wimF:0140,140,114.0,rally,clip,False,False,none,5219.2,5226.48,5220.24,5225.36,24,11,24,11,True
tv_2023wimF:0141,141,115.0,first_serve_fault,clip,False,True,none,5281.08,5284.08,5282.12,5282.12,74,51,72,49,True
tv_2023wimF:0142,142,115.0,rally,clip,False,False,exact_repeat,5292.56,5300.16,5293.52,5298.16,0,0,0,0,True
tv_2023wimF:0143,143,116.0,rally,clip,False,False,none,5342.0,5362.08,5342.24,5361.36,0,0,0,0,True
tv_2023wimF:0144,144,117.0,rally,clip,False,False,none,5395.68,5399.84,5396.0,5396.72,17,12,17,12,True
tv_2023wimF:0145,145,119.0,rally,clip,False,False,none,5450.76,5454.48,5451.8,5452.52,2,0,2,0,False
tv_2023wimF:0146,146,120.0,rally,clip,False,False,none,5481.72,5488.96,5482.76,5487.16,65,50,65,50,False
tv_2023wimF:0147,147,121.0,first_serve_fault,clip,False,False,none,5520.84,5523.84,5521.88,5521.88,13,11,13,11,False
tv_2023wimF:0148,148,122.0,ace,clip,False,False,none,5580.08,5585.52,5581.12,5581.12,0,0,0,0,True
tv_2023wimF:0149,149,,rally,clip,False,True,none,5591.84,5600.16,5597.44,5598.16,2,2,0,0,False
tv_2023wimF:0150,150,123.0,rally,clip,False,True,none,5621.32,5637.52,5624.68,5635.64,17,13,15,11,True
tv_2023wimF:0151,151,125.0,rally,clip,False,False,none,5696.56,5701.32,5697.6,5698.32,75,47,75,47,False
tv_2023wimF:0152,152,126.0,first_serve_fault,clip,False,False,none,5735.68,5738.68,5736.72,5736.72,0,0,0,0,False
tv_2023wimF:0153,153,126.0,rally,clip,False,False,none,5747.52,5752.6,5748.56,5750.64,14,10,14,10,False
tv_2023wimF:0154,154,140.0,rally,clip,False,False,none,6461.84,6467.4,6462.88,6465.52,2,0,1,0,True
tv_2023wimF:0155,155,141.0,rally,clip,False,True,none,6491.24,6509.32,6492.36,6507.4,60,48,56,44,True
tv_2023wimF:0156,156,142.0,ace,clip,False,False,exact_repeat,6540.48,6543.48,6541.52,6541.52,0,0,0,0,True
tv_2023wimF:0157,157,143.0,rally,clip,False,False,none,6583.08,6591.4,6584.12,6590.68,56,40,56,40,True
tv_2023wimF:0158,158,144.0,rally,clip,False,True,none,6621.2,6636.24,6622.24,6634.32,17,12,15,10,True
tv_2023wimF:0159,159,145.0,first_serve_fault,clip,False,False,none,6669.32,6672.32,6670.36,6670.36,0,0,0,0,False
tv_2023wimF:0160,160,,rally,clip,False,False,none,6684.76,6688.6,6685.8,6686.6,18,12,18,12,False
tv_2023wimF:0161,161,146.0,rally,clip,False,True,none,6714.64,6732.4,6715.68,6730.48,68,52,66,51,False
tv_2023wimF:0162,162,,first_serve_fault,clip,False,False,none,6803.48,6807.2,6804.52,6804.52,0,0,0,0,False
tv_2023wimF:0163,163,,rally,clip,False,False,none,6826.24,6834.24,6827.28,6832.32,42,29,42,29,False
tv_2023wimF:0164,164,148.0,rally,clip,False,True,none,6849.96,6876.8,6852.12,6874.84,19,12,17,10,True
tv_2023wimF:0165,165,149.0,rally,clip,False,False,none,6904.4,6907.4,6904.72,6905.44,95,77,95,77,True
tv_2023wimF:0166,166,150.0,rally,clip,False,False,exact_repeat,6926.92,6930.56,6927.96,6928.6,0,0,0,0,True
tv_2023wimF:0167,167,151.0,first_serve_fault,clip,False,False,none,6952.88,6956.56,6953.92,6953.92,0,0,0,0,False
tv_2023wimF:0168,168,152.0,first_serve_fault,clip,False,False,none,6999.08,7002.68,7000.12,7000.12,0,0,0,0,True
tv_2023wimF:0169,169,152.0,rally,clip,False,False,none,7011.96,7018.72,7012.2,7017.96,33,25,32,25,True
tv_2023wimF:0170,170,153.0,rally,clip,False,False,none,7041.92,7045.6,7043.04,7043.6,0,0,0,0,True
tv_2023wimF:0171,171,154.0,rally,between_points,True,True,none,7068.44,7075.16,7072.44,7073.16,2,2,0,0,True
tv_2023wimF:0172,172,155.0,rally,clip,False,False,none,7091.0,7108.96,7092.04,7107.0,0,0,0,0,True
tv_2023wimF:0173,173,156.0,rally,clip,False,False,none,7144.0,7156.88,7147.44,7154.88,2,0,1,0,True
tv_2023wimF:0174,174,157.0,first_serve_fault,clip,False,False,none,7184.48,7187.48,7185.6,7185.6,0,0,0,0,True
tv_2023wimF:0175,175,157.0,rally,clip,False,False,none,7197.92,7212.16,7198.96,7210.4,49,37,49,37,True
tv_2023wimF:0176,176,158.0,rally,clip,False,False,none,7245.48,7253.76,7251.08,7251.8,7,7,7,7,True
tv_2023wimF:0177,177,,ace,clip,False,False,none,7278.48,7287.16,7279.52,7279.52,0,0,0,0,False
tv_2023wimF:0178,178,159.0,rally,changeover,False,False,none,7295.76,7306.44,7296.88,7297.6,21,15,21,15,False
tv_2023wimF:0179,179,160.0,rally,clip,False,False,none,7333.56,7349.64,7333.88,7347.72,35,27,35,27,True
tv_2023wimF:0180,180,161.0,rally,clip,False,False,exact_repeat,7372.72,7376.52,7373.76,7374.56,0,0,0,0,True
tv_2023wimF:0181,181,162.0,rally,clip,False,False,none,7399.68,7407.32,7400.72,7405.44,26,10,26,10,True
tv_2023wimF:0182,182,163.0,first_serve_fault,clip,False,False,none,7433.88,7440.04,7434.92,7434.92,0,0,0,0,True
tv_2023wimF:0183,183,163.0,rally,clip,False,False,none,7446.04,7460.8,7446.36,7458.84,51,37,50,34,True
tv_2023wimF:0184,184,164.0,first_serve_fault,clip,False,False,none,7489.48,7492.48,7490.52,7490.52,0,0,0,0,True
tv_2023wimF:0185,185,164.0,rally,clip,False,False,none,7502.24,7516.72,7502.4,7514.8,60,47,59,46,True
tv_2023wimF:0186,186,165.0,first_serve_fault,clip,False,False,none,7544.28,7548.04,7545.32,7545.32,12,10,12,10,True
tv_2023wimF:0187,187,165.0,rally,clip,False,False,none,7568.24,7571.24,7568.56,7569.28,31,22,31,22,True
tv_2023wimF:0188,188,166.0,first_serve_fault,clip,False,False,none,7598.84,7601.84,7599.88,7599.88,3,2,3,2,False
tv_2023wimF:0189,189,166.0,rally,clip,False,True,none,7627.96,7633.36,7628.04,7630.92,39,30,37,30,False
tv_2023wimF:0190,190,167.0,rally,clip,False,False,none,7661.84,7664.84,7662.88,7663.6,13,12,13,12,True
tv_2023wimF:0191,191,168.0,rally,clip,False,False,none,7711.76,7717.96,7712.8,7716.0,19,12,19,12,False
tv_2023wimF:0192,192,170.0,first_serve_fault,clip,False,False,none,7823.96,7831.56,7825.08,7825.08,0,0,0,0,True
tv_2023wimF:0193,193,170.0,rally,clip,False,False,none,7841.36,7847.88,7842.48,7846.0,4,4,4,4,True
tv_2023wimF:0194,194,171.0,ace,clip,False,False,exact_repeat,7868.36,7871.36,7869.48,7869.48,0,0,0,0,False
tv_2023wimF:0195,195,,rally,clip,False,False,none,7927.56,7934.8,7928.68,7933.4,0,0,0,0,False
tv_2023wimF:0196,196,172.0,rally,clip,False,False,none,7974.04,7990.84,7975.08,7988.92,2,2,2,2,True
tv_2023wimF:0197,197,173.0,rally,clip,False,False,none,8014.96,8019.92,8016.0,8018.0,15,13,15,13,True
tv_2023wimF:0198,198,174.0,first_serve_fault,clip,False,False,none,8044.8,8052.44,8045.84,8045.84,0,0,0,0,True
tv_2023wimF:0199,199,174.0,rally,clip,False,True,none,8057.68,8062.84,8058.72,8060.88,38,32,37,32,True
tv_2023wimF:0200,200,175.0,rally,clip,False,False,none,8084.36,8115.28,8086.2,8112.84,43,24,43,24,True
tv_2023wimF:0201,201,176.0,first_serve_fault,clip,False,False,none,8141.16,8144.16,8141.4,8141.4,0,0,0,0,False
tv_2023wimF:0202,202,176.0,rally,clip,False,True,none,8147.04,8159.48,8148.16,8157.52,43,29,41,29,False
tv_2023wimF:0203,203,177.0,rally,clip,False,False,none,8187.64,8191.36,8188.76,8191.08,0,0,0,0,True
tv_2023wimF:0204,204,178.0,rally,clip,False,True,none,8317.72,8333.76,8323.4,8331.72,59,48,57,45,False
tv_2023wimF:0205,205,181.0,first_serve_fault,clip,False,False,none,8357.24,8370.88,8360.04,8360.04,0,0,0,0,False
tv_2023wimF:0206,206,182.0,rally,clip,False,False,none,8665.4,8685.88,8666.52,8683.96,1,0,1,0,False
tv_2023wimF:0207,207,187.0,rally,clip,False,True,none,9318.68,9323.64,9319.72,9321.64,14,11,12,9,False
tv_2023wimF:0208,208,201.0,rally,clip,False,False,none,9355.88,9366.04,9356.92,9364.12,19,8,19,8,True
tv_2023wimF:0209,209,202.0,rally,clip,False,False,none,9393.12,9396.12,9393.44,9394.16,31,23,31,23,True
tv_2023wimF:0210,210,203.0,rally,clip,False,True,none,9411.96,9416.52,9412.92,9413.56,11,6,9,4,True
tv_2023wimF:0211,211,204.0,first_serve_fault,clip,False,False,none,9425.84,9438.12,9435.52,9435.52,37,24,37,24,True
tv_2023wimF:0212,212,204.0,rally,clip,False,False,none,9458.44,9462.04,9459.48,9460.12,24,17,24,17,True
tv_2023wimF:0213,213,205.0,rally,clip,False,False,none,9492.6,9501.32,9496.04,9499.32,10,0,10,0,True
tv_2023wimF:0214,214,,first_serve_fault,clip,False,False,none,9519.68,9522.68,9520.72,9520.72,0,0,0,0,False
tv_2023wimF:0215,215,206.0,rally,clip,False,True,none,9527.04,9535.12,9532.48,9533.2,29,19,26,17,True
tv_2023wimF:0216,216,207.0,rally,clip,False,False,exact_repeat,9549.08,9560.96,9556.28,9558.44,0,0,0,0,False
tv_2023wimF:0217,217,208.0,rally,clip,False,False,none,9574.92,9578.56,9575.96,9576.6,61,42,61,42,False
tv_2023wimF:0218,218,,rally,clip,False,False,exact_repeat,9593.0,9598.76,9594.04,9596.84,0,0,0,0,False
tv_2023wimF:0219,219,210.0,rally,between_points,True,True,none,9609.28,9614.68,9609.6,9613.92,2,2,0,0,True
tv_2023wimF:0220,220,211.0,ace,clip,False,False,none,9635.92,9638.92,9636.96,9636.96,0,0,0,0,True
tv_2023wimF:0221,221,213.0,rally,clip,False,True,none,9715.36,9724.56,9716.4,9722.64,2,2,0,0,True
tv_2023wimF:0222,222,214.0,rally,clip,False,False,none,9746.0,9760.4,9751.68,9758.48,14,8,14,8,False
tv_2023wimF:0223,223,216.0,rally,clip,False,False,none,9798.56,9816.84,9799.6,9814.88,56,42,56,42,True
tv_2023wimF:0224,224,217.0,rally,clip,False,False,none,9844.52,9851.8,9845.56,9849.88,38,18,37,18,True
tv_2023wimF:0225,225,219.0,first_serve_fault,clip,False,False,none,9928.64,9931.64,9929.76,9929.76,0,0,0,0,True
tv_2023wimF:0226,226,219.0,rally,clip,False,False,none,9941.52,9946.48,9942.56,9944.56,0,0,0,0,True
tv_2023wimF:0227,227,,first_serve_fault,clip,False,False,none,9983.4,9991.08,9989.16,9989.16,0,0,0,0,False
tv_2023wimF:0228,228,220.0,rally,clip,False,False,none,10000.6,10008.92,10001.64,10008.2,23,15,23,15,True
tv_2023wimF:0229,229,221.0,rally,clip,False,False,none,10037.28,10046.52,10038.32,10045.84,0,0,0,0,True
tv_2023wimF:0230,230,222.0,rally,between_points,True,False,none,10075.28,10083.8,10076.32,10080.4,2,2,0,0,True
tv_2023wimF:0231,231,223.0,first_serve_fault,clip,False,False,none,10110.44,10113.44,10111.56,10111.56,0,0,0,0,True
tv_2023wimF:0232,232,223.0,rally,clip,False,False,none,10123.04,10126.76,10124.16,10124.8,37,31,37,31,True
tv_2023wimF:0233,233,224.0,first_serve_fault,clip,False,False,none,10157.96,10165.6,10159.0,10159.0,0,0,0,0,True
tv_2023wimF:0234,234,224.0,rally,clip,False,False,none,10169.72,10173.36,10170.76,10171.48,52,41,52,41,True
tv_2023wimF:0235,235,225.0,first_serve_fault,between_points,True,True,none,10190.2,10202.84,10195.88,10195.88,2,0,0,0,True
tv_2023wimF:0236,236,225.0,double_fault,clip,False,False,exact_repeat,10207.56,10210.56,10207.96,10207.96,0,0,0,0,True
tv_2023wimF:0237,237,226.0,rally,clip,False,True,none,10230.72,10236.64,10231.76,10235.52,51,36,48,33,True
tv_2023wimF:0238,238,227.0,ace,clip,False,False,exact_repeat,10263.8,10266.8,10264.84,10264.84,0,0,0,0,True
tv_2023wimF:0239,239,228.0,first_serve_fault,clip,False,False,none,10287.76,10297.84,10288.8,10288.8,1,0,1,0,True
tv_2023wimF:0240,240,228.0,rally,clip,False,False,none,10300.0,10307.8,10300.96,10305.84,0,0,0,0,True
tv_2023wimF:0241,241,229.0,first_serve_fault,clip,False,False,none,10342.52,10350.04,10343.48,10343.48,0,0,0,0,True
tv_2023wimF:0242,242,229.0,rally,clip,False,False,none,10355.4,10361.84,10356.44,10361.08,2,0,2,0,True
tv_2023wimF:0243,243,230.0,rally,clip,False,False,exact_repeat,10389.16,10394.76,10389.64,10393.64,0,0,0,0,True
tv_2023wimF:0244,244,231.0,first_serve_fault,clip,False,False,none,10423.16,10426.84,10424.12,10424.12,0,0,0,0,True
tv_2023wimF:0245,245,231.0,double_fault,clip,False,False,none,10491.64,10496.2,10492.68,10492.68,0,0,0,0,True
tv_2023wimF:0246,246,231.0,rally,clip,False,True,none,10504.76,10512.84,10504.92,10510.84,17,14,16,14,True
tv_2023wimF:0247,247,234.0,first_serve_fault,clip,False,False,none,10538.84,10542.52,10539.88,10539.88,4,2,4,2,True
tv_2023wimF:0248,248,234.0,rally,clip,False,False,exact_repeat,10550.96,10573.08,10552.0,10571.2,0,0,0,0,True
tv_2023wimF:0249,249,235.0,rally,clip,False,False,none,10605.44,10611.4,10605.76,10609.44,12,11,12,11,True
tv_2023wimF:0250,250,236.0,rally,between_points,True,True,none,10622.36,10639.76,10623.4,10637.88,4,4,0,0,False
tv_2023wimF:0251,251,238.0,first_serve_fault,clip,False,False,none,10690.68,10693.68,10691.8,10691.8,4,4,4,4,False
tv_2023wimF:0252,252,,rally,clip,False,False,none,10718.6,10733.28,10719.64,10731.32,0,0,0,0,False
tv_2023wimF:0253,253,239.0,rally,clip,False,False,none,10767.52,10777.64,10768.64,10775.68,9,5,8,5,False
tv_2023wimF:0254,254,240.0,first_serve_fault,clip,False,False,none,10807.28,10811.56,10808.4,10808.4,33,27,33,27,True
tv_2023wimF:0255,255,240.0,rally,clip,False,True,none,10838.04,10844.92,10839.08,10842.6,48,34,44,30,True
tv_2023wimF:0256,256,241.0,rally,clip,False,False,none,10870.2,10879.64,10871.24,10877.72,0,0,0,0,True
tv_2023wimF:0257,257,243.0,rally,clip,False,True,none,10971.88,10985.6,10972.92,10983.64,47,28,46,28,True
tv_2023wimF:0258,258,244.0,first_serve_fault,clip,False,False,none,11020.64,11023.64,11021.44,11021.44,0,0,0,0,False
tv_2023wimF:0259,259,245.0,first_serve_fault,clip,False,False,none,11068.4,11078.68,11069.44,11069.44,0,0,0,0,True
tv_2023wimF:0260,260,245.0,rally,clip,False,False,none,11080.72,11088.16,11081.76,11087.28,0,0,0,0,True
tv_2023wimF:0261,261,246.0,rally,clip,False,False,none,11118.76,11125.36,11119.8,11123.4,3,3,3,3,True
tv_2023wimF:0262,262,247.0,rally,clip,False,False,none,11146.88,11151.6,11147.92,11148.64,0,0,0,0,True
tv_2023wimF:0263,263,248.0,rally,clip,False,False,none,11181.36,11192.52,11182.4,11189.44,10,2,10,2,True
tv_2023wimF:0264,264,249.0,first_serve_fault,clip,False,False,none,11222.28,11229.44,11223.32,11223.32,0,0,0,0,True
tv_2023wimF:0265,265,249.0,rally,clip,False,False,none,11233.64,11241.2,11234.68,11239.24,54,37,54,37,True
tv_2023wimF:0266,266,250.0,first_serve_fault,clip,False,False,none,11273.28,11276.28,11273.6,11273.6,0,0,0,0,True
tv_2023wimF:0267,267,250.0,rally,clip,False,True,none,11392.24,11399.96,11393.28,11398.0,45,42,43,39,True
tv_2023wimF:0268,268,253.0,rally,clip,False,False,none,11432.04,11442.92,11433.08,11441.0,14,10,14,10,False
tv_2023wimF:0269,269,254.0,rally,clip,False,True,none,11451.24,11457.6,11452.28,11455.64,2,2,0,0,True
tv_2023wimF:0270,270,255.0,rally,clip,False,False,none,11477.16,11487.68,11478.2,11486.76,47,34,47,34,True
tv_2023wimF:0271,271,256.0,rally,clip,False,True,none,11517.76,11523.84,11518.8,11521.44,7,2,5,0,True
tv_2023wimF:0272,272,257.0,ace,clip,False,False,none,11546.48,11549.48,11547.52,11547.52,0,0,0,0,True
tv_2023wimF:0273,273,,rally,clip,False,True,none,11560.6,11578.4,11561.64,11576.44,31,26,29,24,False
tv_2023wimF:0274,274,258.0,first_serve_fault,clip,False,False,none,11605.6,11608.6,11606.64,11606.64,0,0,0,0,True
tv_2023wimF:0275,275,258.0,rally,clip,False,False,none,11613.48,11624.4,11620.52,11623.88,0,0,0,0,True
tv_2023wimF:0276,276,259.0,rally,clip,False,False,none,11658.64,11663.08,11659.76,11660.48,2,2,2,2,True
tv_2023wimF:0277,277,260.0,rally,between_points,True,True,none,11692.92,11697.8,11693.88,11695.88,2,2,0,0,True
tv_2023wimF:0278,278,261.0,first_serve_fault,clip,False,False,none,11721.92,11727.4,11722.96,11722.96,0,0,0,0,True
tv_2023wimF:0279,279,261.0,rally,clip,False,False,none,11732.96,11743.56,11733.92,11741.68,18,12,18,12,True
tv_2023wimF:0280,280,262.0,rally,clip,False,False,none,11780.16,11784.52,11781.28,11782.0,50,36,50,36,True
tv_2023wimF:0281,281,263.0,first_serve_fault,clip,False,False,exact_repeat,11798.04,11807.36,11805.4,11805.4,0,0,0,0,False
tv_2023wimF:0282,282,263.0,rally,changeover,False,False,none,11812.0,11828.0,11817.52,11826.08,7,5,7,5,False
tv_2023wimF:0283,283,265.0,rally,clip,False,False,none,11858.08,11864.72,11859.12,11862.72,51,39,51,39,False
tv_2023wimF:0284,284,266.0,rally,clip,False,False,none,11882.6,11914.04,11886.2,11911.48,10,6,10,6,True
tv_2023wimF:0285,285,267.0,rally,clip,False,False,none,11939.0,11945.88,11940.12,11943.64,18,0,18,0,True
tv_2023wimF:0286,286,268.0,rally,clip,False,False,none,11969.68,11972.68,11970.8,11971.44,7,6,7,6,True
tv_2023wimF:0287,287,269.0,rally,clip,False,False,none,12005.24,12011.84,12006.28,12010.04,7,2,7,2,True
tv_2023wimF:0288,288,270.0,first_serve_fault,clip,False,False,none,12033.76,12036.76,12034.8,12034.8,0,0,0,0,True
tv_2023wimF:0289,289,270.0,double_fault,clip,False,False,none,12045.0,12048.0,12046.04,12046.04,42,19,41,19,True
tv_2023wimF:0290,290,271.0,first_serve_fault,clip,False,False,none,12077.04,12083.24,12077.28,12077.28,22,17,22,17,True
tv_2023wimF:0291,291,271.0,rally,clip,False,False,exact_repeat,12088.0,12092.72,12089.04,12089.76,0,0,0,0,True
tv_2023wimF:0292,292,272.0,rally,clip,False,True,none,12117.92,12121.56,12118.96,12119.68,10,9,8,7,True
tv_2023wimF:0293,293,273.0,first_serve_fault,clip,False,False,none,12154.6,12157.6,12155.32,12155.32,24,19,24,19,False
tv_2023wimF:0294,294,,first_serve_fault,clip,False,False,none,12175.68,12181.28,12176.72,12176.72,0,0,0,0,False
tv_2023wimF:0295,295,,rally,clip,False,False,none,12191.16,12199.6,12192.2,12197.88,2,0,1,0,False
tv_2023wimF:0296,296,275.0,ace,clip,False,False,none,12222.84,12225.84,12223.96,12223.96,0,0,0,0,False
tv_2023wimF:0297,297,,rally,clip,False,False,none,12237.96,12250.64,12239.0,12248.68,3,2,3,2,False
tv_2023wimF:0298,298,276.0,first_serve_fault,clip,False,False,none,12275.24,12285.32,12276.28,12276.28,0,0,0,0,False
tv_2023wimF:0299,299,276.0,rally,clip,False,False,none,12301.92,12311.4,12308.72,12309.44,4,2,4,2,False
tv_2023wimF:0300,300,277.0,ace,clip,False,False,none,12336.24,12341.8,12337.28,12337.28,1,0,1,0,True
tv_2023wimF:0301,301,,rally,clip,False,False,none,12351.04,12358.44,12352.08,12357.44,28,20,28,20,False
tv_2023wimF:0302,302,278.0,rally,clip,False,False,none,12388.96,12396.12,12393.52,12395.6,0,0,0,0,True
tv_2023wimF:0303,303,279.0,rally,clip,False,False,none,12433.88,12440.48,12434.92,12435.72,0,0,0,0,False
tv_2023wimF:0304,304,281.0,rally,clip,False,False,none,12525.68,12542.2,12528.96,12541.44,3,2,3,2,True
tv_2023wimF:0305,305,282.0,rally,clip,False,False,none,12583.8,12591.64,12588.36,12589.0,17,11,17,11,True
tv_2023wimF:0306,306,283.0,first_serve_fault,clip,False,False,none,12616.36,12619.36,12617.4,12617.4,0,0,0,0,True
tv_2023wimF:0307,307,283.0,rally,clip,False,False,none,12634.76,12639.6,12635.8,12639.0,108,92,108,92,True
tv_2023wimF:0308,308,284.0,rally,clip,False,False,none,12689.92,12704.88,12690.96,12701.92,62,49,61,48,True
tv_2023wimF:0309,309,285.0,rally,clip,False,True,none,12741.0,12748.56,12742.04,12746.68,8,5,6,5,True
tv_2023wimF:0310,310,286.0,first_serve_fault,clip,False,False,none,12777.32,12780.32,12778.28,12778.28,0,0,0,0,True
tv_2023wimF:0311,311,286.0,rally,clip,False,False,none,12790.92,12795.96,12791.88,12794.04,14,7,13,7,True
tv_2023wimF:0312,312,287.0,rally,clip,False,False,none,12819.48,12828.16,12825.48,12827.32,58,36,58,36,True
tv_2023wimF:0313,313,288.0,first_serve_fault,clip,False,False,none,12852.8,12861.6,12858.88,12858.88,24,18,24,18,True
tv_2023wimF:0314,314,288.0,rally,clip,False,False,exact_repeat,12870.52,12878.56,12871.56,12876.6,0,0,0,0,True
tv_2023wimF:0315,315,289.0,rally,clip,False,False,none,12904.56,12923.88,12904.96,12922.0,46,37,46,37,True
tv_2023wimF:0316,316,290.0,first_serve_fault,clip,False,False,none,12970.48,12973.48,12970.88,12970.88,0,0,0,0,True
tv_2023wimF:0317,317,290.0,rally,clip,False,True,none,12983.76,12986.76,12983.92,12986.0,25,10,23,10,True
tv_2023wimF:0318,318,291.0,first_serve_fault,clip,False,False,none,13019.64,13028.76,13020.68,13020.68,0,0,0,0,True
tv_2023wimF:0319,319,291.0,rally,clip,False,False,none,13033.12,13042.4,13033.12,13041.84,0,0,0,0,True
tv_2023wimF:0320,320,292.0,rally,clip,False,True,none,13088.52,13100.0,13089.56,13098.2,35,19,33,17,True
tv_2023wimF:0321,321,293.0,rally,clip,False,False,none,13130.6,13136.84,13131.64,13134.84,12,4,12,4,True
tv_2023wimF:0322,322,294.0,rally,clip,False,False,none,13195.56,13204.44,13196.6,13202.52,0,0,0,0,True
tv_2023wimF:0323,323,295.0,rally,clip,False,False,none,13229.52,13247.0,13241.28,13244.64,8,7,8,7,True
tv_2023wimF:0324,324,296.0,rally,clip,False,False,none,13273.32,13278.4,13274.36,13276.44,17,12,17,12,True
tv_2023wimF:0325,325,297.0,rally,clip,False,False,none,13309.52,13326.44,13310.56,13326.08,55,35,55,35,False
tv_2023wimF:0326,326,298.0,rally,clip,False,False,exact_repeat,13341.36,13345.08,13342.4,13343.12,0,0,0,0,True
tv_2023wimF:0327,327,299.0,rally,clip,False,False,none,13367.56,13371.24,13368.52,13369.24,7,4,6,4,True
tv_2023wimF:0328,328,300.0,rally,clip,False,False,none,13395.36,13398.36,13395.68,13396.4,54,37,54,37,True
tv_2023wimF:0329,329,301.0,ace,clip,False,False,exact_repeat,13420.92,13423.92,13421.96,13421.96,0,0,0,0,True
tv_2023wimF:0330,330,302.0,ace,clip,False,False,none,13458.68,13468.44,13464.36,13464.36,0,0,0,0,True
tv_2023wimF:0331,331,,rally,clip,False,False,none,13477.4,13481.12,13478.44,13479.16,34,26,34,26,False
tv_2023wimF:0332,332,303.0,rally,clip,False,False,none,13501.92,13505.68,13502.96,13503.68,37,16,37,16,True
tv_2023wimF:0333,333,,ace,clip,False,False,none,13548.2,13551.2,13549.24,13549.24,0,0,0,0,False
tv_2023wimF:0334,334,305.0,rally,clip,False,False,none,13564.72,13570.36,13565.76,13568.4,6,3,6,3,True
tv_2023wimF:0335,335,306.0,rally,clip,False,False,exact_repeat,13580.64,13593.44,13589.28,13592.56,0,0,0,0,False
tv_2023wimF:0336,336,307.0,first_serve_fault,clip,False,False,none,13600.76,13603.76,13601.8,13601.8,0,0,0,0,True
tv_2023wimF:0337,337,307.0,rally,clip,False,False,none,13608.0,13618.6,13613.2,13618.16,15,11,14,11,True
tv_2023wimF:0338,338,308.0,first_serve_fault,clip,False,False,none,13647.84,13650.84,13648.88,13648.88,1,0,1,0,True
tv_2023wimF:0339,339,308.0,rally,clip,False,True,none,13660.16,13665.84,13660.56,13663.36,43,31,41,29,True
tv_2023wimF:0340,340,309.0,rally,clip,False,True,none,13694.2,13699.0,13695.16,13697.08,2,2,0,0,True
tv_2023wimF:0341,341,310.0,first_serve_fault,clip,False,False,none,13722.8,13731.48,13723.84,13723.84,37,28,37,28,True
tv_2023wimF:0342,342,310.0,rally,clip,False,False,exact_repeat,13734.12,13738.12,13735.16,13736.12,0,0,0,0,True
tv_2023wimF:0343,343,311.0,rally,clip,False,False,none,13764.92,13776.0,13765.96,13769.8,42,32,42,32,True
tv_2023wimF:0344,344,312.0,ace,clip,False,False,none,13797.4,13800.4,13798.44,13798.44,8,8,8,8,True
tv_2023wimF:0345,345,313.0,rally,clip,False,False,none,13827.32,13831.16,13828.36,13829.08,17,10,17,10,True
tv_2023wimF:0346,346,314.0,rally,clip,False,False,none,13842.4,13848.68,13843.44,13846.72,17,11,16,11,True
tv_2023wimF:0347,347,315.0,rally,clip,False,False,none,13887.88,13901.72,13889.0,13899.8,23,19,23,19,True
tv_2023wimF:0348,348,316.0,rally,clip,False,False,none,13927.16,13936.56,13931.16,13934.6,60,45,60,45,True
tv_2023wimF:0349,349,317.0,first_serve_fault,clip,False,False,none,13967.12,13970.12,13968.16,13968.16,36,24,36,24,True
tv_2023wimF:0350,350,317.0,rally,clip,False,False,none,13995.92,14002.48,13996.96,14000.16,46,26,46,26,True
tv_2023wimF:0351,351,318.0,rally,changeover,False,False,none,14027.04,14033.24,14028.08,14031.28,16,13,16,13,False
tv_2023wimF:0352,352,319.0,rally,clip,False,True,none,14042.88,14049.0,14043.28,14047.04,10,4,8,2,True
tv_2023wimF:0353,353,320.0,first_serve_fault,clip,False,False,none,14070.96,14076.24,14072.0,14072.0,0,0,0,0,True
tv_2023wimF:0354,354,320.0,rally,clip,False,False,none,14082.16,14086.08,14083.2,14084.08,33,20,33,20,True
tv_2023wimF:0355,355,321.0,ace,clip,False,False,none,14108.96,14112.56,14109.92,14109.92,0,0,0,0,True
tv_2023wimF:0356,356,321.0,rally,changeover,False,False,none,14121.04,14129.96,14122.08,14128.08,44,28,44,28,True
tv_2023wimF:0357,357,322.0,rally,clip,False,False,exact_repeat,14155.52,14159.16,14156.56,14159.04,0,0,0,0,True
tv_2023wimF:0358,358,323.0,first_serve_fault,clip,False,False,none,14183.12,14186.12,14183.92,14183.92,0,0,0,0,True
tv_2023wimF:0359,359,323.0,ace,clip,False,True,none,14194.32,14197.32,14195.36,14195.36,33,22,31,20,True
tv_2023wimF:0360,360,324.0,rally,between_points,True,True,none,14227.24,14234.6,14228.28,14232.68,2,2,0,0,True
tv_2023wimF:0361,361,326.0,rally,clip,False,False,none,14281.76,14285.56,14282.8,14283.6,6,3,6,3,True
tv_2023wimF:0362,362,327.0,rally,clip,False,True,none,14310.68,14315.36,14311.72,14313.4,2,2,0,0,False
tv_2023wimF:0363,363,329.0,rally,clip,False,True,none,14356.76,14361.04,14357.72,14359.64,8,6,6,4,True
tv_2023wimF:0364,364,330.0,rally,clip,False,False,none,14383.2,14394.6,14384.24,14393.84,51,36,51,36,True
tv_2023wimF:0365,365,331.0,rally,clip,False,False,none,14425.8,14434.64,14429.4,14433.56,20,12,20,12,True
tv_2023wimF:0366,366,332.0,rally,clip,False,True,none,14465.72,14472.68,14466.76,14470.76,2,2,0,0,True
tv_2023wimF:0367,367,333.0,rally,clip,False,False,none,14497.24,14500.84,14498.28,14498.92,0,0,0,0,True
