match,test,mix,param,true_effect,measured_effect,n_bases,power_alpha05,power_alpha_holm1
2019wimF,T2,0.0,0.0,0.0,0.0,402,0.022388059701492536,0.004975124378109453
2019wimF,T2,0.0,0.005,0.004952798147599507,0.004952798147599752,402,0.04477611940298507,0.012437810945273632
2019wimF,T2,0.0,0.01,0.0099055962951987,0.009905596295199,402,0.07711442786069651,0.029850746268656716
2019wimF,T2,0.0,0.015,0.014858394442798224,0.014858394442798262,402,0.12437810945273632,0.04477611940298507
2019wimF,T2,0.0,0.02,0.019811192590397316,0.01981119259039728,402,0.1791044776119403,0.08208955223880597
2019wimF,T2,0.0,0.025,0.02476399073799694,0.02476399073799702,402,0.23880597014925373,0.12437810945273632
2019wimF,T2,0.0,0.03,0.029716788885596136,0.029716788885596368,402,0.32338308457711445,0.17661691542288557
2019wimF,T2,0.0,0.035,0.03466958703319565,0.03466958703319556,402,0.42039800995024873,0.21890547263681592
2019wimF,T2,0.0,0.04,0.03962238518079481,0.039622385180794584,402,0.5447761194029851,0.2960199004975124
2019wimF,T2,0.0,0.045,0.04457518332839439,0.044575183328394524,402,0.6218905472636815,0.40298507462686567
2019wimF,T2,0.0,0.05,0.04952798147599369,0.049527981475993826,402,0.736318407960199,0.5149253731343284
2019wimF,T2,0.0,0.055,0.054480779623593045,0.054480779623593045,402,0.818407960199005,0.6119402985074627
2019wimF,T2,0.0,0.06,0.05943357777119229,0.05943357777119229,402,0.8681592039800995,0.7164179104477612
2019wimF,T2,0.0,0.065,0.06438637591879207,0.06438637591879207,402,0.9253731343283582,0.7935323383084577
2019wimF,T2,0.0,0.07,0.06933917406639131,0.0693391740663913,402,0.9701492537313433,0.8656716417910447
2019wimF,T2,0.0,0.075,0.07429197221399067,0.07429197221399052,402,0.9850746268656716,0.9228855721393034
2019wimF,T2,0.0,0.08,0.07924477036158994,0.07924477036158982,402,0.9950248756218906,0.9651741293532339
2019wimF,T2,0.0,0.085,0.08419756850918954,0.08419756850918977,402,0.9975124378109452,0.9825870646766169
2019wimF,T2,0.0,0.09,0.08915036665678869,0.08915036665678881,402,1.0,0.9925373134328358
2019wimF,T2,0.0,0.095,0.09410316480438823,0.09410316480438798,402,1.0,1.0
2019wimF,T2,0.0,0.1,0.0990559629519874,0.09905596295198733,402,1.0,1.0
2019wimF,T2,0.0,0.105,0.10400876109958702,0.10400876109958705,402,1.0,1.0
2019wimF,T2,0.0,0.11,0.1089567112948951,0.10895671129489506,402,1.0,1.0
2019wimF,T2,0.0,0.115,0.11390439215952074,0.1139043921595204,402,1.0,1.0
2019wimF,T2,0.0,0.12,0.11885207302414605,0.11885207302414579,402,1.0,1.0
2019wimF,T2,0.0,0.125,0.1237997538887717,0.1237997538887717,402,1.0,1.0
2019wimF,T2,0.0,0.13,0.12874743475339737,0.12874743475339762,402,1.0,1.0
2019wimF,T2,0.0,0.135,0.1336936998521993,0.13369369985219967,402,1.0,1.0
2019wimF,T2,0.0,0.14,0.13863713341935494,0.13863713341935496,402,1.0,1.0
2019wimF,T2,0.0,0.145,0.14358056698651014,0.14358056698651012,402,1.0,1.0
2019wimF,T2,0.0,0.15,0.1485240005536659,0.1485240005536659,402,1.0,1.0
2019wimF,T2,0.0,0.155,0.15346662244706455,0.15346662244706477,402,1.0,1.0
2019wimF,T2,0.0,0.16,0.15840653876127478,0.15840653876127467,402,1.0,1.0
2019wimF,T2,0.0,0.165,0.16334645507548465,0.16334645507548443,402,1.0,1.0
2019wimF,T2,0.0,0.17,0.168286371389695,0.16828637138969516,402,1.0,1.0
2019wimF,T2,0.0,0.175,0.17322628770390502,0.1732262877039052,402,1.0,1.0
2019wimF,T2,0.0,0.18,0.17816620401811506,0.17816620401811506,402,1.0,1.0
2019wimF,T2,0.0,0.185,0.18310612033232507,0.18310612033232507,402,1.0,1.0
2019wimF,T2,0.0,0.19,0.18804603664653557,0.18804603664653552,402,1.0,1.0
2019wimF,T2,0.0,0.195,0.19298595296074553,0.19298595296074553,402,1.0,1.0
2019wimF,T2,0.0,0.2,0.19792586927495562,0.1979258692749554,402,1.0,1.0
2019wimF,T2,0.25,0.0,0.0,0.0,402,0.022388059701492536,0.004975124378109453
2019wimF,T2,0.25,0.005,0.004952798147599507,0.0037397199033073346,402,0.03731343283582089,0.009950248756218905
2019wimF,T2,0.25,0.01,0.0099055962951987,0.007479439806614615,402,0.05223880597014925,0.014925373134328358
2019wimF,T2,0.25,0.015,0.014858394442798224,0.011219159709922079,402,0.09203980099502487,0.03482587064676617
2019wimF,T2,0.25,0.02,0.019811192590397316,0.014958879613229326,402,0.12189054726368159,0.04477611940298507
2019wimF,T2,0.25,0.025,0.02476399073799694,0.018698599516536667,402,0.17164179104477612,0.06965174129353234
2019wimF,T2,0.25,0.03,0.029716788885596136,0.022438319419844074,402,0.208955223880597,0.09950248756218906
2019wimF,T2,0.25,0.035,0.03466958703319565,0.026178039323151152,402,0.26119402985074625,0.13930348258706468
2019wimF,T2,0.25,0.04,0.03962238518079481,0.029917759226458666,402,0.3283582089552239,0.1791044776119403
2019wimF,T2,0.25,0.045,0.04457518332839439,0.033657479129766084,402,0.40049751243781095,0.208955223880597
2019wimF,T2,0.25,0.05,0.04952798147599369,0.037397199033073286,402,0.4925373134328358,0.2562189054726368
2019wimF,T2,0.25,0.055,0.054480779623593045,0.04113691893638074,402,0.5621890547263682,0.3283582089552239
2019wimF,T2,0.25,0.06,0.05943357777119229,0.044876638839687934,402,0.6343283582089553,0.4054726368159204
2019wimF,T2,0.25,0.065,0.06438637591879207,0.048616358742995344,402,0.6990049751243781,0.49502487562189057
2019wimF,T2,0.25,0.07,0.06933917406639131,0.05235607864630253,402,0.7885572139303483,0.5696517412935324
2019wimF,T2,0.25,0.075,0.07429197221399067,0.056095798549610006,402,0.8308457711442786,0.6368159203980099
2019wimF,T2,0.25,0.08,0.07924477036158994,0.0598355184529172,402,0.8656716417910447,0.7189054726368159
2019wimF,T2,0.25,0.085,0.08419756850918954,0.06357523835622463,402,0.9154228855721394,0.7860696517412935
2019wimF,T2,0.25,0.09,0.08915036665678869,0.06731495825953215,402,0.9577114427860697,0.8333333333333334
2019wimF,T2,0.25,0.095,0.09410316480438823,0.0710546781628392,402,0.9776119402985075,0.8880597014925373
2019wimF,T2,0.25,0.1,0.0990559629519874,0.07479439806614661,402,0.9825870646766169,0.9228855721393034
2019wimF,T2,0.25,0.105,0.10400876109958702,0.07853411796945398,402,0.9925373134328358,0.9577114427860697
2019wimF,T2,0.25,0.11,0.1089567112948951,0.0822732783709034,402,0.9950248756218906,0.9751243781094527
2019wimF,T2,0.25,0.115,0.11390439215952074,0.08601240768891648,402,1.0,0.9800995024875622
2019wimF,T2,0.25,0.12,0.11885207302414605,0.0897515370069294,402,1.0,0.9925373134328358
2019wimF,T2,0.25,0.125,0.1237997538887717,0.09348976251520073,402,1.0,1.0
2019wimF,T2,0.25,0.13,0.12874743475339737,0.0972279301796486,402,1.0,1.0
2019wimF,T2,0.25,0.135,0.1336936998521993,0.10096593430629373,402,1.0,1.0
2019wimF,T2,0.25,0.14,0.13863713341935494,0.10470361135733366,402,1.0,1.0
2019wimF,T2,0.25,0.145,0.14358056698651014,0.10844001935917741,402,1.0,1.0
2019wimF,T2,0.25,0.15,0.1485240005536659,0.11217633158372353,402,1.0,1.0
2019wimF,T2,0.25,0.155,0.15346662244706455,0.11591208421403136,402,1.0,1.0
2019wimF,T2,0.25,0.16,0.15840653876127478,0.1196470720746018,402,1.0,1.0
2019wimF,T2,0.25,0.165,0.16334645507548465,0.12338205993517269,402,1.0,1.0
2019wimF,T2,0.25,0.17,0.168286371389695,0.1271168279453211,402,1.0,1.0
2019wimF,T2,0.25,0.175,0.17322628770390502,0.13085111961288742,402,1.0,1.0
2019wimF,T2,0.25,0.18,0.17816620401811506,0.13458439350660797,402,1.0,1.0
2019wimF,T2,0.25,0.185,0.18310612033232507,0.13831697217708155,402,1.0,1.0
2019wimF,T2,0.25,0.19,0.18804603664653557,0.14204955084755536,402,1.0,1.0
2019wimF,T2,0.25,0.195,0.19298595296074553,0.14578212951802894,402,1.0,1.0
2019wimF,T2,0.25,0.2,0.19792586927495562,0.14951470818850282,402,1.0,1.0
2019wimF,T2,0.5,0.0,0.0,0.0,402,0.022388059701492536,0.004975124378109453
2019wimF,T2,0.5,0.005,0.004952798147599507,0.002526641659015378,402,0.03233830845771144,0.009950248756218905
2019wimF,T2,0.5,0.01,0.0099055962951987,0.0050532833180307974,402,0.0472636815920398,0.012437810945273632
2019wimF,T2,0.5,0.015,0.014858394442798224,0.007579924977045918,402,0.05472636815920398,0.017412935323383085
2019wimF,T2,0.5,0.02,0.019811192590397316,0.010106566636061343,402,0.07711442786069651,0.02736318407960199
2019wimF,T2,0.5,0.025,0.02476399073799694,0.012633208295076406,402,0.09950248756218906,0.03980099502487562
2019wimF,T2,0.5,0.03,0.029716788885596136,0.015159849954091888,402,0.12686567164179105,0.04975124378109453
2019wimF,T2,0.5,0.035,0.03466958703319565,0.017686491613106765,402,0.15920398009950248,0.06467661691542288
2019wimF,T2,0.5,0.04,0.03962238518079481,0.020213133272122253,402,0.1865671641791045,0.08208955223880597
2019wimF,T2,0.5,0.045,0.04457518332839439,0.022739774931137848,402,0.21890547263681592,0.09950248756218906
2019wimF,T2,0.5,0.05,0.04952798147599369,0.02526641659015291,402,0.2512437810945274,0.12437810945273632
2019wimF,T2,0.5,0.055,0.054480779623593045,0.027793058249168272,402,0.2810945273631841,0.15422885572139303
2019wimF,T2,0.5,0.06,0.05943357777119229,0.03031969990818356,402,0.32338308457711445,0.18407960199004975
2019wimF,T2,0.5,0.065,0.06438637591879207,0.03284634156719865,402,0.39054726368159204,0.20398009950248755
2019wimF,T2,0.5,0.07,0.06933917406639131,0.03537298322621394,402,0.44527363184079605,0.236318407960199
2019wimF,T2,0.5,0.075,0.07429197221399067,0.03789962488522931,402,0.5024875621890548,0.26865671641791045
2019wimF,T2,0.5,0.08,0.07924477036158994,0.04042626654424437,402,0.5447761194029851,0.30597014925373134
2019wimF,T2,0.5,0.085,0.08419756850918954,0.04295290820325995,402,0.6044776119402985,0.36069651741293535
2019wimF,T2,0.5,0.09,0.08915036665678869,0.04547954986227545,402,0.6343283582089553,0.40049751243781095
2019wimF,T2,0.5,0.095,0.09410316480438823,0.048006191521290334,402,0.6890547263681592,0.46766169154228854
2019wimF,T2,0.5,0.1,0.0990559629519874,0.05053283318030581,402,0.7288557213930348,0.5248756218905473
2019wimF,T2,0.5,0.105,0.10400876109958702,0.05305947483932087,402,0.7562189054726368,0.5621890547263682
2019wimF,T2,0.5,0.11,0.1089567112948951,0.055585556996478463,402,0.8159203980099502,0.6119402985074627
2019wimF,T2,0.5,0.115,0.11390439215952074,0.05811160807019922,402,0.835820895522388,0.6592039800995025
2019wimF,T2,0.5,0.12,0.11885207302414605,0.060637659143920296,402,0.8756218905472637,0.7139303482587065
2019wimF,T2,0.5,0.125,0.1237997538887717,0.06316371021764129,402,0.9054726368159204,0.7611940298507462
2019wimF,T2,0.5,0.13,0.12874743475339737,0.06568976129136228,402,0.9303482587064676,0.7960199004975125
2019wimF,T2,0.5,0.135,0.1336936998521993,0.06821564882728069,402,0.9427860696517413,0.8308457711442786
2019wimF,T2,0.5,0.14,0.13863713341935494,0.07074120928759338,402,0.9651741293532339,0.8557213930348259
2019wimF,T2,0.5,0.145,0.14358056698651014,0.07326600331724546,402,0.972636815920398,0.8805970149253731
2019wimF,T2,0.5,0.15,0.1485240005536659,0.07579073950307373,402,0.9850746268656716,0.9029850746268657
2019wimF,T2,0.5,0.155,0.15346662244706455,0.07831537006922529,402,0.9875621890547264,0.9303482587064676
2019wimF,T2,0.5,0.16,0.15840653876127478,0.08083964856978566,402,0.9925373134328358,0.9427860696517413
2019wimF,T2,0.5,0.165,0.16334645507548465,0.08336392707034668,402,0.9950248756218906,0.9601990049751243
2019wimF,T2,0.5,0.17,0.168286371389695,0.08588820557090779,402,1.0,0.9751243781094527
2019wimF,T2,0.5,0.175,0.17322628770390502,0.08841248407146834,402,1.0,0.9776119402985075
2019wimF,T2,0.5,0.18,0.17816620401811506,0.09093643240871203,402,1.0,0.9850746268656716
2019wimF,T2,0.5,0.185,0.18310612033232507,0.09345996804180913,402,1.0,0.9925373134328358
2019wimF,T2,0.5,0.19,0.18804603664653557,0.09598350367490603,402,1.0,0.9950248756218906
2019wimF,T2,0.5,0.195,0.19298595296074553,0.09850703930800311,402,1.0,0.9950248756218906
2019wimF,T2,0.5,0.2,0.19792586927495562,0.10103057494110032,402,1.0,0.9950248756218906
2019wimF,T4,0.0,0.0,0.0,0.0,402,0.022388059701492536,0.004975124378109453
2019wimF,T4,0.0,0.005,0.004951526519750871,0.004951526519750457,402,0.04228855721393035,0.004975124378109453
2019wimF,T4,0.0,0.01,0.009903053039501597,0.009903053039501914,402,0.06716417910447761,0.004975124378109453
2019wimF,T4,0.0,0.015,0.01485457955925204,0.014854579559251976,402,0.08955223880597014,0.009950248756218905
2019wimF,T4,0.0,0.02,0.019806106079002607,0.019806106079003388,402,0.10945273631840796,0.012437810945273632
2019wimF,T4,0.0,0.025,0.024757632598753236,0.024757632598752785,402,0.1417910447761194,0.014925373134328358
2019wimF,T4,0.0,0.03,0.029709159118504025,0.029709159118504073,402,0.19154228855721392,0.029850746268656716
2019wimF,T4,0.0,0.035,0.03466068563825441,0.03466068563825389,402,0.22885572139303484,0.05472636815920398
2019wimF,T4,0.0,0.04,0.039612212158005,0.03961221215800516,402,0.2860696517412935,0.06716417910447761
2019wimF,T4,0.0,0.045,0.04456373867775614,0.044563738677756336,402,0.34328358208955223,0.1044776119402985
2019wimF,T4,0.0,0.05,0.04951526519750663,0.04951526519750654,402,0.38308457711442784,0.1417910447761194
2019wimF,T4,0.0,0.055,0.054466791717257115,0.05446679171725719,402,0.4601990049751244,0.17412935323383086
2019wimF,T4,0.0,0.06,0.05941831823700774,0.0594183182370079,402,0.527363184079602,0.2263681592039801
2019wimF,T4,0.0,0.065,0.06436984475675846,0.0643698447567583,402,0.572139303482587,0.2810945273631841
2019wimF,T4,0.0,0.07,0.06932137127650909,0.06932137127650902,402,0.6218905472636815,0.3482587064676617
2019wimF,T4,0.0,0.075,0.07427289779625956,0.07427289779625966,402,0.7014925373134329,0.39800995024875624
2019wimF,T4,0.0,0.08,0.07922442431601003,0.07922442431600986,402,0.7562189054726368,0.472636815920398
2019wimF,T4,0.0,0.085,0.08417595083576124,0.08417595083576104,402,0.8109452736318408,0.5199004975124378
2019wimF,T4,0.0,0.09,0.08912747735551181,0.08912747735551231,402,0.8631840796019901,0.5771144278606966
2019wimF,T4,0.0,0.095,0.0940790038752622,0.0940790038752621,402,0.900497512437811,0.6442786069651741
2019wimF,T4,0.0,0.1,0.09903053039501297,0.09903053039501344,402,0.927860696517413,0.7089552238805971
2019wimF,T4,0.0,0.105,0.10398205691476357,0.1039820569147628,402,0.9601990049751243,0.7786069651741293
2019wimF,T4,0.0,0.11,0.10892883627954192,0.10892883627954199,402,0.9701492537313433,0.8407960199004975
2019wimF,T4,0.0,0.115,0.11387535191348828,0.11387535191348802,402,0.9751243781094527,0.8781094527363185
2019wimF,T4,0.0,0.12,0.11882186754743491,0.1188218675474353,402,0.9850746268656716,0.9029850746268657
2019wimF,T4,0.0,0.125,0.12376838318138182,0.12376838318138182,402,0.9900497512437811,0.9378109452736318
2019wimF,T4,0.0,0.13,0.1287148988153287,0.1287148988153283,402,0.9950248756218906,0.9651741293532339
2019wimF,T4,0.0,0.135,0.13366009670995493,0.13366009670995516,402,0.9950248756218906,0.972636815920398
2019wimF,T4,0.0,0.14,0.13860265912594,0.1386026591259399,402,0.9950248756218906,0.9800995024875622
2019wimF,T4,0.0,0.145,0.14354522154192528,0.14354522154192612,402,0.9975124378109452,0.9850746268656716
2019wimF,T4,0.0,0.15,0.14848778395791054,0.1484877839579101,402,0.9975124378109452,0.9925373134328358
2019wimF,T4,0.0,0.155,0.15342954983009308,0.15342954983009313,402,1.0,0.9950248756218906
2019wimF,T4,0.0,0.16,0.15836866055626533,0.15836866055626478,402,1.0,0.9950248756218906
2019wimF,T4,0.0,0.165,0.16330777128243776,0.16330777128243795,402,1.0,0.9975124378109452
2019wimF,T4,0.0,0.17,0.16824688200861093,0.16824688200861107,402,1.0,1.0
2019wimF,T4,0.0,0.175,0.17318599273478325,0.17318599273478313,402,1.0,1.0
2019wimF,T4,0.0,0.18,0.1781251034609555,0.17812510346095564,402,1.0,1.0
2019wimF,T4,0.0,0.185,0.18306421418712815,0.18306421418712837,402,1.0,1.0
2019wimF,T4,0.0,0.19,0.18800332491330057,0.1880033249133003,402,1.0,1.0
2019wimF,T4,0.0,0.195,0.19294243563947322,0.19294243563947303,402,1.0,1.0
2019wimF,T4,0.0,0.2,0.19788154636564545,0.1978815463656455,402,1.0,1.0
2019wimF,T4,0.25,0.0,0.0,0.0,402,0.022388059701492536,0.004975124378109453
2019wimF,T4,0.25,0.005,0.004951526519750871,0.003546548806120147,402,0.029850746268656716,0.004975124378109453
2019wimF,T4,0.25,0.01,0.009903053039501597,0.007093097612240733,402,0.05223880597014925,0.004975124378109453
2019wimF,T4,0.25,0.015,0.01485457955925204,0.010639646418360502,402,0.06965174129353234,0.004975124378109453
2019wimF,T4,0.25,0.02,0.019806106079002607,0.014186195224481148,402,0.0845771144278607,0.007462686567164179
2019wimF,T4,0.25,0.025,0.024757632598753236,0.017732744030600794,402,0.09701492537313433,0.012437810945273632
2019wimF,T4,0.25,0.03,0.029709159118504025,0.021279292836721322,402,0.11691542288557213,0.012437810945273632
2019wimF,T4,0.25,0.035,0.03466068563825441,0.02482584164284102,402,0.14427860696517414,0.017412935323383085
2019wimF,T4,0.25,0.04,0.039612212158005,0.028372390448961442,402,0.17412935323383086,0.029850746268656716
2019wimF,T4,0.25,0.045,0.04456373867775614,0.031918939255082074,402,0.20398009950248755,0.0472636815920398
2019wimF,T4,0.25,0.05,0.04951526519750663,0.035465488061202054,402,0.2462686567164179,0.05721393034825871
2019wimF,T4,0.25,0.055,0.054466791717257115,0.03901203686732226,402,0.27860696517412936,0.06965174129353234
2019wimF,T4,0.25,0.06,0.05941831823700774,0.042558585673442346,402,0.32587064676616917,0.0845771144278607
2019wimF,T4,0.25,0.065,0.06436984475675846,0.046105134479562535,402,0.36069651741293535,0.11194029850746269
2019wimF,T4,0.25,0.07,0.06932137127650909,0.049651683285682625,402,0.3805970149253731,0.13432835820895522
2019wimF,T4,0.25,0.075,0.07427289779625956,0.053198232091802834,402,0.43283582089552236,0.16417910447761194
2019wimF,T4,0.25,0.08,0.07922442431601003,0.05674478089792282,402,0.48258706467661694,0.19402985074626866
2019wimF,T4,0.25,0.085,0.08417595083576124,0.060291329704043446,402,0.5348258706467661,0.23134328358208955
2019wimF,T4,0.25,0.09,0.08912747735551181,0.06383787851016388,402,0.5646766169154229,0.27114427860696516
2019wimF,T4,0.25,0.095,0.0940790038752622,0.06738442731628358,402,0.5970149253731343,0.32587064676616917
2019wimF,T4,0.25,0.1,0.09903053039501297,0.07093097612240411,402,0.6393034825870647,0.3656716417910448
2019wimF,T4,0.25,0.105,0.10398205691476357,0.07447752492852375,402,0.6965174129353234,0.40298507462686567
2019wimF,T4,0.25,0.11,0.10892883627954192,0.07802115623618779,402,0.7412935323383084,0.4502487562189055
2019wimF,T4,0.25,0.115,0.11387535191348828,0.08156462546060335,402,0.7910447761194029,0.49502487562189057
2019wimF,T4,0.25,0.12,0.11882186754743491,0.08510809468501966,402,0.818407960199005,0.5348258706467661
2019wimF,T4,0.25,0.125,0.12376838318138182,0.08865071076620208,402,0.8557213930348259,0.572139303482587
2019wimF,T4,0.25,0.13,0.1287148988153287,0.09219327224621757,402,0.8830845771144279,0.6119402985074627
2019wimF,T4,0.25,0.135,0.13366009670995493,0.09573501555642612,402,0.9104477611940298,0.6716417910447762
2019wimF,T4,0.25,0.14,0.13860265912594,0.09927512252701937,402,0.9253731343283582,0.7189054726368159
2019wimF,T4,0.25,0.145,0.14354522154192528,0.10281460613258495,402,0.9502487562189055,0.7686567164179104
2019wimF,T4,0.25,0.15,0.14848778395791054,0.1063540426917322,402,0.9676616915422885,0.8208955223880597
2019wimF,T4,0.25,0.155,0.15342954983009308,0.10989260791852141,402,0.972636815920398,0.8383084577114428
2019wimF,T4,0.25,0.16,0.15836866055626533,0.11342916352320788,402,0.9751243781094527,0.8731343283582089
2019wimF,T4,0.25,0.165,0.16330777128243776,0.11696571912789516,402,0.9825870646766169,0.8980099502487562
2019wimF,T4,0.25,0.17,0.16824688200861093,0.12050227473258263,402,0.9850746268656716,0.9129353233830846
2019wimF,T4,0.25,0.175,0.17318599273478325,0.12403883033726938,402,0.9900497512437811,0.9328358208955224
2019wimF,T4,0.25,0.18,0.1781251034609555,0.12757465170004084,402,0.9925373134328358,0.9601990049751243
2019wimF,T4,0.25,0.185,0.18306421418712815,0.13111008485845022,402,0.9950248756218906,0.9676616915422885
2019wimF,T4,0.25,0.19,0.18800332491330057,0.1346455180168593,402,0.9950248756218906,0.972636815920398
2019wimF,T4,0.25,0.195,0.19294243563947322,0.13818095117526863,402,0.9950248756218906,0.9751243781094527
2019wimF,T4,0.25,0.2,0.19788154636564545,0.14171638433367803,402,0.9950248756218906,0.9850746268656716
2019wimF,T4,0.5,0.0,0.0,0.0,402,0.022388059701492536,0.004975124378109453
2019wimF,T4,0.5,0.005,0.004951526519750871,0.002141571092489489,402,0.02736318407960199,0.004975124378109453
2019wimF,T4,0.5,0.01,0.009903053039501597,0.00428314218497984,402,0.03731343283582089,0.004975124378109453
2019wimF,T4,0.5,0.015,0.01485457955925204,0.0064247132774690715,402,0.04975124378109453,0.004975124378109453
2019wimF,T4,0.5,0.02,0.019806106079002607,0.008566284369959586,402,0.06218905472636816,0.004975124378109453
2019wimF,T4,0.5,0.025,0.024757632598753236,0.010707855462448448,402,0.07213930348258707,0.007462686567164179
2019wimF,T4,0.5,0.03,0.029709159118504025,0.012849426554938608,402,0.07960199004975124,0.007462686567164179
2019wimF,T4,0.5,0.035,0.03466068563825441,0.014990997647427742,402,0.08706467661691543,0.009950248756218905
2019wimF,T4,0.5,0.04,0.039612212158005,0.017132568739918093,402,0.09701492537313433,0.012437810945273632
2019wimF,T4,0.5,0.045,0.04456373867775614,0.019274139832407985,402,0.1044776119402985,0.012437810945273632
2019wimF,T4,0.5,0.05,0.04951526519750663,0.02141571092489749,402,0.11194029850746269,0.014925373134328358
2019wimF,T4,0.5,0.055,0.054466791717257115,0.023557282017387462,402,0.13432835820895522,0.017412935323383085
2019wimF,T4,0.5,0.06,0.05941831823700774,0.025698853109877132,402,0.15422885572139303,0.017412935323383085
2019wimF,T4,0.5,0.065,0.06436984475675846,0.027840424202366452,402,0.17164179104477612,0.024875621890547265
2019wimF,T4,0.5,0.07,0.06932137127650909,0.029981995294856116,402,0.1865671641791045,0.03482587064676617
2019wimF,T4,0.5,0.075,0.07427289779625956,0.0321235663873461,402,0.2064676616915423,0.05223880597014925
2019wimF,T4,0.5,0.08,0.07922442431601003,0.03426513747983559,402,0.22885572139303484,0.05472636815920398
2019wimF,T4,0.5,0.085,0.08417595083576124,0.03640670857232548,402,0.24378109452736318,0.05721393034825871
2019wimF,T4,0.5,0.09,0.08912747735551181,0.03854827966481586,402,0.26865671641791045,0.06467661691542288
2019wimF,T4,0.5,0.095,0.0940790038752622,0.04068985075730499,402,0.2935323383084577,0.07960199004975124
2019wimF,T4,0.5,0.1,0.09903053039501297,0.04283142184979517,402,0.31094527363184077,0.09203980099502487
2019wimF,T4,0.5,0.105,0.10398205691476357,0.04497299294228399,402,0.3383084577114428,0.10696517412935323
2019wimF,T4,0.5,0.11,0.10892883627954192,0.047111646536317886,402,0.36318407960199006,0.11691542288557213
2019wimF,T4,0.5,0.115,0.11387535191348828,0.04925013804710295,402,0.373134328358209,0.12935323383084577
2019wimF,T4,0.5,0.12,0.11882186754743491,0.05138862955788901,402,0.4079601990049751,0.13930348258706468
2019wimF,T4,0.5,0.125,0.12376838318138182,0.05352712106867435,402,0.43781094527363185,0.16169154228855723
2019wimF,T4,0.5,0.13,0.1287148988153287,0.05566561257945967,402,0.4626865671641791,0.18159203980099503
2019wimF,T4,0.5,0.135,0.13366009670995493,0.057803285920438506,402,0.48507462686567165,0.21144278606965175
2019wimF,T4,0.5,0.14,0.13860265912594,0.05993932292180174,402,0.5149253731343284,0.236318407960199
2019wimF,T4,0.5,0.145,0.14354522154192528,0.06207463645770426,402,0.5348258706467661,0.24378109452736318
2019wimF,T4,0.5,0.15,0.14848778395791054,0.06420989539243804,402,0.5597014925373134,0.26119402985074625
2019wimF,T4,0.5,0.155,0.15342954983009308,0.06634465210769075,402,0.5771144278606966,0.2835820895522388
2019wimF,T4,0.5,0.16,0.15836866055626533,0.06847773475800085,402,0.6094527363184079,0.32587064676616917
2019wimF,T4,0.5,0.165,0.16330777128243776,0.07061081740831227,402,0.6293532338308457,0.34577114427860695
2019wimF,T4,0.5,0.17,0.16824688200861093,0.07274390005862316,402,0.6567164179104478,0.38308457711442784
2019wimF,T4,0.5,0.175,0.17318599273478325,0.07487698270893367,402,0.6940298507462687,0.41044776119402987
2019wimF,T4,0.5,0.18,0.1781251034609555,0.07700979691351634,402,0.7089552238805971,0.43781094527363185
2019wimF,T4,0.5,0.185,0.18306421418712815,0.07914227556093838,402,0.7313432835820896,0.4577114427860697
2019wimF,T4,0.5,0.19,0.18800332491330057,0.08127475420835979,402,0.7611940298507462,0.48009950248756217
2019wimF,T4,0.5,0.195,0.19294243563947322,0.08340723285578185,402,0.7761194029850746,0.5124378109452736
2019wimF,T4,0.5,0.2,0.19788154636564545,0.0855397115032041,402,0.7985074626865671,0.5323383084577115
2019wimF,T3,0.0,0.0,-0.00013939131374244594,-0.0001393913137424477,402,0.024875621890547265,0.004975124378109453
2019wimF,T3,0.0,0.02,0.0164610492782762,0.0164610492782762,402,0.1044776119402985,0.022388059701492536
2019wimF,T3,0.0,0.04,0.03340789136569243,0.03340789136569243,402,0.2960199004975124,0.11194029850746269
2019wimF,T3,0.0,0.06,0.0501667497802953,0.0501667497802953,402,0.5771144278606966,0.2935323383084577
2019wimF,T3,0.0,0.08,0.06682511816850326,0.06682511816850326,402,0.8159203980099502,0.5771144278606966
2019wimF,T3,0.0,0.1,0.0835614530640657,0.08356145306406568,402,0.9328358208955224,0.8407960199004975
2019wimF,T3,0.0,0.12,0.10000793454063202,0.100007934540632,402,0.9850746268656716,0.9353233830845771
2019wimF,T3,0.0,0.14,0.11688321175903192,0.11688321175903191,402,1.0,0.9875621890547264
2019wimF,T3,0.0,0.16,0.1337607027694346,0.1337607027694346,402,1.0,0.9975124378109452
2019wimF,T3,0.0,0.18,0.1505974652118175,0.15059746521181755,402,1.0,1.0
2019wimF,T3,0.0,0.2,0.1675399479794548,0.1675399479794547,402,1.0,1.0
2019wimF,T3,0.0,0.22,0.18432477249213636,0.1843247724921363,402,1.0,1.0
2019wimF,T3,0.0,0.24,0.20127590573302437,0.2012759057330243,402,1.0,1.0
2019wimF,T3,0.0,0.26,0.2182796970834405,0.21827969708344044,402,1.0,1.0
2019wimF,T3,0.0,0.28,0.2352355822687593,0.2352355822687593,402,1.0,1.0
2019wimF,T3,0.0,0.3,0.2522538668710696,0.25225386687106954,402,1.0,1.0
2019wimF,T3,0.0,0.32,0.2692938039240857,0.2692938039240857,402,1.0,1.0
2019wimF,T3,0.0,0.34,0.2863237526971971,0.28632375269719706,402,1.0,1.0
2019wimF,T3,0.0,0.36,0.30350366917939925,0.30350366917939925,402,1.0,1.0
2019wimF,T3,0.0,0.38,0.3207281578212875,0.3207281578212875,402,1.0,1.0
2019wimF,T3,0.0,0.4,0.338008901227841,0.33800890122784094,402,1.0,1.0
2019wimF,T3,0.0,0.42,0.3553790096318182,0.3553790096318181,402,1.0,1.0
2019wimF,T3,0.0,0.44,0.37247350858670353,0.37247350858670353,402,1.0,1.0
2019wimF,T3,0.0,0.46,0.3898655371549445,0.3898655371549445,402,1.0,1.0
2019wimF,T3,0.0,0.48,0.4073043349450085,0.40730433494500856,402,1.0,1.0
2019wimF,T3,0.0,0.5,0.4249508656175028,0.4249508656175029,402,1.0,1.0
2019wimF,T3,0.0,0.52,0.442496466723482,0.442496466723482,402,1.0,1.0
2019wimF,T3,0.0,0.54,0.4601534844870741,0.46015348448707416,402,1.0,1.0
2019wimF,T3,0.0,0.56,0.47794593634199867,0.4779459363419988,402,1.0,1.0
2019wimF,T3,0.0,0.58,0.4956127221311115,0.4956127221311118,402,1.0,1.0
2019wimF,T3,0.0,0.6,0.513741395581044,0.5137413955810443,402,1.0,1.0
2019wimF,T3,0.25,0.0,-5.7110103953447704e-05,-0.0001393913137424477,402,0.024875621890547265,0.004975124378109453
2019wimF,T3,0.25,0.02,0.016674645636431035,0.012367434168254872,402,0.08208955223880597,0.017412935323383085
2019wimF,T3,0.25,0.04,0.033704067494201635,0.025066386485082418,402,0.19402985074626866,0.05472636815920398
2019wimF,T3,0.25,0.06,0.050393819248795386,0.037606346120375035,402,0.35323383084577115,0.14925373134328357
2019wimF,T3,0.25,0.08,0.0671620850586313,0.05002318532115407,402,0.5696517412935324,0.30597014925373134
2019wimF,T3,0.25,0.1,0.08391908700800949,0.0627729341016784,402,0.7611940298507462,0.5024875621890548
2019wimF,T3,0.25,0.12,0.10053112805793954,0.07493493375866317,402,0.8955223880597015,0.7089552238805971
2019wimF,T3,0.25,0.14,0.11743508908343187,0.08760730999523794,402,0.9527363184079602,0.8631840796019901
2019wimF,T3,0.25,0.16,0.1342450645106448,0.10010955266848393,402,0.9875621890547264,0.945273631840796
2019wimF,T3,0.25,0.18,0.15111085183357778,0.11279282963737444,402,1.0,0.9825870646766169
2019wimF,T3,0.25,0.2,0.1681612434233001,0.12539741926440537,402,1.0,0.9950248756218906
2019wimF,T3,0.25,0.22,0.1851025390410431,0.13804712747873082,402,1.0,1.0
2019wimF,T3,0.25,0.24,0.20194475065858783,0.15055299120471133,402,1.0,1.0
2019wimF,T3,0.25,0.26,0.21892366724762377,0.16323806484178105,402,1.0,1.0
2019wimF,T3,0.25,0.28,0.23605379229592893,0.1760207877357795,402,1.0,1.0
2019wimF,T3,0.25,0.3,0.2534527277184634,0.18895691495892297,402,1.0,1.0
2019wimF,T3,0.25,0.32,0.27044346893773563,0.20172550123602562,402,1.0,1.0
2019wimF,T3,0.25,0.34,0.28770621504069294,0.21458504005916113,402,1.0,1.0
2019wimF,T3,0.25,0.36,0.3048776891630547,0.2272824970037104,402,1.0,1.0
2019wimF,T3,0.25,0.38,0.32206193652744625,0.24022091869030182,402,1.0,1.0
2019wimF,T3,0.25,0.4,0.3393982139407515,0.25326090887667807,402,1.0,1.0
2019wimF,T3,0.25,0.42,0.35666389271919063,0.26614946745797935,402,1.0,1.0
2019wimF,T3,0.25,0.44,0.3738714255662367,0.2791846454221229,402,1.0,1.0
2019wimF,T3,0.25,0.46,0.3911621557334451,0.2919785369075045,402,1.0,1.0
2019wimF,T3,0.25,0.48,0.40868161945964565,0.3050300055880574,402,1.0,1.0
2019wimF,T3,0.25,0.5,0.42638777517728954,0.31838675640219166,402,1.0,1.0
2019wimF,T3,0.25,0.52,0.44383384906915685,0.3314805336143768,402,1.0,1.0
2019wimF,T3,0.25,0.54,0.4616185406321585,0.34475948324458955,402,1.0,1.0
2019wimF,T3,0.25,0.56,0.4794055085734944,0.3581030625609274,402,1.0,1.0
2019wimF,T3,0.25,0.58,0.4970744948796321,0.3712335591626278,402,1.0,1.0
2019wimF,T3,0.25,0.6,0.5151944503449508,0.3848409659452754,402,1.0,1.0
2019wimF,T3,0.5,0.0,0.0003822115410222605,-0.0001393913137424477,402,0.024875621890547265,0.004975124378109453
2019wimF,T3,0.5,0.02,0.017079975147064958,0.008048168721108235,402,0.05472636815920398,0.012437810945273632
2019wimF,T3,0.5,0.04,0.03401694672224375,0.01638328453081389,402,0.11194029850746269,0.024875621890547265
2019wimF,T3,0.5,0.06,0.05091345608634774,0.024711197369421813,402,0.17661691542288557,0.05721393034825871
2019wimF,T3,0.5,0.08,0.06766477724074671,0.03276313406412188,402,0.30597014925373134,0.11442786069651742
2019wimF,T3,0.5,0.1,0.08440679632036614,0.041257257975571136,402,0.4228855721393035,0.18159203980099503
2019wimF,T3,0.5,0.12,0.10101813223867596,0.049321370252424244,402,0.5447761194029851,0.3034825870646766
2019wimF,T3,0.5,0.14,0.11796799166742429,0.05756113642134369,402,0.681592039800995,0.43283582089552236
2019wimF,T3,0.5,0.16,0.13456300244898567,0.06587330535950597,402,0.7985074626865671,0.5646766169154229
2019wimF,T3,0.5,0.18,0.15156123329624538,0.07427807712522627,402,0.8905472636815921,0.6791044776119403
2019wimF,T3,0.5,0.2,0.1684369408476923,0.08274977410419448,402,0.9353233830845771,0.8009950248756219
2019wimF,T3,0.5,0.22,0.18533416338383027,0.09117769796310699,402,0.9701492537313433,0.8980099502487562
2019wimF,T3,0.5,0.24,0.20232811976124443,0.09954941124840358,402,0.9825870646766169,0.9477611940298507
2019wimF,T3,0.5,0.26,0.21932494692111218,0.1077276044058271,402,0.9975124378109452,0.9601990049751243
2019wimF,T3,0.5,0.28,0.23633456405308914,0.1161068903845266,402,1.0,0.9850746268656716
2019wimF,T3,0.5,0.3,0.2533828580875788,0.12466294514811602,402,1.0,0.9950248756218906
2019wimF,T3,0.5,0.32,0.2704640874811288,0.13291299688059113,402,1.0,1.0
2019wimF,T3,0.5,0.34,0.2875622453103235,0.1413231198214718,402,1.0,1.0
2019wimF,T3,0.5,0.36,0.3049188012919507,0.14980999715973187,402,1.0,1.0
2019wimF,T3,0.5,0.38,0.32219419492593154,0.15828459966905836,402,1.0,1.0
2019wimF,T3,0.5,0.4,0.3394306293198578,0.16686547415846076,402,1.0,1.0
2019wimF,T3,0.5,0.42,0.35668282191879463,0.1754422436219971,402,1.0,1.0
2019wimF,T3,0.5,0.44,0.37409565151357377,0.1840900622860258,402,1.0,1.0
2019wimF,T3,0.5,0.46,0.3916177990049733,0.1926371633098703,402,1.0,1.0
2019wimF,T3,0.5,0.48,0.4091871084684057,0.20125682683331594,402,1.0,1.0
2019wimF,T3,0.5,0.5,0.4267999200424754,0.21009075562825894,402,1.0,1.0
2019wimF,T3,0.5,0.52,0.44445332819985645,0.21897042544605633,402,1.0,1.0
2019wimF,T3,0.5,0.54,0.4622884455791088,0.22783654100323908,402,1.0,1.0
2019wimF,T3,0.5,0.56,0.47993091337970306,0.23653340457006683,402,1.0,1.0
2019wimF,T3,0.5,0.58,0.49796236928498283,0.24545696247730145,402,1.0,1.0
2019wimF,T3,0.5,0.6,0.5159088653404895,0.25449565160081344,402,1.0,1.0
2023wimF,T2,0.0,0.0,0.0,0.0,314,0.022292993630573247,0.006369426751592357
2023wimF,T2,0.0,0.005,0.004949191630886905,0.004949191630887051,314,0.03184713375796178,0.006369426751592357
2023wimF,T2,0.0,0.01,0.009898383261773908,0.00989838326177385,314,0.041401273885350316,0.009554140127388535
2023wimF,T2,0.0,0.015,0.014847574892661121,0.014847574892661128,314,0.054140127388535034,0.01910828025477707
2023wimF,T2,0.0,0.02,0.01979676652354825,0.019796766523547785,314,0.07006369426751592,0.028662420382165606
2023wimF,T2,0.0,0.025,0.024745958154435074,0.024745958154435314,314,0.10191082802547771,0.03503184713375796
2023wimF,T2,0.0,0.03,0.029695149785322072,0.029695149785322162,314,0.1337579617834395,0.04777070063694268
2023wimF,T2,0.0,0.035,0.034644341416209326,0.03464434141620919,314,0.17197452229299362,0.06369426751592357
2023wimF,T2,0.0,0.04,0.039593533047096334,0.039593533047096556,314,0.2197452229299363,0.09872611464968153
2023wimF,T2,0.0,0.045,0.044542724677983446,0.04454272467798337,314,0.2770700636942675,0.12420382165605096
2023wimF,T2,0.0,0.05,0.049491916308870364,0.049491916308870176,314,0.3503184713375796,0.1624203821656051
2023wimF,T2,0.0,0.055,0.05444110793975743,0.05444110793975734,314,0.44904458598726116,0.2197452229299363
2023wimF,T2,0.0,0.06,0.059390299570644456,0.059390299570644116,314,0.5318471337579618,0.2961783439490446
2023wimF,T2,0.0,0.065,0.06433949120153158,0.0643394912015319,314,0.5796178343949044,0.3471337579617834
2023wimF,T2,0.0,0.07,0.06928868283241858,0.0692886828324187,314,0.6242038216560509,0.45222929936305734
2023wimF,T2,0.0,0.075,0.07423787446330564,0.07423787446330583,314,0.6847133757961783,0.5127388535031847
2023wimF,T2,0.0,0.08,0.07918706609419257,0.07918706609419265,314,0.7579617834394905,0.5605095541401274
2023wimF,T2,0.0,0.085,0.08413625772507968,0.08413625772507949,314,0.8343949044585988,0.6178343949044586
2023wimF,T2,0.0,0.09,0.0890854493559667,0.08908544935596685,314,0.8757961783439491,0.6942675159235668
2023wimF,T2,0.0,0.095,0.09403464098685395,0.09403464098685385,314,0.910828025477707,0.7579617834394905
2023wimF,T2,0.0,0.1,0.09898383261774094,0.09898383261774073,314,0.9331210191082803,0.8312101910828026
2023wimF,T2,0.0,0.105,0.1039330242486278,0.1039330242486282,314,0.9585987261146497,0.8630573248407644
2023wimF,T2,0.0,0.11,0.10888221587951491,0.10888221587951491,314,0.9777070063694268,0.9076433121019108
2023wimF,T2,0.0,0.115,0.1138314075104021,0.11383140751040217,314,0.9904458598726115,0.9426751592356688
2023wimF,T2,0.0,0.12,0.11878059914128909,0.11878059914128897,314,0.9968152866242038,0.964968152866242
2023wimF,T2,0.0,0.125,0.12372979077217602,0.12372979077217602,314,1.0,0.9713375796178344
2023wimF,T2,0.0,0.13,0.12867898240306294,0.12867898240306308,314,1.0,0.9840764331210191
2023wimF,T2,0.0,0.135,0.13362136495951868,0.13362136495951862,314,1.0,0.9936305732484076
2023wimF,T2,0.0,0.14,0.1385501293671121,0.1385501293671121,314,1.0,1.0
2023wimF,T2,0.0,0.145,0.14347889377470538,0.14347889377470502,314,1.0,1.0
2023wimF,T2,0.0,0.15,0.14840765818229848,0.14840765818229867,314,1.0,1.0
2023wimF,T2,0.0,0.155,0.15333504330095113,0.1533350433009512,314,1.0,1.0
2023wimF,T2,0.0,0.16,0.15825783078980227,0.15825783078980216,314,1.0,1.0
2023wimF,T2,0.0,0.165,0.16318061827865324,0.1631806182786534,314,1.0,1.0
2023wimF,T2,0.0,0.17,0.16809959748688819,0.16809959748688805,314,1.0,1.0
2023wimF,T2,0.0,0.175,0.1730166725548149,0.17301667255481473,314,1.0,1.0
2023wimF,T2,0.0,0.18,0.17793374762274178,0.17793374762274167,314,1.0,1.0
2023wimF,T2,0.0,0.185,0.18285082269066863,0.18285082269066832,314,1.0,1.0
2023wimF,T2,0.0,0.19,0.18776789775859554,0.18776789775859581,314,1.0,1.0
2023wimF,T2,0.0,0.195,0.1926849728265224,0.19268497282652247,314,1.0,1.0
2023wimF,T2,0.0,0.2,0.19760204789444924,0.19760204789444943,314,1.0,1.0
2023wimF,T2,0.25,0.0,0.0,0.0,314,0.022292993630573247,0.006369426751592357
2023wimF,T2,0.25,0.005,0.004949191630886905,0.0037959737716435032,314,0.028662420382165606,0.006369426751592357
2023wimF,T2,0.25,0.01,0.009898383261773908,0.0075919475432872875,314,0.03821656050955414,0.006369426751592357
2023wimF,T2,0.25,0.015,0.014847574892661121,0.01138792131493097,314,0.04777070063694268,0.012738853503184714
2023wimF,T2,0.25,0.02,0.01979676652354825,0.015183895086574473,314,0.054140127388535034,0.01910828025477707
2023wimF,T2,0.25,0.025,0.024745958154435074,0.01897986885821807,314,0.07006369426751592,0.028662420382165606
2023wimF,T2,0.25,0.03,0.029695149785322072,0.02277584262986163,314,0.08598726114649681,0.03184713375796178
2023wimF,T2,0.25,0.035,0.034644341416209326,0.026571816401505376,314,0.11464968152866242,0.03821656050955414
2023wimF,T2,0.25,0.04,0.039593533047096334,0.03036779017314899,314,0.14331210191082802,0.054140127388535034
2023wimF,T2,0.25,0.045,0.044542724677983446,0.034163763944792785,314,0.1624203821656051,0.06369426751592357
2023wimF,T2,0.25,0.05,0.049491916308870364,0.03795973771643626,314,0.20382165605095542,0.09235668789808917
2023wimF,T2,0.25,0.055,0.05444110793975743,0.041755711488079814,314,0.2515923566878981,0.10828025477707007
2023wimF,T2,0.25,0.06,0.059390299570644456,0.045551685259723515,314,0.29936305732484075,0.1337579617834395
2023wimF,T2,0.25,0.065,0.06433949120153158,0.04934765903136719,314,0.35987261146496813,0.16560509554140126
2023wimF,T2,0.25,0.07,0.06928868283241858,0.05314363280301091,314,0.40764331210191085,0.20382165605095542
2023wimF,T2,0.25,0.075,0.07423787446330564,0.05693960657465444,314,0.4840764331210191,0.2611464968152866
2023wimF,T2,0.25,0.08,0.07918706609419257,0.06073558034629794,314,0.5382165605095541,0.31210191082802546
2023wimF,T2,0.25,0.085,0.08413625772507968,0.0645315541179417,314,0.5764331210191083,0.3630573248407643
2023wimF,T2,0.25,0.09,0.0890854493559667,0.06832752788958532,314,0.6242038216560509,0.42038216560509556
2023wimF,T2,0.25,0.095,0.09403464098685395,0.07212350166122909,314,0.6624203821656051,0.4745222929936306
2023wimF,T2,0.25,0.1,0.09898383261774094,0.07591947543287263,314,0.7101910828025477,0.5031847133757962
2023wimF,T2,0.25,0.105,0.1039330242486278,0.07971544920451622,314,0.7611464968152867,0.5477707006369427
2023wimF,T2,0.25,0.11,0.10888221587951491,0.08351142297615974,314,0.821656050955414,0.6178343949044586
2023wimF,T2,0.25,0.115,0.1138314075104021,0.08730739674780341,314,0.856687898089172,0.6687898089171974
2023wimF,T2,0.25,0.12,0.11878059914128909,0.0911033705194472,314,0.8853503184713376,0.7197452229299363
2023wimF,T2,0.25,0.125,0.12372979077217602,0.0948993442910907,314,0.9140127388535032,0.767515923566879
2023wimF,T2,0.25,0.13,0.12867898240306294,0.09869531806273421,314,0.9299363057324841,0.7961783439490446
2023wimF,T2,0.25,0.135,0.13362136495951868,0.10249002541373567,314,0.9490445859872612,0.8503184713375797
2023wimF,T2,0.25,0.14,0.1385501293671121,0.1062821999234523,314,0.964968152866242,0.8885350318471338
2023wimF,T2,0.25,0.145,0.14347889377470538,0.1100743744331688,314,0.9777070063694268,0.9012738853503185
2023wimF,T2,0.25,0.15,0.14840765818229848,0.11386654894288545,314,0.9904458598726115,0.9267515923566879
2023wimF,T2,0.25,0.155,0.15333504330095113,0.11765658928511262,314,0.9936305732484076,0.9522292993630573
2023wimF,T2,0.25,0.16,0.15825783078980227,0.12144397707514565,314,1.0,0.964968152866242
2023wimF,T2,0.25,0.165,0.16318061827865324,0.1252313648651786,314,1.0,0.9713375796178344
2023wimF,T2,0.25,0.17,0.16809959748688819,0.12901816305204653,314,1.0,0.9872611464968153
2023wimF,T2,0.25,0.175,0.1730166725548149,0.1328046664373315,314,1.0,0.9936305732484076
2023wimF,T2,0.25,0.18,0.17793374762274178,0.1365885236543828,314,1.0,0.9936305732484076
2023wimF,T2,0.25,0.185,0.18285082269066863,0.14037005072699849,314,1.0,0.9936305732484076
2023wimF,T2,0.25,0.19,0.18776789775859554,0.14415157779961424,314,1.0,1.0
2023wimF,T2,0.25,0.195,0.1926849728265224,0.14793187938562122,314,1.0,1.0
2023wimF,T2,0.25,0.2,0.19760204789444924,0.1517120519730377,314,1.0,1.0
2023wimF,T2,0.5,0.0,0.0,0.0,314,0.022292993630573247,0.006369426751592357
2023wimF,T2,0.5,0.005,0.004949191630886905,0.0026427559124003576,314,0.028662420382165606,0.006369426751592357
2023wimF,T2,0.5,0.01,0.009898383261773908,0.005285511824800489,314,0.03184713375796178,0.006369426751592357
2023wimF,T2,0.5,0.015,0.014847574892661121,0.007928267737200748,314,0.03821656050955414,0.006369426751592357
2023wimF,T2,0.5,0.02,0.01979676652354825,0.010571023649600737,314,0.04777070063694268,0.006369426751592357
2023wimF,T2,0.5,0.025,0.024745958154435074,0.013213779562001121,314,0.054140127388535034,0.01592356687898089
2023wimF,T2,0.5,0.03,0.029695149785322072,0.015856535474401252,314,0.054140127388535034,0.01910828025477707
2023wimF,T2,0.5,0.035,0.034644341416209326,0.01849929138680154,314,0.07006369426751592,0.025477707006369428
2023wimF,T2,0.5,0.04,0.039593533047096334,0.021142047299201567,314,0.07961783439490445,0.028662420382165606
2023wimF,T2,0.5,0.045,0.044542724677983446,0.02378480321160201,314,0.09872611464968153,0.03184713375796178
2023wimF,T2,0.5,0.05,0.049491916308870364,0.026427559124002187,314,0.1178343949044586,0.03821656050955414
2023wimF,T2,0.5,0.055,0.05444110793975743,0.029070315036402342,314,0.1337579617834395,0.04777070063694268
2023wimF,T2,0.5,0.06,0.059390299570644456,0.03171307094880253,314,0.15286624203821655,0.05732484076433121
2023wimF,T2,0.5,0.065,0.06433949120153158,0.03435582686120287,314,0.16878980891719744,0.06687898089171974
2023wimF,T2,0.5,0.07,0.06928868283241858,0.03699858277360304,314,0.1942675159235669,0.07961783439490445
2023wimF,T2,0.5,0.075,0.07423787446330564,0.03964133868600319,314,0.2197452229299363,0.10509554140127389
2023wimF,T2,0.5,0.08,0.07918706609419257,0.042284094598403384,314,0.2515923566878981,0.11146496815286625
2023wimF,T2,0.5,0.085,0.08413625772507968,0.04492685051080381,314,0.28662420382165604,0.14012738853503184
2023wimF,T2,0.5,0.09,0.0890854493559667,0.04756960642320384,314,0.34394904458598724,0.15605095541401273
2023wimF,T2,0.5,0.095,0.09403464098685395,0.050212362335604124,314,0.37261146496815284,0.17834394904458598
2023wimF,T2,0.5,0.1,0.09898383261774094,0.05285511824800426,314,0.410828025477707,0.2070063694267516
2023wimF,T2,0.5,0.105,0.1039330242486278,0.055497874160404644,314,0.44904458598726116,0.24203821656050956
2023wimF,T2,0.5,0.11,0.10888221587951491,0.05814063007280465,314,0.49044585987261147,0.28343949044585987
2023wimF,T2,0.5,0.115,0.1138314075104021,0.0607833859852049,314,0.5318471337579618,0.321656050955414
2023wimF,T2,0.5,0.12,0.11878059914128909,0.06342614189760504,314,0.5636942675159236,0.3535031847133758
2023wimF,T2,0.5,0.125,0.12372979077217602,0.06606889781000538,314,0.6019108280254777,0.36942675159235666
2023wimF,T2,0.5,0.13,0.12867898240306294,0.06871165372240573,314,0.6242038216560509,0.410828025477707
2023wimF,T2,0.5,0.135,0.13362136495951868,0.07135314321416354,314,0.6496815286624203,0.4554140127388535
2023wimF,T2,0.5,0.14,0.1385501293671121,0.07399209986463678,314,0.6847133757961783,0.4713375796178344
2023wimF,T2,0.5,0.145,0.14347889377470538,0.07663105651510976,314,0.7165605095541401,0.49363057324840764
2023wimF,T2,0.5,0.15,0.14840765818229848,0.07927001316558313,314,0.7611464968152867,0.5222929936305732
2023wimF,T2,0.5,0.155,0.15333504330095113,0.08190867595108461,314,0.7961783439490446,0.5636942675159236
2023wimF,T2,0.5,0.16,0.15825783078980227,0.0845463591866808,314,0.8121019108280255,0.6146496815286624
2023wimF,T2,0.5,0.165,0.16318061827865324,0.0871840424222767,314,0.8248407643312102,0.6464968152866242
2023wimF,T2,0.5,0.17,0.16809959748688819,0.08982113605470782,314,0.8471337579617835,0.6910828025477707
2023wimF,T2,0.5,0.175,0.1730166725548149,0.09245793488555609,314,0.8726114649681529,0.7229299363057324
2023wimF,T2,0.5,0.18,0.17793374762274178,0.09509339531457323,314,0.9044585987261147,0.7484076433121019
2023wimF,T2,0.5,0.185,0.18285082269066863,0.09772718274130156,314,0.9235668789808917,0.7770700636942676
2023wimF,T2,0.5,0.19,0.18776789775859554,0.10036097016803007,314,0.9331210191082803,0.7929936305732485
2023wimF,T2,0.5,0.195,0.1926849728265224,0.10299475759475837,314,0.945859872611465,0.8152866242038217
2023wimF,T2,0.5,0.2,0.19760204789444924,0.10562854502148668,314,0.9617834394904459,0.8375796178343949
2023wimF,T3,0.0,0.0,9.470256994794167e-05,9.470256994794493e-05,314,0.022292993630573247,0.006369426751592357
2023wimF,T3,0.0,0.02,0.016650259208980066,0.01665025920898006,314,0.06687898089171974,0.028662420382165606
2023wimF,T3,0.0,0.04,0.03358460146914401,0.033584601469144,314,0.1942675159235669,0.07643312101910828
2023wimF,T3,0.0,0.06,0.050963406538033516,0.05096340653803351,314,0.39490445859872614,0.21019108280254778
2023wimF,T3,0.0,0.08,0.067977630473079,0.067977630473079,314,0.6910828025477707,0.42356687898089174
2023wimF,T3,0.0,0.1,0.08495823908710631,0.08495823908710631,314,0.8312101910828026,0.6687898089171974
2023wimF,T3,0.0,0.12,0.10173873475484839,0.10173873475484839,314,0.964968152866242,0.8726114649681529
2023wimF,T3,0.0,0.14,0.1188396397435842,0.11883963974358416,314,0.9872611464968153,0.9681528662420382
2023wimF,T3,0.0,0.16,0.13603016379828722,0.13603016379828722,314,0.9968152866242038,0.9904458598726115
2023wimF,T3,0.0,0.18,0.15303337586336158,0.15303337586336158,314,1.0,0.9968152866242038
2023wimF,T3,0.0,0.2,0.17013976135105707,0.17013976135105707,314,1.0,1.0
2023wimF,T3,0.0,0.22,0.18716409520974622,0.18716409520974622,314,1.0,1.0
2023wimF,T3,0.0,0.24,0.2040455693597406,0.2040455693597406,314,1.0,1.0
2023wimF,T3,0.0,0.26,0.22105792667286897,0.221057926672869,314,1.0,1.0
2023wimF,T3,0.0,0.28,0.2382229105100494,0.2382229105100494,314,1.0,1.0
2023wimF,T3,0.0,0.3,0.25530280452214266,0.25530280452214266,314,1.0,1.0
2023wimF,T3,0.0,0.32,0.27259322726596963,0.27259322726596963,314,1.0,1.0
2023wimF,T3,0.0,0.34,0.2897925439956141,0.2897925439956141,314,1.0,1.0
2023wimF,T3,0.0,0.36,0.3072882954649612,0.3072882954649612,314,1.0,1.0
2023wimF,T3,0.0,0.38,0.3244285671090858,0.3244285671090858,314,1.0,1.0
2023wimF,T3,0.0,0.4,0.3419484744010051,0.341948474401005,314,1.0,1.0
2023wimF,T3,0.0,0.42,0.35937623057651874,0.35937623057651874,314,1.0,1.0
2023wimF,T3,0.0,0.44,0.3770298812135944,0.3770298812135943,314,1.0,1.0
2023wimF,T3,0.0,0.46,0.3947226055500884,0.3947226055500884,314,1.0,1.0
2023wimF,T3,0.0,0.48,0.41271638461330895,0.41271638461330884,314,1.0,1.0
2023wimF,T3,0.0,0.5,0.4305609273865919,0.43056092738659185,314,1.0,1.0
2023wimF,T3,0.0,0.52,0.44839417862890835,0.44839417862890835,314,1.0,1.0
2023wimF,T3,0.0,0.54,0.46605745973126117,0.46605745973126106,314,1.0,1.0
2023wimF,T3,0.0,0.56,0.48412244579851943,0.48412244579851943,314,1.0,1.0
2023wimF,T3,0.0,0.58,0.5023790764598836,0.5023790764598834,314,1.0,1.0
2023wimF,T3,0.0,0.6,0.5201931748922393,0.5201931748922393,314,1.0,1.0
2023wimF,T3,0.25,0.0,-0.000444432106677243,9.470256994794493e-05,314,0.022292993630573247,0.006369426751592357
2023wimF,T3,0.25,0.02,0.01603867189300308,0.012779387421641785,314,0.05732484076433121,0.022292993630573247
2023wimF,T3,0.25,0.04,0.03307812541890495,0.025740567878874396,314,0.1178343949044586,0.044585987261146494
2023wimF,T3,0.25,0.06,0.05033317452579156,0.03875696525958488,314,0.2515923566878981,0.09235668789808917
2023wimF,T3,0.25,0.08,0.06745947441648661,0.051502067503420484,314,0.4140127388535032,0.20382165605095542
2023wimF,T3,0.25,0.1,0.0841811988934519,0.06406455579532766,314,0.6337579617834395,0.35987261146496813
2023wimF,T3,0.25,0.12,0.10114093575584922,0.07690523357706762,314,0.7738853503184714,0.5923566878980892
2023wimF,T3,0.25,0.14,0.11838768881538594,0.0899859217837868,314,0.9076433121019108,0.7388535031847133
2023wimF,T3,0.25,0.16,0.13552256172530094,0.10292331903631698,314,0.9713375796178344,0.8789808917197452
2023wimF,T3,0.25,0.18,0.15257155115090426,0.11576460219434669,314,0.9872611464968153,0.9554140127388535
2023wimF,T3,0.25,0.2,0.16973795527228872,0.12883138255696963,314,0.9904458598726115,0.9872611464968153
2023wimF,T3,0.25,0.22,0.18679083687821466,0.14173761759279563,314,1.0,0.9936305732484076
2023wimF,T3,0.25,0.24,0.20379061392324752,0.1547870032014483,314,1.0,0.9968152866242038
2023wimF,T3,0.25,0.26,0.22095590724426944,0.16766377689106726,314,1.0,1.0
2023wimF,T3,0.25,0.28,0.2382998807648472,0.18068283399303972,314,1.0,1.0
2023wimF,T3,0.25,0.3,0.2555263501170638,0.1936557280190012,314,1.0,1.0
2023wimF,T3,0.25,0.32,0.27294273752826814,0.2067324519395371,314,1.0,1.0
2023wimF,T3,0.25,0.34,0.289989958301619,0.21968549229882064,314,1.0,1.0
2023wimF,T3,0.25,0.36,0.3074914565334154,0.2327526526631223,314,1.0,1.0
2023wimF,T3,0.25,0.38,0.32481818788413147,0.24595534012263026,314,1.0,1.0
2023wimF,T3,0.25,0.4,0.34231820628531223,0.2592230374507335,314,1.0,1.0
2023wimF,T3,0.25,0.42,0.35943524879644023,0.27219423567174855,314,1.0,1.0
2023wimF,T3,0.25,0.44,0.3769099478115378,0.2854078413276241,314,1.0,1.0
2023wimF,T3,0.25,0.46,0.39471756002868696,0.29885214883455663,314,1.0,1.0
2023wimF,T3,0.25,0.48,0.4127866197313938,0.31244289773197,314,1.0,1.0
2023wimF,T3,0.25,0.5,0.4305814367431169,0.32593773516553576,314,1.0,1.0
2023wimF,T3,0.25,0.52,0.44885787234731633,0.3395118396412099,314,1.0,1.0
2023wimF,T3,0.25,0.54,0.4667845179620584,0.35292655954982527,314,1.0,1.0
2023wimF,T3,0.25,0.56,0.4846809877210553,0.36629243536042916,314,1.0,1.0
2023wimF,T3,0.25,0.58,0.5030030146814752,0.3802519149132762,314,1.0,1.0
2023wimF,T3,0.25,0.6,0.5209882064617393,0.39370135197966727,314,1.0,1.0
2023wimF,T3,0.5,0.0,-0.0008961579591500512,9.470256994794493e-05,314,0.022292993630573247,0.006369426751592357
2023wimF,T3,0.5,0.02,0.0157266675160181,0.00876734871837562,314,0.041401273885350316,0.01592356687898089
2023wimF,T3,0.5,0.04,0.032589184600086224,0.01754054643501542,314,0.07643312101910828,0.025477707006369428
2023wimF,T3,0.5,0.06,0.05012742671496438,0.026503339632647307,314,0.11464968152866242,0.050955414012738856
2023wimF,T3,0.5,0.08,0.06690489281318254,0.03511140165499333,314,0.20063694267515925,0.06687898089171974
2023wimF,T3,0.5,0.1,0.08389710455500307,0.04369850369064245,314,0.31528662420382164,0.14331210191082802
2023wimF,T3,0.5,0.12,0.10084296287295287,0.05254772580150878,314,0.4681528662420382,0.22611464968152867
2023wimF,T3,0.5,0.14,0.11788223679880899,0.0611985260760566,314,0.589171974522293,0.3248407643312102
2023wimF,T3,0.5,0.16,0.1351222247440674,0.07008557709785951,314,0.6815286624203821,0.4745222929936306
2023wimF,T3,0.5,0.18,0.15212178571909293,0.07873772356464588,314,0.8057324840764332,0.589171974522293
2023wimF,T3,0.5,0.2,0.16918503161896753,0.08744184575250136,314,0.8821656050955414,0.7070063694267515
2023wimF,T3,0.5,0.22,0.18641299423915858,0.09632361786158493,314,0.9363057324840764,0.7961783439490446
2023wimF,T3,0.5,0.24,0.20356328355268374,0.105398409848688,314,0.9681528662420382,0.8821656050955414
2023wimF,T3,0.5,0.26,0.220859301442221,0.1139666266406535,314,0.9872611464968153,0.9426751592356688
2023wimF,T3,0.5,0.28,0.23833764786969433,0.12296247108942465,314,0.9904458598726115,0.964968152866242
2023wimF,T3,0.5,0.3,0.25554287336745135,0.13190082260351385,314,0.9968152866242038,0.9840764331210191
2023wimF,T3,0.5,0.32,0.2723749992113653,0.14038753856077213,314,1.0,0.9904458598726115
2023wimF,T3,0.5,0.34,0.28967161180884987,0.14923255218126674,314,1.0,0.9936305732484076
2023wimF,T3,0.5,0.36,0.30699520855909745,0.15779806085256837,314,1.0,1.0
2023wimF,T3,0.5,0.38,0.3243793079363686,0.1668601491947817,314,1.0,1.0
2023wimF,T3,0.5,0.4,0.3420800151833491,0.17583375740209103,314,1.0,1.0
2023wimF,T3,0.5,0.42,0.3597032840388876,0.18490225280181571,314,1.0,1.0
2023wimF,T3,0.5,0.44,0.3770137866391697,0.19383295970496886,314,1.0,1.0
2023wimF,T3,0.5,0.46,0.39488587258390007,0.20284143142147357,314,1.0,1.0
2023wimF,T3,0.5,0.48,0.41266233155496274,0.2121066782154801,314,1.0,1.0
2023wimF,T3,0.5,0.5,0.4307784773720405,0.22129473422350823,314,1.0,1.0
2023wimF,T3,0.5,0.52,0.4488626455535753,0.23035537078126556,314,1.0,1.0
2023wimF,T3,0.5,0.54,0.46686984105695867,0.23942854304241745,314,1.0,1.0
2023wimF,T3,0.5,0.56,0.48484356533579404,0.24874479593664717,314,1.0,1.0
2023wimF,T3,0.5,0.58,0.5031339099486088,0.2579671794265781,314,1.0,1.0
2023wimF,T3,0.5,0.6,0.5212931403395415,0.2669497865686118,314,1.0,1.0
