point_idx,variant,syll,ntok
2,base,3,2
2,X4,3,2
4,base,2,2
4,base,2,2
4,base,5,2
4,base,4,2
4,base,2,2
4,base,2,2
4,base,2,2
4,base,2,2
4,R1,2,2
4,R1,2,2
4,R1,5,2
4,R1,4,2
4,R1,2,2
4,R1,2,2
4,R1,2,2
4,R1,2,2
4,X4,2,2
4,X4,2,2
4,X4,2,2
4,X4,2,2
4,X4,2,2
4,X4,2,2
4,X4,2,2
4,X4,3,3
5,base,2,2
5,base,2,2
5,base,3,2
5,base,2,2
5,base,4,2
5,base,2,2
5,base,2,2
5,base,3,3
5,base,3,3
5,base,5,4
5,R1,2,2
5,R1,2,2
5,R1,3,2
5,R1,2,2
5,R1,4,2
5,R1,2,2
5,R1,2,2
5,R1,3,3
5,R1,3,3
5,R1,5,4
5,R2,3,3
5,R2,5,4
5,X4,2,2
5,X4,2,2
5,X4,3,2
5,X4,2,2
5,X4,4,2
5,X4,2,2
5,X4,2,2
5,X4,3,3
5,X4,3,3
5,X4,5,4
7,base,6,2
7,X4,4,2
8,base,2,2
8,base,3,2
8,base,4,2
8,base,3,2
8,base,2,2
8,base,3,2
8,base,2,2
8,base,3,3
8,base,6,3
8,base,4,3
8,base,3,3
8,base,3,3
8,R1,2,2
8,R1,3,2
8,R1,4,2
8,R1,3,2
8,R1,2,2
8,R1,3,2
8,R1,2,2
8,R1,3,3
8,R1,6,3
8,R1,4,3
8,R1,3,3
8,R1,3,3
8,R2,3,3
8,R2,4,3
8,R2,3,3
8,R2,3,3
8,X4,2,2
8,X4,3,2
8,X4,4,2
8,X4,3,2
8,X4,2,2
8,X4,3,2
8,X4,2,2
8,X4,3,3
8,X4,3,3
8,X4,4,3
8,X4,3,3
8,X4,3,3
9,base,2,2
9,base,4,2
9,base,2,2
9,base,2,2
9,base,2,2
9,base,2,2
9,base,2,2
9,base,2,2
9,base,6,3
9,R1,2,2
9,R1,4,2
9,R1,2,2
9,R1,2,2
9,R1,2,2
9,R1,2,2
9,R1,2,2
9,R1,2,2
9,R1,6,3
9,X4,2,2
9,X4,2,2
9,X4,2,2
9,X4,2,2
9,X4,2,2
9,X4,2,2
9,X4,2,2
9,X4,2,2
9,X4,3,3
9,X4,3,3
12,base,2,2
12,base,2,2
12,base,2,2
12,base,2,2
12,base,2,2
12,base,4,2
12,base,2,2
12,base,2,2
12,base,3,2
12,base,4,2
12,base,3,2
12,base,4,2
12,base,4,2
12,base,2,2
12,base,2,2
12,base,3,3
12,base,3,3
12,base,3,3
12,base,3,3
12,base,3,3
12,base,3,3
12,base,3,3
12,base,4,4
12,R1,2,2
12,R1,2,2
12,R1,2,2
12,R1,2,2
12,R1,2,2
12,R1,4,2
12,R1,2,2
12,R1,2,2
12,R1,3,2
12,R1,4,2
12,R1,3,2
12,R1,4,2
12,R1,4,2
12,R1,2,2
12,R1,2,2
12,R1,3,3
12,R1,3,3
12,R1,3,3
12,R1,3,3
12,R1,3,3
12,R1,3,3
12,R1,3,3
12,R1,4,4
12,R2,3,3
12,R2,3,3
12,R2,3,3
12,R2,3,3
12,R2,3,3
12,R2,3,3
12,R2,3,3
12,X4,2,2
12,X4,2,2
12,X4,2,2
12,X4,2,2
12,X4,2,2
12,X4,2,2
12,X4,4,2
12,X4,2,2
12,X4,2,2
12,X4,3,2
12,X4,2,2
12,X4,2,2
12,X4,2,2
12,X4,3,3
12,X4,3,3
12,X4,3,3
12,X4,4,3
12,X4,3,3
12,X4,3,3
12,X4,3,3
12,X4,3,3
12,X4,3,3
12,X4,3,3
12,X4,4,4
12,X4,4,4
14,base,4,2
14,base,2,2
14,base,4,2
14,base,2,2
14,base,3,2
14,base,3,2
14,base,3,2
14,base,4,2
14,base,3,3
14,base,3,3
14,base,3,3
14,base,4,3
14,R1,2,2
14,R1,4,2
14,R1,2,2
14,R1,3,2
14,R1,3,2
14,R1,3,2
14,R1,4,2
14,R1,3,3
14,R1,3,3
14,R1,3,3
14,R1,4,3
14,R2,3,3
14,R2,3,3
14,R2,4,3
14,X4,4,2
14,X4,2,2
14,X4,4,2
14,X4,3,2
14,X4,3,2
14,X4,3,2
14,X4,3,2
14,X4,4,2
14,X4,3,3
14,X4,3,3
14,X4,3,3
14,X4,3,3
14,X4,4,3
15,base,4,2
15,base,2,2
15,base,4,2
15,base,3,2
15,base,2,2
15,base,2,2
15,base,2,2
15,base,2,2
15,base,4,3
15,base,3,3
15,base,3,3
15,base,3,3
15,base,4,3
15,base,5,4
15,R1,2,2
15,R1,4,2
15,R1,3,2
15,R1,2,2
15,R1,2,2
15,R1,2,2
15,R1,2,2
15,R1,4,3
15,R1,3,3
15,R1,3,3
15,R1,3,3
15,R1,4,3
15,R1,5,4
15,R2,3,3
15,R2,3,3
15,R2,4,3
15,R2,5,4
15,X4,4,2
15,X4,2,2
15,X4,2,2
15,X4,2,2
15,X4,3,2
15,X4,2,2
15,X4,2,2
15,X4,2,2
15,X4,2,2
15,X4,4,3
15,X4,3,3
15,X4,3,3
15,X4,3,3
15,X4,3,3
15,X4,4,3
15,X4,5,4
16,base,2,2
16,base,2,2
16,base,3,2
16,base,2,2
16,base,2,2
16,base,4,2
16,base,4,2
16,base,2,2
16,base,3,2
16,base,3,2
16,base,2,2
16,base,3,2
16,base,5,2
16,base,4,2
16,base,2,2
16,base,2,2
16,base,2,2
16,base,2,2
16,base,2,2
16,base,2,2
16,base,2,2
16,base,3,2
16,base,2,2
16,base,2,2
16,base,2,2
16,base,3,2
16,base,2,2
16,base,2,2
16,base,2,2
16,base,3,3
16,base,4,3
16,base,4,3
16,base,3,3
16,base,4,3
16,base,3,3
16,base,3,3
16,base,3,3
16,base,4,3
16,base,3,3
16,base,3,3
16,base,3,3
16,R1,2,2
16,R1,2,2
16,R1,3,2
16,R1,2,2
16,R1,2,2
16,R1,4,2
16,R1,4,2
16,R1,2,2
16,R1,3,2
16,R1,3,2
16,R1,2,2
16,R1,3,2
16,R1,5,2
16,R1,4,2
16,R1,2,2
16,R1,2,2
16,R1,2,2
16,R1,2,2
16,R1,2,2
16,R1,2,2
16,R1,2,2
16,R1,3,2
16,R1,2,2
16,R1,2,2
16,R1,2,2
16,R1,3,2
16,R1,2,2
16,R1,2,2
16,R1,2,2
16,R1,3,3
16,R1,4,3
16,R1,4,3
16,R1,3,3
16,R1,4,3
16,R1,3,3
16,R1,3,3
16,R1,3,3
16,R1,4,3
16,R1,3,3
16,R1,3,3
16,R1,3,3
16,R2,3,3
16,R2,4,3
16,R2,3,3
16,R2,4,3
16,R2,3,3
16,R2,3,3
16,R2,4,3
16,R2,3,3
16,R2,3,3
16,X4,2,2
16,X4,2,2
16,X4,3,2
16,X4,2,2
16,X4,2,2
16,X4,4,2
16,X4,2,2
16,X4,3,2
16,X4,3,2
16,X4,2,2
16,X4,3,2
16,X4,5,2
16,X4,4,2
16,X4,2,2
16,X4,2,2
16,X4,2,2
16,X4,2,2
16,X4,2,2
16,X4,2,2
16,X4,3,2
16,X4,2,2
16,X4,2,2
16,X4,2,2
16,X4,3,2
16,X4,2,2
16,X4,2,2
16,X4,2,2
16,X4,3,3
16,X4,4,3
16,X4,4,3
16,X4,3,3
16,X4,3,3
16,X4,4,3
16,X4,3,3
16,X4,3,3
16,X4,3,3
16,X4,4,3
16,X4,3,3
16,X4,3,3
16,X4,3,3
16,X4,3,3
18,base,3,2
18,X4,3,2
23,base,2,2
23,base,2,2
23,base,4,2
23,base,4,2
23,base,2,2
23,base,2,2
23,base,4,3
23,base,3,3
23,R1,2,2
23,R1,2,2
23,R1,4,2
23,R1,4,2
23,R1,2,2
23,R1,2,2
23,R1,4,3
23,R1,3,3
23,R2,4,3
23,R2,3,3
23,X4,2,2
23,X4,2,2
23,X4,2,2
23,X4,2,2
23,X4,2,2
23,X4,2,2
23,X4,4,3
23,X4,3,3
26,base,3,2
26,base,4,2
26,base,2,2
26,base,2,2
26,base,2,2
26,base,3,2
26,base,3,2
26,base,2,2
26,base,2,2
26,base,2,2
26,base,2,2
26,base,3,3
26,R1,3,2
26,R1,4,2
26,R1,2,2
26,R1,2,2
26,R1,3,3
26,R1,2,2
26,R1,3,2
26,R1,3,2
26,R1,2,2
26,R1,2,2
26,R1,2,2
26,R1,2,2
26,R2,3,3
26,X4,3,2
26,X4,2,2
26,X4,4,2
26,X4,2,2
26,X4,2,2
26,X4,2,2
26,X4,3,2
26,X4,3,2
26,X4,2,2
26,X4,2,2
26,X4,2,2
26,X4,2,2
26,X4,3,3
27,base,4,2
27,X4,4,2
28,base,2,2
28,base,2,2
28,base,5,2
28,base,4,2
28,base,3,3
28,base,5,3
28,R1,2,2
28,R1,2,2
28,R1,5,2
28,R1,4,2
28,R1,3,3
28,R1,5,3
28,R2,3,3
28,X4,2,2
28,X4,2,2
28,X4,3,3
28,X4,3,3
28,X4,5,3
29,base,4,2
29,base,2,2
29,base,4,2
29,base,2,2
29,base,2,2
29,base,2,2
29,base,2,2
29,base,3,2
29,base,2,2
29,base,2,2
29,base,4,2
29,base,4,3
29,base,3,3
29,base,3,3
29,R1,4,2
29,R1,2,2
29,R1,4,2
29,R1,2,2
29,R1,2,2
29,R1,2,2
29,R1,2,2
29,R1,3,2
29,R1,2,2
29,R1,2,2
29,R1,4,2
29,R1,4,3
29,R1,3,3
29,R1,3,3
29,X4,3,2
29,X4,2,2
29,X4,4,2
29,X4,2,2
29,X4,2,2
29,X4,2,2
29,X4,2,2
29,X4,3,2
29,X4,2,2
29,X4,4,3
29,X4,3,3
29,X4,3,3
29,X4,3,3
29,X4,3,3
30,base,2,2
30,base,2,2
30,base,4,2
30,base,4,2
30,base,4,2
30,base,2,2
30,base,2,2
30,base,2,2
30,base,3,2
30,base,3,2
30,base,2,2
30,base,2,2
30,base,2,2
30,base,2,2
30,base,4,2
30,base,2,2
30,base,2,2
30,base,2,2
30,base,2,2
30,base,2,2
30,base,2,2
30,base,2,2
30,base,2,2
30,base,2,2
30,base,2,2
30,base,2,2
30,base,2,2
30,base,3,2
30,base,2,2
30,base,2,2
30,base,2,2
30,base,2,2
30,base,2,2
30,base,4,2
30,base,3,3
30,base,3,3
30,base,3,3
30,base,3,3
30,base,3,3
30,base,3,3
30,base,3,3
30,base,3,3
30,base,4,3
30,base,3,3
30,base,3,3
30,base,4,4
30,base,5,4
30,base,4,4
30,R1,2,2
30,R1,2,2
30,R1,4,2
30,R1,4,2
30,R1,4,2
30,R1,2,2
30,R1,2,2
30,R1,2,2
30,R1,3,2
30,R1,3,2
30,R1,2,2
30,R1,2,2
30,R1,2,2
30,R1,2,2
30,R1,4,2
30,R1,2,2
30,R1,2,2
30,R1,2,2
30,R1,2,2
30,R1,2,2
30,R1,2,2
30,R1,2,2
30,R1,2,2
30,R1,2,2
30,R1,2,2
30,R1,2,2
30,R1,2,2
30,R1,3,2
30,R1,2,2
30,R1,2,2
30,R1,2,2
30,R1,2,2
30,R1,2,2
30,R1,4,2
30,R1,3,3
30,R1,3,3
30,R1,3,3
30,R1,3,3
30,R1,3,3
30,R1,3,3
30,R1,3,3
30,R1,3,3
30,R1,4,3
30,R1,3,3
30,R1,3,3
30,R1,4,4
30,R1,5,4
30,R1,4,4
30,R2,3,3
30,R2,3,3
30,R2,3,3
30,R2,3,3
30,R2,3,3
30,R2,4,3
30,R2,3,3
30,R2,4,4
30,R2,5,4
30,X4,2,2
30,X4,2,2
30,X4,2,2
30,X4,2,2
30,X4,2,2
30,X4,2,2
30,X4,2,2
30,X4,2,2
30,X4,3,2
30,X4,3,2
30,X4,2,2
30,X4,2,2
30,X4,2,2
30,X4,2,2
30,X4,2,2
30,X4,2,2
30,X4,2,2
30,X4,2,2
30,X4,2,2
30,X4,2,2
30,X4,2,2
30,X4,2,2
30,X4,2,2
30,X4,2,2
30,X4,2,2
30,X4,2,2
30,X4,2,2
30,X4,3,2
30,X4,2,2
30,X4,2,2
30,X4,2,2
30,X4,2,2
30,X4,2,2
30,X4,4,2
30,X4,3,3
30,X4,3,3
30,X4,3,3
30,X4,3,3
30,X4,3,3
30,X4,4,3
30,X4,3,3
30,X4,3,3
30,X4,3,3
30,X4,4,3
30,X4,3,3
30,X4,3,3
30,X4,4,4
30,X4,4,4
30,X4,5,4
30,X4,4,4
31,base,2,2
31,base,2,2
31,base,2,2
31,base,3,2
31,base,3,2
31,base,2,2
31,base,3,2
31,base,2,2
31,base,2,2
31,base,2,2
31,base,3,2
31,base,4,2
31,base,2,2
31,base,3,2
31,base,3,2
31,base,4,2
31,base,2,2
31,base,2,2
31,base,4,3
31,base,3,3
31,base,4,3
31,base,5,3
31,base,4,3
31,base,4,4
31,R1,2,2
31,R1,2,2
31,R1,2,2
31,R1,3,2
31,R1,3,2
31,R1,2,2
31,R1,3,2
31,R1,2,2
31,R1,2,2
31,R1,2,2
31,R1,3,2
31,R1,4,2
31,R1,2,2
31,R1,3,2
31,R1,3,2
31,R1,4,2
31,R1,2,2
31,R1,2,2
31,R1,4,3
31,R1,3,3
31,R1,4,3
31,R1,5,3
31,R1,4,3
31,R1,4,4
31,R2,3,3
31,R2,3,3
31,R2,3,3
31,X4,2,2
31,X4,2,2
31,X4,2,2
31,X4,3,2
31,X4,3,2
31,X4,2,2
31,X4,2,2
31,X4,2,2
31,X4,2,2
31,X4,3,2
31,X4,4,2
31,X4,2,2
31,X4,3,2
31,X4,3,2
31,X4,2,2
31,X4,2,2
31,X4,2,2
31,X4,4,3
31,X4,3,3
31,X4,3,3
31,X4,4,3
31,X4,5,3
31,X4,4,3
31,X4,4,3
31,X4,4,4
32,base,2,2
32,base,4,2
32,base,6,2
32,base,4,2
32,base,2,2
32,base,2,2
32,base,2,2
32,base,2,2
32,base,2,2
32,base,2,2
32,base,2,2
32,base,2,2
32,base,3,2
32,base,2,2
32,base,2,2
32,base,3,2
32,base,3,2
32,base,2,2
32,base,3,3
32,base,4,3
32,base,4,3
32,base,3,3
32,R1,2,2
32,R1,4,2
32,R1,6,2
32,R1,4,2
32,R1,2,2
32,R1,2,2
32,R1,2,2
32,R1,2,2
32,R1,2,2
32,R1,2,2
32,R1,2,2
32,R1,2,2
32,R1,3,2
32,R1,2,2
32,R1,2,2
32,R1,3,2
32,R1,3,2
32,R1,2,2
32,R1,3,3
32,R1,4,3
32,R1,4,3
32,R1,3,3
32,R2,4,3
32,X4,2,2
32,X4,4,2
32,X4,6,2
32,X4,4,2
32,X4,2,2
32,X4,2,2
32,X4,2,2
32,X4,2,2
32,X4,2,2
32,X4,2,2
32,X4,2,2
32,X4,2,2
32,X4,3,2
32,X4,2,2
32,X4,2,2
32,X4,3,2
32,X4,3,2
32,X4,2,2
32,X4,3,3
32,X4,4,3
32,X4,4,3
32,X4,3,3
38,base,2,2
38,base,2,2
38,base,2,2
38,base,2,2
38,base,2,2
38,base,2,2
38,base,2,2
38,base,2,2
38,base,2,2
38,base,2,2
38,base,2,2
38,base,3,2
38,base,2,2
38,base,2,2
38,base,3,3
38,base,3,3
38,base,3,3
38,R1,2,2
38,R1,2,2
38,R1,2,2
38,R1,2,2
38,R1,2,2
38,R1,2,2
38,R1,2,2
38,R1,2,2
38,R1,2,2
38,R1,2,2
38,R1,2,2
38,R1,3,2
38,R1,2,2
38,R1,2,2
38,R1,3,3
38,R1,3,3
38,R1,3,3
38,R2,3,3
38,R2,3,3
38,X4,2,2
38,X4,2,2
38,X4,2,2
38,X4,2,2
38,X4,2,2
38,X4,2,2
38,X4,2,2
38,X4,2,2
38,X4,2,2
38,X4,2,2
38,X4,2,2
38,X4,3,2
38,X4,2,2
38,X4,2,2
38,X4,3,3
38,X4,3,3
38,X4,3,3
38,X4,3,3
39,base,3,2
39,base,2,2
39,base,2,2
39,base,3,2
39,base,2,2
39,base,2,2
39,base,3,3
39,R1,3,2
39,R1,2,2
39,R1,2,2
39,R1,3,2
39,R1,2,2
39,R1,2,2
39,R1,3,3
39,R2,3,3
39,X4,2,2
39,X4,2,2
39,X4,2,2
39,X4,3,2
39,X4,2,2
39,X4,2,2
39,X4,3,3
39,base,4,2
39,base,2,2
39,base,2,2
39,base,2,2
39,base,3,2
39,base,3,2
39,base,2,2
39,base,3,2
39,base,2,2
39,base,2,2
39,base,2,2
39,base,3,3
39,base,3,3
39,base,3,3
39,base,3,3
39,R1,4,2
39,R1,2,2
39,R1,2,2
39,R1,2,2
39,R1,3,2
39,R1,3,2
39,R1,2,2
39,R1,3,2
39,R1,2,2
39,R1,2,2
39,R1,2,2
39,R1,3,3
39,R1,3,3
39,R1,3,3
39,R1,3,3
39,R2,3,3
39,R2,3,3
39,R2,3,3
39,R2,3,3
39,X4,4,2
39,X4,2,2
39,X4,2,2
39,X4,2,2
39,X4,3,2
39,X4,3,2
39,X4,2,2
39,X4,3,2
39,X4,2,2
39,X4,2,2
39,X4,2,2
39,X4,3,3
39,X4,3,3
39,X4,3,3
39,X4,3,3
40,base,3,2
40,R1,3,2
40,X4,3,2
41,base,4,2
41,base,3,2
41,base,2,2
41,base,3,2
41,base,4,2
41,base,3,2
41,base,2,2
41,base,3,3
41,base,3,3
41,base,4,3
41,R1,4,2
41,R1,3,2
41,R1,2,2
41,R1,3,2
41,R1,4,2
41,R1,3,2
41,R1,2,2
41,R1,3,3
41,R1,3,3
41,R1,4,3
41,R2,3,3
41,X4,4,2
41,X4,3,2
41,X4,2,2
41,X4,3,2
41,X4,4,2
41,X4,3,2
41,X4,2,2
41,X4,3,3
41,X4,3,3
41,X4,4,3
42,base,2,2
42,base,2,2
42,base,4,2
42,base,2,2
42,base,3,2
42,base,4,2
42,base,4,2
42,R1,2,2
42,R1,2,2
42,R1,4,2
42,R1,2,2
42,R1,3,2
42,R1,4,2
42,R1,4,2
42,X4,2,2
42,X4,2,2
42,X4,2,2
42,X4,3,2
42,X4,2,2
42,X4,2,2
42,X4,3,3
46,base,2,2
46,base,2,2
46,base,4,2
46,base,3,2
46,base,2,2
46,base,2,2
46,base,2,2
46,base,3,2
46,base,4,2
46,base,4,2
46,base,4,2
46,base,2,2
46,base,2,2
46,base,2,2
46,base,3,2
46,base,2,2
46,base,2,2
46,base,3,3
46,base,3,3
46,base,4,4
46,R1,2,2
46,R1,2,2
46,R1,4,2
46,R1,3,2
46,R1,2,2
46,R1,2,2
46,R1,2,2
46,R1,3,2
46,R1,4,2
46,R1,4,2
46,R1,4,2
46,R1,2,2
46,R1,2,2
46,R1,2,2
46,R1,3,2
46,R1,2,2
46,R1,2,2
46,R1,3,3
46,R1,3,3
46,R1,4,4
46,R2,3,3
46,R2,3,3
46,R2,4,4
46,X4,2,2
46,X4,2,2
46,X4,2,2
46,X4,5,2
46,X4,3,2
46,X4,2,2
46,X4,2,2
46,X4,2,2
46,X4,3,2
46,X4,4,2
46,X4,2,2
46,X4,2,2
46,X4,2,2
46,X4,3,2
46,X4,2,2
46,X4,2,2
46,X4,3,3
46,X4,3,3
46,X4,3,3
46,X4,4,4
48,base,2,2
48,base,2,2
48,base,2,2
48,base,4,2
48,base,2,2
48,base,3,2
48,base,2,2
48,base,2,2
48,base,2,2
48,base,2,2
48,base,2,2
48,base,3,2
48,base,3,2
48,base,4,2
48,base,2,2
48,base,2,2
48,base,3,2
48,base,2,2
48,base,3,2
48,base,3,2
48,base,2,2
48,base,2,2
48,base,2,2
48,base,4,2
48,base,3,3
48,base,3,3
48,R1,2,2
48,R1,2,2
48,R1,2,2
48,R1,4,2
48,R1,2,2
48,R1,3,2
48,R1,2,2
48,R1,2,2
48,R1,2,2
48,R1,2,2
48,R1,2,2
48,R1,3,2
48,R1,3,2
48,R1,4,2
48,R1,2,2
48,R1,2,2
48,R1,3,2
48,R1,2,2
48,R1,3,2
48,R1,3,2
48,R1,2,2
48,R1,2,2
48,R1,2,2
48,R1,4,2
48,R1,3,3
48,R1,3,3
48,R2,3,3
48,X4,2,2
48,X4,2,2
48,X4,2,2
48,X4,3,2
48,X4,2,2
48,X4,2,2
48,X4,2,2
48,X4,2,2
48,X4,2,2
48,X4,3,2
48,X4,3,2
48,X4,4,2
48,X4,2,2
48,X4,2,2
48,X4,3,2
48,X4,2,2
48,X4,3,2
48,X4,3,2
48,X4,2,2
48,X4,2,2
48,X4,2,2
48,X4,4,2
48,X4,3,3
48,X4,3,3
48,X4,3,3
48,X4,3,3
49,base,4,2
49,X4,4,2
50,base,2,2
50,base,2,2
50,base,4,2
50,base,3,2
50,base,2,2
50,base,2,2
50,base,3,2
50,base,3,2
50,base,3,2
50,base,4,2
50,base,4,2
50,base,2,2
50,base,2,2
50,base,2,2
50,base,2,2
50,base,3,2
50,base,3,2
50,base,2,2
50,base,3,2
50,base,2,2
50,base,4,2
50,base,4,2
50,base,2,2
50,base,3,2
50,base,2,2
50,base,2,2
50,base,2,2
50,base,2,2
50,base,4,2
50,base,3,2
50,base,4,3
50,base,3,3
50,base,3,3
50,base,3,3
50,base,5,3
50,base,3,3
50,base,3,3
50,base,6,3
50,base,4,4
50,base,5,4
50,R1,2,2
50,R1,4,2
50,R1,3,2
50,R1,2,2
50,R1,2,2
50,R1,3,2
50,R1,3,2
50,R1,3,2
50,R1,4,2
50,R1,4,2
50,R1,2,2
50,R1,2,2
50,R1,2,2
50,R1,2,2
50,R1,3,2
50,R1,3,2
50,R1,2,2
50,R1,3,2
50,R1,2,2
50,R1,4,2
50,R1,4,2
50,R1,2,2
50,R1,3,2
50,R1,2,2
50,R1,2,2
50,R1,2,2
50,R1,2,2
50,R1,4,2
50,R1,3,2
50,R1,4,3
50,R1,3,3
50,R1,3,3
50,R1,3,3
50,R1,5,3
50,R1,3,3
50,R1,3,3
50,R1,6,3
50,R1,4,4
50,R1,5,4
50,R2,3,3
50,R2,3,3
50,R2,3,3
50,R2,6,3
50,R2,4,4
50,X4,2,2
50,X4,2,2
50,X4,2,2
50,X4,2,2
50,X4,3,2
50,X4,2,2
50,X4,2,2
50,X4,3,2
50,X4,3,2
50,X4,2,2
50,X4,3,2
50,X4,2,2
50,X4,2,2
50,X4,2,2
50,X4,2,2
50,X4,2,2
50,X4,2,2
50,X4,2,2
50,X4,2,2
50,X4,2,2
50,X4,3,2
50,X4,3,2
50,X4,2,2
50,X4,3,2
50,X4,2,2
50,X4,2,2
50,X4,2,2
50,X4,2,2
50,X4,3,2
50,X4,2,2
50,X4,2,2
50,X4,2,2
50,X4,2,2
50,X4,4,2
50,X4,3,2
50,X4,4,3
50,X4,3,3
50,X4,3,3
50,X4,3,3
50,X4,5,3
50,X4,3,3
50,X4,3,3
50,X4,6,3
50,X4,4,4
50,X4,5,4
51,base,2,2
51,base,2,2
51,base,2,2
51,base,2,2
51,base,2,2
51,base,2,2
51,base,2,2
51,base,2,2
51,base,2,2
51,base,3,3
51,base,3,3
51,base,3,3
51,base,3,3
51,R1,2,2
51,R1,2,2
51,R1,2,2
51,R1,3,3
51,R1,3,3
51,R1,2,2
51,R1,2,2
51,R1,2,2
51,R1,2,2
51,R1,2,2
51,R1,2,2
51,R1,3,3
51,R1,3,3
51,R2,3,3
51,R2,3,3
51,X4,2,2
51,X4,2,2
51,X4,2,2
51,X4,2,2
51,X4,2,2
51,X4,2,2
51,X4,2,2
51,X4,2,2
51,X4,2,2
51,X4,3,3
51,X4,3,3
51,X4,3,3
51,X4,3,3
52,base,2,2
52,base,2,2
52,base,2,2
52,R1,2,2
52,R1,2,2
52,R1,2,2
52,X4,2,2
52,X4,2,2
52,X4,2,2
52,base,2,2
52,base,2,2
52,base,2,2
52,base,3,2
52,base,2,2
52,base,3,2
52,base,2,2
52,base,4,2
52,base,4,2
52,base,3,2
52,base,3,2
52,base,3,2
52,base,3,2
52,base,2,2
52,base,2,2
52,base,2,2
52,base,2,2
52,base,2,2
52,base,3,2
52,base,4,2
52,base,2,2
52,base,2,2
52,base,3,2
52,base,2,2
52,base,2,2
52,base,2,2
52,base,2,2
52,base,2,2
52,base,2,2
52,base,4,2
52,base,2,2
52,base,2,2
52,base,2,2
52,base,2,2
52,base,7,3
52,base,5,3
52,base,3,3
52,base,5,3
52,base,5,3
52,base,4,3
52,R1,2,2
52,R1,2,2
52,R1,2,2
52,R1,3,2
52,R1,2,2
52,R1,3,2
52,R1,2,2
52,R1,4,2
52,R1,4,2
52,R1,3,2
52,R1,3,2
52,R1,3,2
52,R1,3,2
52,R1,2,2
52,R1,2,2
52,R1,2,2
52,R1,2,2
52,R1,2,2
52,R1,3,2
52,R1,4,2
52,R1,2,2
52,R1,2,2
52,R1,3,2
52,R1,2,2
52,R1,2,2
52,R1,2,2
52,R1,7,3
52,R1,5,3
52,R1,3,3
52,R1,2,2
52,R1,2,2
52,R1,2,2
52,R1,2,2
52,R1,4,2
52,R1,2,2
52,R1,2,2
52,R1,2,2
52,R1,2,2
52,R1,4,3
52,R2,3,3
52,R2,4,3
52,X4,2,2
52,X4,2,2
52,X4,2,2
52,X4,3,2
52,X4,2,2
52,X4,3,2
52,X4,2,2
52,X4,4,2
52,X4,4,2
52,X4,3,2
52,X4,3,2
52,X4,3,2
52,X4,3,2
52,X4,2,2
52,X4,2,2
52,X4,2,2
52,X4,2,2
52,X4,2,2
52,X4,3,2
52,X4,2,2
52,X4,2,2
52,X4,3,2
52,X4,2,2
52,X4,2,2
52,X4,2,2
52,X4,2,2
52,X4,2,2
52,X4,2,2
52,X4,2,2
52,X4,2,2
52,X4,2,2
52,X4,2,2
52,X4,2,2
52,X4,7,3
52,X4,5,3
52,X4,3,3
52,X4,3,3
52,X4,5,3
52,X4,5,3
52,X4,4,3
53,base,2,2
53,base,2,2
53,base,3,2
53,base,2,2
53,base,2,2
53,base,2,2
53,base,2,2
53,base,3,2
53,base,4,2
53,base,2,2
53,base,2,2
53,base,2,2
53,base,2,2
53,base,2,2
53,base,2,2
53,base,3,2
53,base,3,3
53,base,3,3
53,base,4,3
53,R1,2,2
53,R1,2,2
53,R1,3,2
53,R1,2,2
53,R1,2,2
53,R1,2,2
53,R1,2,2
53,R1,3,3
53,R1,3,3
53,R1,2,2
53,R1,2,2
53,R1,2,2
53,R1,2,2
53,R1,2,2
53,R1,2,2
53,R1,4,3
53,R2,3,3
53,R2,3,3
53,X4,2,2
53,X4,2,2
53,X4,3,2
53,X4,2,2
53,X4,2,2
53,X4,2,2
53,X4,2,2
53,X4,3,2
53,X4,4,2
53,X4,2,2
53,X4,2,2
53,X4,2,2
53,X4,2,2
53,X4,2,2
53,X4,2,2
53,X4,3,2
53,X4,3,3
53,X4,3,3
53,X4,4,3
54,base,2,2
54,base,2,2
54,base,3,2
54,base,2,2
54,base,4,2
54,base,2,2
54,base,2,2
54,base,3,2
54,base,3,2
54,base,2,2
54,base,2,2
54,base,2,2
54,base,2,2
54,base,3,2
54,base,3,2
54,base,2,2
54,base,2,2
54,base,3,2
54,base,3,2
54,base,2,2
54,base,2,2
54,base,3,2
54,base,3,2
54,base,4,2
54,base,3,3
54,base,3,3
54,base,4,3
54,base,4,4
54,base,6,5
54,R1,2,2
54,R1,2,2
54,R1,3,2
54,R1,2,2
54,R1,4,2
54,R1,2,2
54,R1,2,2
54,R1,3,2
54,R1,3,3
54,R1,2,2
54,R1,2,2
54,R1,2,2
54,R1,3,2
54,R1,3,2
54,R1,2,2
54,R1,2,2
54,R1,3,2
54,R1,3,2
54,R1,2,2
54,R1,2,2
54,R1,3,2
54,R1,3,3
54,R1,4,3
54,R1,4,4
54,R1,6,5
54,R1,4,2
54,R2,3,3
54,R2,4,4
54,R2,6,5
54,X4,2,2
54,X4,2,2
54,X4,3,2
54,X4,2,2
54,X4,2,2
54,X4,2,2
54,X4,2,2
54,X4,2,2
54,X4,3,2
54,X4,3,2
54,X4,2,2
54,X4,2,2
54,X4,2,2
54,X4,2,2
54,X4,3,2
54,X4,3,2
54,X4,2,2
54,X4,2,2
54,X4,3,2
54,X4,3,2
54,X4,2,2
54,X4,2,2
54,X4,3,2
54,X4,3,2
54,X4,4,2
54,X4,3,3
54,X4,3,3
54,X4,4,3
54,X4,4,4
54,X4,6,5
55,base,2,2
55,base,3,2
55,base,3,2
55,base,3,2
55,base,2,2
55,base,2,2
55,base,2,2
55,base,3,3
55,base,4,3
55,R1,2,2
55,R1,3,2
55,R1,3,3
55,R1,4,3
55,R1,2,2
55,R1,2,2
55,R1,2,2
55,R2,3,3
55,R2,4,3
55,X4,2,2
55,X4,3,2
55,X4,3,2
55,X4,3,2
55,X4,2,2
55,X4,2,2
55,X4,2,2
55,X4,3,3
55,X4,4,3
57,base,2,2
57,base,2,2
57,base,2,2
57,base,2,2
57,base,2,2
57,base,2,2
57,base,3,2
57,base,2,2
57,base,2,2
57,base,3,2
57,base,2,2
57,base,2,2
57,base,3,2
57,base,2,2
57,base,2,2
57,base,2,2
57,base,2,2
57,base,2,2
57,base,3,2
57,base,3,2
57,base,2,2
57,base,2,2
57,base,2,2
57,base,2,2
57,base,2,2
57,base,2,2
57,base,3,2
57,base,2,2
57,base,2,2
57,base,2,2
57,base,2,2
57,base,2,2
57,base,3,2
57,base,3,3
57,base,3,3
57,base,3,3
57,base,4,3
57,base,3,3
57,base,4,3
57,base,4,3
57,base,3,3
57,base,3,3
57,base,5,4
57,R1,2,2
57,R1,2,2
57,R1,2,2
57,R1,2,2
57,R1,2,2
57,R1,2,2
57,R1,3,2
57,R1,2,2
57,R1,2,2
57,R1,3,2
57,R1,2,2
57,R1,2,2
57,R1,3,2
57,R1,2,2
57,R1,2,2
57,R1,2,2
57,R1,2,2
57,R1,2,2
57,R1,3,2
57,R1,3,3
57,R1,3,3
57,R1,3,3
57,R1,4,3
57,R1,5,4
57,R1,2,2
57,R1,2,2
57,R1,2,2
57,R1,2,2
57,R1,2,2
57,R1,2,2
57,R1,3,2
57,R1,2,2
57,R1,2,2
57,R1,2,2
57,R1,2,2
57,R1,2,2
57,R1,3,2
57,R1,3,3
57,R1,4,3
57,R1,4,3
57,R1,3,3
57,R1,3,3
57,R2,3,3
57,R2,3,3
57,R2,3,3
57,R2,4,3
57,R2,3,3
57,R2,4,3
57,R2,4,3
57,R2,3,3
57,R2,3,3
57,R2,5,4
57,X4,2,2
57,X4,2,2
57,X4,2,2
57,X4,2,2
57,X4,2,2
57,X4,2,2
57,X4,3,2
57,X4,2,2
57,X4,2,2
57,X4,3,2
57,X4,2,2
57,X4,2,2
57,X4,3,2
57,X4,2,2
57,X4,2,2
57,X4,2,2
57,X4,3,2
57,X4,3,2
57,X4,2,2
57,X4,2,2
57,X4,3,2
57,X4,3,2
57,X4,2,2
57,X4,2,2
57,X4,2,2
57,X4,2,2
57,X4,2,2
57,X4,2,2
57,X4,3,2
57,X4,2,2
57,X4,2,2
57,X4,2,2
57,X4,2,2
57,X4,2,2
57,X4,3,2
57,X4,3,3
57,X4,3,3
57,X4,3,3
57,X4,4,3
57,X4,3,3
57,X4,4,3
57,X4,4,3
57,X4,3,3
57,X4,3,3
57,X4,5,4
57,base,2,2
57,base,4,2
57,base,2,2
57,base,2,2
57,base,2,2
57,base,2,2
57,base,3,2
57,base,3,3
57,base,4,3
57,base,3,3
57,R1,2,2
57,R1,4,2
57,R1,2,2
57,R1,2,2
57,R1,2,2
57,R1,2,2
57,R1,3,3
57,R1,4,3
57,R1,3,3
57,R2,3,3
57,R2,3,3
57,X4,2,2
57,X4,4,2
57,X4,2,2
57,X4,2,2
57,X4,2,2
57,X4,2,2
57,X4,3,2
57,X4,3,3
57,X4,4,3
57,X4,3,3
59,base,3,2
59,base,2,2
59,base,3,2
59,base,4,2
59,R1,3,2
59,R1,2,2
59,R1,3,2
59,X4,3,2
59,X4,2,2
59,X4,3,2
59,X4,4,2
60,base,3,2
60,base,4,2
60,base,3,2
60,base,4,2
60,base,2,2
60,base,2,2
60,base,2,2
60,base,2,2
60,base,2,2
60,base,2,2
60,base,4,2
60,base,2,2
60,base,2,2
60,base,2,2
60,base,2,2
60,base,4,2
60,base,2,2
60,base,4,2
60,base,2,2
60,base,5,2
60,base,3,2
60,base,2,2
60,base,2,2
60,base,2,2
60,base,2,2
60,base,3,2
60,base,3,2
60,base,4,3
60,base,4,3
60,base,4,4
60,base,4,4
60,R1,3,2
60,R1,4,2
60,R1,3,2
60,R1,4,2
60,R1,2,2
60,R1,2,2
60,R1,2,2
60,R1,2,2
60,R1,2,2
60,R1,4,4
60,R1,4,2
60,R1,2,2
60,R1,3,3
60,R1,2,2
60,R1,2,2
60,R1,2,2
60,R1,4,2
60,R1,2,2
60,R1,4,2
60,R1,2,2
60,R1,5,2
60,R1,3,2
60,R1,2,2
60,R1,2,2
60,R1,2,2
60,R1,2,2
60,R1,3,2
60,R1,3,2
60,R1,4,3
60,R2,3,3
60,R2,3,3
60,R2,4,3
60,R2,4,4
60,X4,3,2
60,X4,4,2
60,X4,3,2
60,X4,2,2
60,X4,2,2
60,X4,2,2
60,X4,2,2
60,X4,2,2
60,X4,2,2
60,X4,2,2
60,X4,2,2
60,X4,2,2
60,X4,2,2
60,X4,2,2
60,X4,2,2
60,X4,4,2
60,X4,2,2
60,X4,2,2
60,X4,2,2
60,X4,5,2
60,X4,3,2
60,X4,2,2
60,X4,2,2
60,X4,2,2
60,X4,2,2
60,X4,3,2
60,X4,3,2
60,X4,4,3
60,X4,4,3
60,X4,4,4
60,X4,4,4
63,base,2,2
63,base,2,2
63,base,2,2
63,base,2,2
63,base,2,2
63,base,2,2
63,base,2,2
63,base,2,2
63,base,2,2
63,base,4,2
63,base,3,2
63,base,2,2
63,base,2,2
63,base,2,2
63,base,2,2
63,base,3,2
63,base,3,2
63,base,2,2
63,base,2,2
63,base,4,3
63,base,3,3
63,base,5,3
63,base,4,4
63,R1,2,2
63,R1,2,2
63,R1,2,2
63,R1,2,2
63,R1,2,2
63,R1,2,2
63,R1,2,2
63,R1,2,2
63,R1,2,2
63,R1,4,2
63,R1,3,2
63,R1,2,2
63,R1,2,2
63,R1,2,2
63,R1,2,2
63,R1,3,2
63,R1,3,2
63,R1,2,2
63,R1,2,2
63,R1,4,3
63,R1,3,3
63,R1,5,3
63,R1,4,4
63,R2,3,3
63,R2,3,3
63,R2,3,3
63,R2,5,3
63,X4,2,2
63,X4,2,2
63,X4,2,2
63,X4,2,2
63,X4,2,2
63,X4,2,2
63,X4,2,2
63,X4,2,2
63,X4,2,2
63,X4,2,2
63,X4,3,2
63,X4,2,2
63,X4,2,2
63,X4,2,2
63,X4,2,2
63,X4,3,2
63,X4,3,2
63,X4,2,2
63,X4,2,2
63,X4,4,3
63,X4,3,3
63,X4,5,3
63,X4,4,4
64,base,2,2
64,base,2,2
64,base,2,2
64,base,2,2
64,base,2,2
64,base,2,2
64,base,3,2
64,base,3,2
64,base,3,2
64,base,3,2
64,base,3,3
64,base,4,4
64,base,4,4
64,R1,2,2
64,R1,2,2
64,R1,2,2
64,R1,2,2
64,R1,2,2
64,R1,2,2
64,R1,3,2
64,R1,3,2
64,R1,3,2
64,R1,3,2
64,R1,3,3
64,R1,4,4
64,R1,4,4
64,R2,3,3
64,R2,3,3
64,R2,3,3
64,R2,3,3
64,X4,2,2
64,X4,2,2
64,X4,2,2
64,X4,2,2
64,X4,2,2
64,X4,2,2
64,X4,3,2
64,X4,3,2
64,X4,3,2
64,X4,3,2
64,X4,3,3
64,X4,4,4
64,X4,4,4
65,base,2,2
65,base,2,2
65,base,2,2
65,base,2,2
65,base,3,2
65,base,3,2
65,base,2,2
65,base,2,2
65,base,2,2
65,base,2,2
65,base,4,2
65,base,2,2
65,base,2,2
65,base,2,2
65,R1,2,2
65,R1,2,2
65,R1,2,2
65,R1,2,2
65,R1,3,2
65,R1,3,2
65,R1,2,2
65,R1,2,2
65,R1,2,2
65,R1,2,2
65,R1,4,2
65,R1,2,2
65,R1,2,2
65,R1,2,2
65,X4,2,2
65,X4,2,2
65,X4,2,2
65,X4,2,2
65,X4,2,2
65,X4,2,2
65,X4,3,2
65,X4,3,2
65,X4,2,2
65,X4,2,2
65,X4,2,2
65,X4,2,2
65,X4,4,2
65,X4,2,2
65,X4,2,2
65,X4,2,2
66,base,3,2
66,base,3,2
66,base,3,2
66,base,2,2
66,base,3,2
66,base,3,2
66,base,2,2
66,base,2,2
66,base,2,2
66,base,2,2
66,base,2,2
66,base,2,2
66,base,3,2
66,base,3,3
66,base,6,3
66,R1,3,2
66,R1,3,2
66,R1,3,2
66,R1,2,2
66,R1,3,2
66,R1,3,2
66,R1,2,2
66,R1,2,2
66,R1,2,2
66,R1,2,2
66,R1,2,2
66,R1,2,2
66,R1,3,2
66,R1,3,3
66,R1,6,3
66,R2,3,3
66,R2,6,3
66,X4,3,2
66,X4,3,2
66,X4,3,2
66,X4,2,2
66,X4,3,2
66,X4,3,2
66,X4,2,2
66,X4,2,2
66,X4,2,2
66,X4,2,2
66,X4,2,2
66,X4,2,2
66,X4,3,2
66,X4,3,3
66,X4,6,3
69,base,2,2
69,base,2,2
69,base,3,2
69,base,3,2
69,base,2,2
69,base,4,2
69,base,2,2
69,base,2,2
69,base,3,2
69,base,2,2
69,base,3,2
69,base,2,2
69,base,5,2
69,base,2,2
69,base,3,2
69,base,2,2
69,base,2,2
69,base,2,2
69,base,2,2
69,base,2,2
69,base,3,2
69,base,2,2
69,base,2,2
69,base,2,2
69,base,2,2
69,base,2,2
69,base,2,2
69,base,2,2
69,base,2,2
69,base,2,2
69,base,2,2
69,base,2,2
69,base,2,2
69,base,2,2
69,base,3,2
69,base,3,3
69,base,3,3
69,base,3,3
69,base,4,3
69,base,3,3
69,R1,2,2
69,R1,2,2
69,R1,3,2
69,R1,3,2
69,R1,2,2
69,R1,4,2
69,R1,2,2
69,R1,2,2
69,R1,3,2
69,R1,2,2
69,R1,3,2
69,R1,2,2
69,R1,5,2
69,R1,2,2
69,R1,3,2
69,R1,2,2
69,R1,2,2
69,R1,2,2
69,R1,2,2
69,R1,2,2
69,R1,3,2
69,R1,2,2
69,R1,2,2
69,R1,2,2
69,R1,2,2
69,R1,2,2
69,R1,2,2
69,R1,2,2
69,R1,2,2
69,R1,2,2
69,R1,2,2
69,R1,2,2
69,R1,2,2
69,R1,2,2
69,R1,3,2
69,R1,3,3
69,R1,3,3
69,R1,3,3
69,R1,4,3
69,R1,3,3
69,R2,3,3
69,R2,3,3
69,R2,3,3
69,R2,3,3
69,X4,2,2
69,X4,2,2
69,X4,2,2
69,X4,3,2
69,X4,3,2
69,X4,2,2
69,X4,2,2
69,X4,2,2
69,X4,2,2
69,X4,2,2
69,X4,3,2
69,X4,2,2
69,X4,3,2
69,X4,2,2
69,X4,5,2
69,X4,2,2
69,X4,3,2
69,X4,2,2
69,X4,2,2
69,X4,2,2
69,X4,2,2
69,X4,2,2
69,X4,3,2
69,X4,2,2
69,X4,2,2
69,X4,2,2
69,X4,2,2
69,X4,2,2
69,X4,2,2
69,X4,2,2
69,X4,2,2
69,X4,2,2
69,X4,2,2
69,X4,2,2
69,X4,2,2
69,X4,2,2
69,X4,3,2
69,X4,3,3
69,X4,3,3
69,X4,3,3
69,X4,4,3
69,X4,3,3
70,base,2,2
70,base,2,2
70,base,2,2
70,base,2,2
70,base,2,2
70,base,2,2
70,base,3,2
70,base,3,2
70,base,2,2
70,base,2,2
70,base,3,3
70,base,4,3
70,base,4,4
70,R1,2,2
70,R1,2,2
70,R1,2,2
70,R1,2,2
70,R1,2,2
70,R1,2,2
70,R1,3,2
70,R1,3,2
70,R1,2,2
70,R1,2,2
70,R1,3,3
70,R1,4,3
70,R1,4,4
70,R2,3,3
70,R2,3,3
70,R2,3,3
70,R2,4,3
70,X4,2,2
70,X4,2,2
70,X4,2,2
70,X4,2,2
70,X4,2,2
70,X4,2,2
70,X4,3,2
70,X4,3,2
70,X4,2,2
70,X4,2,2
70,X4,3,3
70,X4,4,3
70,X4,4,4
71,base,2,2
71,base,2,2
71,base,2,2
71,base,2,2
71,base,2,2
71,base,2,2
71,base,2,2
71,base,3,2
71,base,3,2
71,base,2,2
71,base,2,2
71,base,2,2
71,base,2,2
71,base,2,2
71,base,3,3
71,base,3,3
71,base,4,3
71,base,3,3
71,base,6,4
71,R1,2,2
71,R1,2,2
71,R1,2,2
71,R1,2,2
71,R1,2,2
71,R1,2,2
71,R1,2,2
71,R1,3,2
71,R1,3,2
71,R1,2,2
71,R1,2,2
71,R1,2,2
71,R1,2,2
71,R1,2,2
71,R1,3,3
71,R1,3,3
71,R1,4,3
71,R1,3,3
71,R1,6,4
71,R2,3,3
71,R2,6,4
71,X4,2,2
71,X4,2,2
71,X4,2,2
71,X4,2,2
71,X4,2,2
71,X4,2,2
71,X4,2,2
71,X4,3,2
71,X4,3,2
71,X4,2,2
71,X4,2,2
71,X4,2,2
71,X4,2,2
71,X4,2,2
71,X4,3,3
71,X4,3,3
71,X4,4,3
71,X4,3,3
71,X4,6,4
75,base,2,2
75,base,2,2
75,base,3,2
75,base,2,2
75,base,2,2
75,base,2,2
75,base,2,2
75,base,2,2
75,base,2,2
75,base,2,2
75,base,2,2
75,base,2,2
75,base,2,2
75,base,2,2
75,base,2,2
75,base,2,2
75,base,2,2
75,base,2,2
75,base,3,2
75,base,2,2
75,base,3,2
75,base,3,2
75,base,2,2
75,base,4,2
75,base,2,2
75,base,2,2
75,base,2,2
75,base,2,2
75,base,2,2
75,base,3,3
75,base,3,3
75,base,4,3
75,base,5,3
75,base,3,3
75,base,3,3
75,base,3,3
75,base,3,3
75,base,4,4
75,base,4,4
75,R1,2,2
75,R1,2,2
75,R1,3,2
75,R1,2,2
75,R1,2,2
75,R1,2,2
75,R1,2,2
75,R1,3,3
75,R1,3,3
75,R1,4,3
75,R1,5,3
75,R1,2,2
75,R1,2,2
75,R1,2,2
75,R1,2,2
75,R1,2,2
75,R1,2,2
75,R1,2,2
75,R1,2,2
75,R1,2,2
75,R1,2,2
75,R1,2,2
75,R1,3,2
75,R1,2,2
75,R1,3,2
75,R1,3,2
75,R1,2,2
75,R1,4,2
75,R1,2,2
75,R1,2,2
75,R1,2,2
75,R1,2,2
75,R1,2,2
75,R1,3,3
75,R1,3,3
75,R1,3,3
75,R1,3,3
75,R1,4,4
75,R1,4,4
75,R2,3,3
75,R2,3,3
75,R2,4,3
75,R2,5,3
75,R2,3,3
75,R2,3,3
75,R2,3,3
75,R2,3,3
75,R2,3,3
75,R2,3,3
75,R2,4,4
75,X4,2,2
75,X4,2,2
75,X4,3,2
75,X4,2,2
75,X4,2,2
75,X4,2,2
75,X4,2,2
75,X4,2,2
75,X4,2,2
75,X4,2,2
75,X4,2,2
75,X4,2,2
75,X4,2,2
75,X4,2,2
75,X4,2,2
75,X4,2,2
75,X4,2,2
75,X4,3,2
75,X4,2,2
75,X4,3,2
75,X4,3,2
75,X4,2,2
75,X4,2,2
75,X4,2,2
75,X4,2,2
75,X4,2,2
75,X4,2,2
75,X4,2,2
75,X4,2,2
75,X4,3,3
75,X4,3,3
75,X4,4,3
75,X4,5,3
75,X4,3,3
75,X4,3,3
75,X4,3,3
75,X4,3,3
75,X4,3,3
75,X4,4,4
75,X4,4,4
76,base,3,2
76,base,2,2
76,base,2,2
76,base,3,2
76,base,2,2
76,base,3,2
76,base,2,2
76,base,2,2
76,base,2,2
76,base,2,2
76,base,2,2
76,base,2,2
76,base,3,3
76,base,3,3
76,base,3,3
76,base,4,3
76,R1,3,2
76,R1,2,2
76,R1,2,2
76,R1,3,2
76,R1,2,2
76,R1,3,2
76,R1,2,2
76,R1,2,2
76,R1,2,2
76,R1,2,2
76,R1,2,2
76,R1,2,2
76,R1,3,3
76,R1,3,3
76,R1,3,3
76,R1,4,3
76,R2,3,3
76,X4,3,2
76,X4,2,2
76,X4,2,2
76,X4,3,2
76,X4,2,2
76,X4,3,2
76,X4,2,2
76,X4,2,2
76,X4,2,2
76,X4,2,2
76,X4,2,2
76,X4,2,2
76,X4,3,3
76,X4,3,3
76,X4,3,3
76,X4,4,3
77,base,2,2
77,base,4,2
77,base,3,2
77,base,4,2
77,base,3,2
77,base,3,2
77,base,3,2
77,base,3,2
77,base,3,2
77,base,3,2
77,base,2,2
77,base,2,2
77,base,2,2
77,base,2,2
77,base,2,2
77,base,2,2
77,base,2,2
77,base,2,2
77,base,2,2
77,base,2,2
77,base,2,2
77,base,4,2
77,base,4,2
77,base,2,2
77,base,2,2
77,base,2,2
77,base,2,2
77,base,2,2
77,base,2,2
77,base,2,2
77,base,3,3
77,base,3,3
77,base,4,3
77,base,3,3
77,base,5,3
77,base,6,3
77,base,3,3
77,base,3,3
77,R1,2,2
77,R1,4,2
77,R1,3,2
77,R1,4,2
77,R1,3,2
77,R1,3,2
77,R1,3,2
77,R1,3,2
77,R1,3,2
77,R1,3,2
77,R1,2,2
77,R1,2,2
77,R1,2,2
77,R1,2,2
77,R1,2,2
77,R1,2,2
77,R1,2,2
77,R1,2,2
77,R1,2,2
77,R1,2,2
77,R1,2,2
77,R1,4,2
77,R1,4,2
77,R1,2,2
77,R1,2,2
77,R1,2,2
77,R1,2,2
77,R1,2,2
77,R1,2,2
77,R1,2,2
77,R1,3,3
77,R1,3,3
77,R1,4,3
77,R1,3,3
77,R1,5,3
77,R1,6,3
77,R1,3,3
77,R1,3,3
77,R2,3,3
77,R2,5,3
77,R2,3,3
77,X4,3,2
77,X4,3,2
77,X4,3,2
77,X4,3,2
77,X4,3,2
77,X4,3,2
77,X4,2,2
77,X4,3,2
77,X4,2,2
77,X4,2,2
77,X4,2,2
77,X4,2,2
77,X4,2,2
77,X4,2,2
77,X4,2,2
77,X4,2,2
77,X4,2,2
77,X4,2,2
77,X4,2,2
77,X4,2,2
77,X4,2,2
77,X4,2,2
77,X4,2,2
77,X4,2,2
77,X4,2,2
77,X4,2,2
77,X4,2,2
77,X4,2,2
77,X4,2,2
77,X4,3,3
77,X4,3,3
77,X4,4,3
77,X4,4,3
77,X4,3,3
77,X4,3,3
77,X4,4,3
77,X4,3,3
77,X4,6,3
77,X4,3,3
77,X4,3,3
78,base,3,2
78,base,2,2
78,base,2,2
78,base,2,2
78,base,4,3
78,R1,3,2
78,R1,2,2
78,R1,2,2
78,R1,2,2
78,R1,4,3
78,R2,4,3
78,X4,3,2
78,X4,2,2
78,X4,2,2
78,X4,2,2
78,X4,4,3
79,base,2,2
79,base,2,2
79,base,3,2
79,base,2,2
79,base,2,2
79,base,2,2
79,base,2,2
79,base,2,2
79,base,2,2
79,base,2,2
79,base,4,3
79,base,4,3
79,base,4,3
79,base,3,3
79,base,4,3
79,base,4,3
79,base,4,4
79,base,5,4
79,R1,2,2
79,R1,2,2
79,R1,3,2
79,R1,2,2
79,R1,2,2
79,R1,2,2
79,R1,2,2
79,R1,2,2
79,R1,2,2
79,R1,2,2
79,R1,4,3
79,R1,4,3
79,R1,4,3
79,R1,3,3
79,R1,4,3
79,R1,4,3
79,R1,4,4
79,R1,5,4
79,R2,4,3
79,R2,4,3
79,R2,4,3
79,R2,4,3
79,R2,4,3
79,X4,2,2
79,X4,2,2
79,X4,3,2
79,X4,2,2
79,X4,2,2
79,X4,2,2
79,X4,2,2
79,X4,2,2
79,X4,2,2
79,X4,2,2
79,X4,4,3
79,X4,4,3
79,X4,4,3
79,X4,3,3
79,X4,4,3
79,X4,4,3
79,X4,4,4
79,X4,5,4
80,base,2,2
80,base,2,2
80,base,3,2
80,base,2,2
80,base,4,2
80,base,2,2
80,base,2,2
80,base,6,2
80,base,3,2
80,base,2,2
80,base,2,2
80,base,3,3
80,base,4,3
80,base,3,3
80,base,5,5
80,R1,2,2
80,R1,2,2
80,R1,3,2
80,R1,2,2
80,R1,4,2
80,R1,2,2
80,R1,2,2
80,R1,6,2
80,R1,3,2
80,R1,2,2
80,R1,2,2
80,R1,3,3
80,R1,4,3
80,R1,3,3
80,R1,5,5
80,R2,4,3
80,R2,3,3
80,R2,5,5
80,X4,2,2
80,X4,2,2
80,X4,3,2
80,X4,2,2
80,X4,2,2
80,X4,2,2
80,X4,6,2
80,X4,3,2
80,X4,2,2
80,X4,2,2
80,X4,3,3
80,X4,4,3
80,X4,3,3
80,X4,3,3
80,X4,5,5
81,base,2,2
81,base,3,2
81,base,3,2
81,base,2,2
81,base,2,2
81,base,2,2
81,base,2,2
81,base,3,2
81,base,3,2
81,base,3,2
81,base,5,4
81,R1,2,2
81,R1,3,2
81,R1,3,2
81,R1,2,2
81,R1,2,2
81,R1,2,2
81,R1,2,2
81,R1,3,2
81,R1,3,2
81,R1,3,2
81,R1,5,4
81,R2,5,4
81,X4,2,2
81,X4,3,2
81,X4,3,2
81,X4,2,2
81,X4,2,2
81,X4,2,2
81,X4,2,2
81,X4,3,2
81,X4,3,2
81,X4,3,2
81,X4,5,4
82,base,2,2
82,base,2,2
82,base,2,2
82,base,2,2
82,base,2,2
82,base,2,2
82,base,3,2
82,base,2,2
82,base,2,2
82,base,2,2
82,base,2,2
82,base,4,2
82,base,2,2
82,base,2,2
82,base,2,2
82,base,2,2
82,base,5,2
82,base,4,2
82,base,2,2
82,base,2,2
82,base,2,2
82,base,2,2
82,base,2,2
82,base,4,3
82,base,3,3
82,base,3,3
82,base,3,3
82,base,5,3
82,base,3,3
82,base,3,3
82,base,3,3
82,base,3,3
82,base,4,4
82,R1,2,2
82,R1,2,2
82,R1,2,2
82,R1,2,2
82,R1,2,2
82,R1,2,2
82,R1,3,2
82,R1,2,2
82,R1,2,2
82,R1,2,2
82,R1,2,2
82,R1,4,2
82,R1,2,2
82,R1,2,2
82,R1,2,2
82,R1,2,2
82,R1,5,2
82,R1,4,2
82,R1,2,2
82,R1,2,2
82,R1,2,2
82,R1,2,2
82,R1,2,2
82,R1,4,3
82,R1,3,3
82,R1,3,3
82,R1,3,3
82,R1,5,3
82,R1,3,3
82,R1,3,3
82,R1,3,3
82,R1,3,3
82,R1,4,4
82,R2,4,3
82,R2,3,3
82,R2,3,3
82,R2,5,3
82,R2,3,3
82,R2,3,3
82,R2,3,3
82,R2,3,3
82,R2,4,4
82,X4,2,2
82,X4,2,2
82,X4,2,2
82,X4,2,2
82,X4,2,2
82,X4,2,2
82,X4,3,2
82,X4,2,2
82,X4,2,2
82,X4,2,2
82,X4,2,2
82,X4,4,2
82,X4,2,2
82,X4,2,2
82,X4,2,2
82,X4,2,2
82,X4,3,2
82,X4,2,2
82,X4,2,2
82,X4,2,2
82,X4,2,2
82,X4,2,2
82,X4,4,3
82,X4,3,3
82,X4,3,3
82,X4,3,3
82,X4,5,3
82,X4,3,3
82,X4,3,3
82,X4,3,3
82,X4,3,3
82,X4,3,3
82,X4,4,4
84,base,2,2
84,R1,2,2
84,X4,2,2
85,X4,4,2
90,base,2,2
90,R1,2,2
90,X4,2,2
91,base,2,2
91,base,3,2
91,base,2,2
91,base,2,2
91,base,2,2
91,base,2,2
91,base,4,3
91,R1,2,2
91,R1,3,2
91,R1,2,2
91,R1,2,2
91,R1,2,2
91,R1,2,2
91,R1,4,3
91,R2,4,3
91,X4,2,2
91,X4,3,2
91,X4,2,2
91,X4,2,2
91,X4,2,2
91,X4,2,2
91,X4,4,3
92,base,2,2
92,R1,2,2
92,X4,2,2
93,base,2,2
93,base,2,2
93,base,2,2
93,base,2,2
93,base,3,2
93,R1,2,2
93,R1,2,2
93,R1,2,2
93,R1,2,2
93,R1,3,2
93,X4,2,2
93,X4,2,2
93,X4,2,2
93,X4,2,2
93,X4,3,2
93,base,3,2
93,base,4,2
93,base,4,2
93,base,2,2
93,base,2,2
93,base,3,2
93,base,2,2
93,base,2,2
93,R1,3,2
93,R1,4,2
93,R1,4,2
93,R1,2,2
93,R1,2,2
93,R1,3,2
93,R1,2,2
93,R1,2,2
93,X4,3,2
93,X4,4,2
93,X4,4,2
93,X4,2,2
93,X4,2,2
93,X4,3,2
93,X4,2,2
93,X4,2,2
95,base,2,2
95,base,2,2
95,base,3,2
95,base,4,2
95,base,4,2
95,base,2,2
95,base,2,2
95,base,2,2
95,base,3,2
95,base,3,2
95,base,2,2
95,base,4,2
95,base,2,2
95,base,2,2
95,base,2,2
95,base,3,2
95,base,3,2
95,base,2,2
95,base,2,2
95,base,2,2
95,base,2,2
95,base,2,2
95,base,2,2
95,base,2,2
95,base,2,2
95,base,3,2
95,base,3,2
95,base,3,2
95,base,2,2
95,base,2,2
95,base,4,3
95,base,3,3
95,base,3,3
95,base,3,3
95,base,4,3
95,base,3,3
95,base,3,3
95,base,4,3
95,base,3,3
95,base,3,3
95,base,5,4
95,R1,2,2
95,R1,2,2
95,R1,3,2
95,R1,4,2
95,R1,4,2
95,R1,2,2
95,R1,2,2
95,R1,2,2
95,R1,3,2
95,R1,3,2
95,R1,2,2
95,R1,4,2
95,R1,2,2
95,R1,2,2
95,R1,2,2
95,R1,3,2
95,R1,3,2
95,R1,2,2
95,R1,2,2
95,R1,2,2
95,R1,2,2
95,R1,2,2
95,R1,2,2
95,R1,2,2
95,R1,2,2
95,R1,3,2
95,R1,3,2
95,R1,3,2
95,R1,2,2
95,R1,2,2
95,R1,4,3
95,R1,3,3
95,R1,3,3
95,R1,3,3
95,R1,4,3
95,R1,3,3
95,R1,3,3
95,R1,4,3
95,R1,3,3
95,R1,3,3
95,R1,5,4
95,R2,4,3
95,R2,4,3
95,R2,4,3
95,R2,3,3
95,R2,3,3
95,R2,3,3
95,R2,3,3
95,X4,2,2
95,X4,2,2
95,X4,2,2
95,X4,2,2
95,X4,2,2
95,X4,2,2
95,X4,3,2
95,X4,3,2
95,X4,2,2
95,X4,2,2
95,X4,2,2
95,X4,2,2
95,X4,2,2
95,X4,2,2
95,X4,3,2
95,X4,3,2
95,X4,2,2
95,X4,2,2
95,X4,2,2
95,X4,2,2
95,X4,2,2
95,X4,2,2
95,X4,2,2
95,X4,2,2
95,X4,3,2
95,X4,3,2
95,X4,3,2
95,X4,2,2
95,X4,2,2
95,X4,4,3
95,X4,4,3
95,X4,3,3
95,X4,3,3
95,X4,3,3
95,X4,4,3
95,X4,3,3
95,X4,3,3
95,X4,4,3
95,X4,3,3
95,X4,3,3
95,X4,5,4
98,base,3,2
98,base,2,2
98,base,3,2
98,base,2,2
98,base,3,2
98,base,2,2
98,base,2,2
98,base,2,2
98,base,3,2
98,base,2,2
98,base,2,2
98,base,2,2
98,base,2,2
98,R1,3,2
98,R1,2,2
98,R1,3,2
98,R1,2,2
98,R1,3,2
98,R1,2,2
98,R1,2,2
98,R1,2,2
98,R1,3,2
98,R1,2,2
98,R1,2,2
98,R1,2,2
98,R1,2,2
98,X4,3,2
98,X4,2,2
98,X4,3,2
98,X4,2,2
98,X4,3,2
98,X4,2,2
98,X4,2,2
98,X4,2,2
98,X4,3,2
98,X4,2,2
98,X4,2,2
98,X4,2,2
98,X4,2,2
99,base,4,2
99,X4,4,2
102,base,2,2
102,base,2,2
102,base,3,2
102,base,4,2
102,base,2,2
102,base,3,2
102,base,2,2
102,base,2,2
102,base,2,2
102,base,4,2
102,base,2,2
102,base,2,2
102,base,2,2
102,base,4,3
102,base,4,3
102,base,3,3
102,R1,2,2
102,R1,2,2
102,R1,3,2
102,R1,4,2
102,R1,2,2
102,R1,3,2
102,R1,2,2
102,R1,2,2
102,R1,2,2
102,R1,4,2
102,R1,2,2
102,R1,2,2
102,R1,2,2
102,R1,4,3
102,R1,4,3
102,R1,3,3
102,R2,4,3
102,R2,3,3
102,X4,2,2
102,X4,2,2
102,X4,3,2
102,X4,2,2
102,X4,2,2
102,X4,3,2
102,X4,2,2
102,X4,2,2
102,X4,2,2
102,X4,4,2
102,X4,2,2
102,X4,2,2
102,X4,2,2
102,X4,4,3
102,X4,4,3
102,X4,4,3
102,X4,3,3
105,base,4,2
105,base,2,2
105,base,2,2
105,base,2,2
105,base,2,2
105,base,2,2
105,base,2,2
105,base,2,2
105,base,2,2
105,base,2,2
105,base,2,2
105,base,2,2
105,base,2,2
105,base,4,2
105,R1,4,2
105,R1,2,2
105,R1,2,2
105,R1,2,2
105,R1,2,2
105,R1,2,2
105,R1,2,2
105,R1,2,2
105,R1,2,2
105,R1,2,2
105,R1,2,2
105,R1,2,2
105,R1,2,2
105,X4,2,2
105,X4,2,2
105,X4,2,2
105,X4,2,2
105,X4,2,2
105,X4,2,2
105,X4,2,2
105,X4,2,2
105,X4,2,2
105,X4,2,2
105,X4,2,2
105,X4,2,2
105,X4,4,2
105,X4,3,3
107,base,2,2
107,base,3,2
107,base,2,2
107,base,3,2
107,base,2,2
107,base,3,3
107,base,3,3
107,R1,2,2
107,R1,3,2
107,R1,2,2
107,R1,3,2
107,R1,2,2
107,R1,3,3
107,R1,3,3
107,R2,3,3
107,X4,2,2
107,X4,3,2
107,X4,2,2
107,X4,3,2
107,X4,2,2
107,X4,3,3
107,X4,3,3
108,base,2,2
108,base,2,2
108,base,3,3
108,R1,2,2
108,R1,2,2
108,R1,3,3
108,X4,2,2
108,X4,2,2
108,X4,3,3
109,base,2,2
109,base,2,2
109,base,2,2
109,base,2,2
109,base,2,2
109,base,2,2
109,base,2,2
109,base,2,2
109,base,2,2
109,base,2,2
109,base,2,2
109,base,2,2
109,base,2,2
109,base,2,2
109,base,3,2
109,base,3,3
109,base,4,3
109,R1,2,2
109,R1,2,2
109,R1,2,2
109,R1,2,2
109,R1,2,2
109,R1,2,2
109,R1,2,2
109,R1,2,2
109,R1,2,2
109,R1,2,2
109,R1,2,2
109,R1,2,2
109,R1,2,2
109,R1,2,2
109,R1,3,2
109,R1,3,3
109,R1,4,3
109,X4,2,2
109,X4,2,2
109,X4,2,2
109,X4,2,2
109,X4,2,2
109,X4,2,2
109,X4,2,2
109,X4,2,2
109,X4,2,2
109,X4,2,2
109,X4,2,2
109,X4,2,2
109,X4,2,2
109,X4,2,2
109,X4,3,2
109,X4,3,3
109,X4,4,3
110,base,2,2
110,R1,2,2
110,X4,2,2
111,base,3,2
111,base,3,2
111,base,2,2
111,base,2,2
111,base,2,2
111,base,3,2
111,base,2,2
111,base,3,3
111,base,3,3
111,base,3,3
111,base,3,3
111,base,4,3
111,base,4,4
111,R1,3,2
111,R1,3,2
111,R1,2,2
111,R1,2,2
111,R1,2,2
111,R1,3,2
111,R1,2,2
111,R1,3,3
111,R1,3,3
111,R1,3,3
111,R1,3,3
111,R1,4,3
111,R1,4,4
111,R2,3,3
111,R2,3,3
111,R2,3,3
111,X4,3,2
111,X4,3,2
111,X4,2,2
111,X4,2,2
111,X4,2,2
111,X4,2,2
111,X4,3,2
111,X4,2,2
111,X4,3,3
111,X4,3,3
111,X4,3,3
111,X4,3,3
111,X4,4,3
111,X4,4,4
112,base,4,2
112,base,3,2
112,base,2,2
112,base,2,2
112,base,2,2
112,base,2,2
112,base,4,2
112,base,3,2
112,base,4,2
112,base,4,2
112,base,3,2
112,base,2,2
112,base,3,2
112,base,2,2
112,base,2,2
112,base,3,2
112,base,2,2
112,base,3,3
112,base,3,3
112,base,3,3
112,base,3,3
112,base,3,3
112,base,3,3
112,base,3,3
112,base,3,3
112,base,4,3
112,base,5,4
112,base,6,5
112,R1,4,2
112,R1,3,2
112,R1,2,2
112,R1,2,2
112,R1,2,2
112,R1,2,2
112,R1,4,2
112,R1,3,2
112,R1,4,2
112,R1,4,2
112,R1,3,2
112,R1,2,2
112,R1,3,2
112,R1,2,2
112,R1,2,2
112,R1,3,2
112,R1,2,2
112,R1,3,3
112,R1,3,3
112,R1,3,3
112,R1,3,3
112,R1,3,3
112,R1,3,3
112,R1,3,3
112,R1,3,3
112,R1,4,3
112,R1,5,4
112,R1,6,5
112,R2,3,3
112,R2,3,3
112,R2,3,3
112,R2,3,3
112,R2,3,3
112,R2,5,4
112,R2,5,4
112,R2,4,4
112,X4,3,2
112,X4,2,2
112,X4,3,2
112,X4,2,2
112,X4,2,2
112,X4,2,2
112,X4,2,2
112,X4,4,2
112,X4,3,2
112,X4,3,2
112,X4,2,2
112,X4,3,2
112,X4,2,2
112,X4,2,2
112,X4,3,2
112,X4,2,2
112,X4,3,3
112,X4,3,3
112,X4,3,3
112,X4,3,3
112,X4,3,3
112,X4,3,3
112,X4,3,3
112,X4,3,3
112,X4,3,3
112,X4,4,3
112,X4,5,4
112,X4,6,5
113,base,2,2
113,base,2,2
113,base,2,2
113,base,2,2
113,base,2,2
113,base,2,2
113,base,2,2
113,base,3,2
113,base,3,2
113,base,2,2
113,base,2,2
113,base,2,2
113,base,4,2
113,base,4,2
113,base,4,2
113,base,2,2
113,base,2,2
113,base,3,2
113,base,2,2
113,base,2,2
113,base,2,2
113,base,3,2
113,base,3,3
113,base,4,3
113,base,3,3
113,base,3,3
113,base,6,5
113,R1,2,2
113,R1,2,2
113,R1,2,2
113,R1,2,2
113,R1,2,2
113,R1,2,2
113,R1,2,2
113,R1,3,2
113,R1,3,2
113,R1,2,2
113,R1,2,2
113,R1,2,2
113,R1,4,2
113,R1,4,2
113,R1,4,2
113,R1,2,2
113,R1,2,2
113,R1,3,2
113,R1,2,2
113,R1,2,2
113,R1,2,2
113,R1,3,2
113,R1,3,3
113,R1,4,3
113,R1,3,3
113,R1,3,3
113,R1,6,5
113,R2,4,3
113,R2,3,3
113,R2,3,3
113,R2,5,4
113,X4,2,2
113,X4,2,2
113,X4,2,2
113,X4,2,2
113,X4,2,2
113,X4,2,2
113,X4,2,2
113,X4,3,2
113,X4,3,2
113,X4,2,2
113,X4,2,2
113,X4,2,2
113,X4,4,2
113,X4,4,2
113,X4,4,2
113,X4,2,2
113,X4,2,2
113,X4,3,2
113,X4,2,2
113,X4,2,2
113,X4,2,2
113,X4,3,2
113,X4,3,3
113,X4,4,3
113,X4,3,3
113,X4,3,3
113,X4,6,5
114,base,4,2
114,base,3,2
114,base,2,2
114,base,3,2
114,base,2,2
114,base,2,2
114,base,2,2
114,R1,4,2
114,R1,3,2
114,R1,2,2
114,R1,3,2
114,R1,2,2
114,R1,2,2
114,R1,2,2
114,X4,4,2
114,X4,3,2
114,X4,2,2
114,X4,3,2
114,X4,2,2
114,X4,2,2
114,X4,2,2
115,base,2,2
115,base,4,2
115,base,3,2
115,base,3,2
115,base,2,2
115,base,2,2
115,base,2,2
115,base,3,2
115,base,2,2
115,base,2,2
115,base,2,2
115,base,3,2
115,base,2,2
115,base,4,2
115,base,3,2
115,base,3,2
115,base,2,2
115,base,2,2
115,base,2,2
115,base,2,2
115,base,3,3
115,base,3,3
115,base,4,3
115,base,3,3
115,base,5,4
115,base,6,5
115,R1,2,2
115,R1,4,2
115,R1,3,2
115,R1,3,2
115,R1,2,2
115,R1,2,2
115,R1,2,2
115,R1,3,2
115,R1,2,2
115,R1,2,2
115,R1,2,2
115,R1,3,2
115,R1,2,2
115,R1,4,2
115,R1,3,3
115,R1,3,3
115,R1,4,3
115,R1,5,4
115,R1,6,5
115,R1,3,2
115,R1,2,2
115,R1,2,2
115,R1,2,2
115,R1,2,2
115,R1,3,3
115,R2,3,3
115,R2,3,3
115,R2,3,3
115,R2,5,4
115,R2,4,4
115,R2,5,4
115,X4,2,2
115,X4,2,2
115,X4,3,2
115,X4,3,2
115,X4,2,2
115,X4,2,2
115,X4,2,2
115,X4,3,2
115,X4,2,2
115,X4,2,2
115,X4,2,2
115,X4,2,2
115,X4,2,2
115,X4,3,2
115,X4,2,2
115,X4,4,2
115,X4,3,2
115,X4,3,2
115,X4,2,2
115,X4,2,2
115,X4,2,2
115,X4,2,2
115,X4,3,3
115,X4,3,3
115,X4,4,3
115,X4,3,3
115,X4,5,4
115,X4,6,5
117,base,4,2
117,base,3,2
117,base,2,2
117,base,2,2
117,base,3,2
117,base,4,3
117,base,5,4
117,R1,4,2
117,R1,3,2
117,R1,2,2
117,R1,2,2
117,R1,3,2
117,R1,4,3
117,R1,5,4
117,R2,4,3
117,R2,5,4
117,X4,4,2
117,X4,3,2
117,X4,2,2
117,X4,2,2
117,X4,3,2
117,X4,4,3
117,X4,5,4
123,base,2,2
123,base,2,2
123,base,2,2
123,base,2,2
123,base,2,2
123,base,3,2
123,base,2,2
123,base,3,2
123,R1,2,2
123,R1,2,2
123,R1,2,2
123,R1,2,2
123,R1,2,2
123,R1,3,2
123,R1,2,2
123,X4,2,2
123,X4,2,2
123,X4,2,2
123,X4,2,2
123,X4,2,2
123,X4,3,2
123,X4,2,2
123,X4,3,2
141,base,3,2
141,base,2,2
141,base,2,2
141,base,2,2
141,base,4,2
141,base,2,2
141,base,2,2
141,base,2,2
141,base,3,2
141,base,3,2
141,base,3,2
141,base,3,2
141,base,2,2
141,base,2,2
141,base,2,2
141,base,2,2
141,base,2,2
141,base,6,2
141,base,3,2
141,base,2,2
141,base,2,2
141,base,5,2
141,base,3,2
141,base,4,2
141,base,3,3
141,base,3,3
141,base,3,3
141,base,5,3
141,base,5,3
141,R1,3,2
141,R1,2,2
141,R1,2,2
141,R1,2,2
141,R1,4,2
141,R1,2,2
141,R1,2,2
141,R1,2,2
141,R1,3,2
141,R1,3,2
141,R1,3,2
141,R1,3,2
141,R1,2,2
141,R1,2,2
141,R1,2,2
141,R1,2,2
141,R1,2,2
141,R1,6,2
141,R1,3,3
141,R1,3,3
141,R1,3,3
141,R1,2,2
141,R1,5,2
141,R1,3,2
141,R1,5,3
141,R1,5,3
141,R2,3,3
141,R2,3,3
141,R2,3,3
141,R2,5,3
141,X4,3,2
141,X4,2,2
141,X4,2,2
141,X4,2,2
141,X4,4,2
141,X4,2,2
141,X4,2,2
141,X4,2,2
141,X4,3,2
141,X4,3,2
141,X4,3,2
141,X4,3,2
141,X4,2,2
141,X4,2,2
141,X4,2,2
141,X4,2,2
141,X4,2,2
141,X4,6,2
141,X4,3,2
141,X4,2,2
141,X4,2,2
141,X4,5,2
141,X4,3,2
141,X4,4,2
141,X4,3,3
141,X4,3,3
141,X4,3,3
141,X4,5,3
141,X4,3,3
143,base,2,2
143,base,2,2
143,base,2,2
143,base,2,2
143,base,2,2
143,base,2,2
143,base,2,2
143,base,2,2
143,base,2,2
143,base,2,2
143,base,3,2
143,base,2,2
143,base,2,2
143,base,2,2
143,base,2,2
143,base,2,2
143,base,2,2
143,base,3,2
143,base,2,2
143,base,3,2
143,base,2,2
143,base,2,2
143,base,2,2
143,base,4,2
143,base,4,3
143,R1,2,2
143,R1,2,2
143,R1,2,2
143,R1,2,2
143,R1,2,2
143,R1,2,2
143,R1,2,2
143,R1,2,2
143,R1,2,2
143,R1,2,2
143,R1,3,2
143,R1,2,2
143,R1,2,2
143,R1,2,2
143,R1,2,2
143,R1,2,2
143,R1,2,2
143,R1,3,2
143,R1,2,2
143,R1,3,2
143,R1,2,2
143,R1,2,2
143,R1,2,2
143,R1,4,2
143,R1,4,3
143,X4,2,2
143,X4,2,2
143,X4,2,2
143,X4,2,2
143,X4,2,2
143,X4,2,2
143,X4,2,2
143,X4,2,2
143,X4,2,2
143,X4,2,2
143,X4,3,2
143,X4,2,2
143,X4,2,2
143,X4,2,2
143,X4,2,2
143,X4,2,2
143,X4,2,2
143,X4,3,2
143,X4,2,2
143,X4,3,2
143,X4,2,2
143,X4,2,2
143,X4,2,2
143,X4,4,2
143,X4,4,3
144,base,2,2
144,base,2,2
144,base,2,2
144,base,2,2
144,base,4,2
144,base,4,3
144,R1,2,2
144,R1,2,2
144,R1,2,2
144,R1,2,2
144,R1,4,3
144,X4,2,2
144,X4,2,2
144,X4,2,2
144,X4,2,2
144,X4,2,2
144,X4,4,2
144,X4,4,3
148,base,2,2
148,base,2,2
148,base,2,2
148,base,2,2
148,base,3,2
148,base,2,2
148,base,3,2
148,R1,2,2
148,R1,2,2
148,R1,2,2
148,R1,2,2
148,R1,3,2
148,R1,2,2
148,X4,2,2
148,X4,2,2
148,X4,2,2
148,X4,2,2
148,X4,3,2
148,X4,2,2
148,X4,3,2
149,base,2,2
149,base,2,2
149,base,2,2
149,base,2,2
149,base,4,2
149,base,2,2
149,base,2,2
149,base,3,2
149,base,3,2
149,base,2,2
149,base,2,2
149,base,2,2
149,base,2,2
149,base,2,2
149,base,2,2
149,base,3,2
149,base,3,2
149,base,2,2
149,base,2,2
149,base,2,2
149,base,2,2
149,base,2,2
149,base,2,2
149,base,2,2
149,base,2,2
149,base,3,2
149,base,2,2
149,base,2,2
149,base,2,2
149,base,3,2
149,base,2,2
149,base,2,2
149,base,2,2
149,base,3,3
149,base,3,3
149,base,3,3
149,base,3,3
149,base,5,3
149,base,3,3
149,base,3,3
149,base,3,3
149,base,3,3
149,base,3,3
149,base,4,3
149,base,3,3
149,base,3,3
149,base,4,4
149,base,6,4
149,base,5,4
149,R1,2,2
149,R1,2,2
149,R1,2,2
149,R1,2,2
149,R1,4,2
149,R1,2,2
149,R1,2,2
149,R1,3,2
149,R1,3,2
149,R1,2,2
149,R1,2,2
149,R1,2,2
149,R1,2,2
149,R1,2,2
149,R1,2,2
149,R1,3,2
149,R1,3,2
149,R1,2,2
149,R1,2,2
149,R1,2,2
149,R1,2,2
149,R1,2,2
149,R1,2,2
149,R1,2,2
149,R1,2,2
149,R1,3,2
149,R1,2,2
149,R1,2,2
149,R1,2,2
149,R1,3,2
149,R1,2,2
149,R1,2,2
149,R1,2,2
149,R1,3,3
149,R1,3,3
149,R1,3,3
149,R1,3,3
149,R1,5,3
149,R1,3,3
149,R1,3,3
149,R1,3,3
149,R1,3,3
149,R1,3,3
149,R1,4,3
149,R1,3,3
149,R1,3,3
149,R1,4,4
149,R1,6,4
149,R1,5,4
149,R2,3,3
149,R2,3,3
149,R2,3,3
149,R2,3,3
149,R2,3,3
149,R2,3,3
149,R2,3,3
149,R2,3,3
149,R2,3,3
149,R2,3,3
149,R2,4,3
149,R2,4,3
149,R2,3,3
149,R2,6,4
149,X4,2,2
149,X4,2,2
149,X4,2,2
149,X4,2,2
149,X4,2,2
149,X4,2,2
149,X4,2,2
149,X4,3,2
149,X4,3,2
149,X4,2,2
149,X4,2,2
149,X4,2,2
149,X4,2,2
149,X4,2,2
149,X4,2,2
149,X4,3,2
149,X4,3,2
149,X4,2,2
149,X4,2,2
149,X4,2,2
149,X4,2,2
149,X4,2,2
149,X4,2,2
149,X4,3,2
149,X4,2,2
149,X4,2,2
149,X4,3,2
149,X4,2,2
149,X4,2,2
149,X4,2,2
149,X4,3,2
149,X4,2,2
149,X4,2,2
149,X4,2,2
149,X4,2,2
149,X4,3,3
149,X4,3,3
149,X4,3,3
149,X4,3,3
149,X4,5,3
149,X4,3,3
149,X4,3,3
149,X4,3,3
149,X4,3,3
149,X4,3,3
149,X4,4,3
149,X4,3,3
149,X4,3,3
149,X4,4,4
149,X4,6,4
149,X4,5,4
152,base,2,2
152,base,3,2
152,base,4,2
152,base,4,2
152,base,2,2
152,base,3,2
152,base,2,2
152,base,2,2
152,base,3,3
152,base,4,3
152,base,4,3
152,base,3,3
152,base,4,4
152,R1,2,2
152,R1,3,2
152,R1,4,2
152,R1,4,2
152,R1,2,2
152,R1,3,2
152,R1,2,2
152,R1,2,2
152,R1,3,3
152,R1,4,3
152,R1,4,3
152,R1,3,3
152,R1,4,4
152,R2,3,3
152,R2,3,3
152,R2,4,3
152,R2,3,3
152,X4,2,2
152,X4,3,2
152,X4,2,2
152,X4,3,2
152,X4,2,2
152,X4,2,2
152,X4,3,3
152,X4,3,3
152,X4,4,3
152,X4,4,3
152,X4,3,3
152,X4,4,4
154,base,3,2
154,X4,3,2
157,base,2,2
157,base,2,2
157,base,2,2
157,base,2,2
157,base,2,2
157,base,2,2
157,base,2,2
157,base,4,2
157,base,5,2
157,base,4,2
157,base,2,2
157,base,2,2
157,base,2,2
157,base,2,2
157,base,2,2
157,base,2,2
157,base,2,2
157,base,2,2
157,base,2,2
157,base,3,3
157,base,4,3
157,base,3,3
157,base,3,3
157,base,4,4
157,R1,2,2
157,R1,2,2
157,R1,2,2
157,R1,2,2
157,R1,2,2
157,R1,2,2
157,R1,2,2
157,R1,4,2
157,R1,5,2
157,R1,4,2
157,R1,2,2
157,R1,2,2
157,R1,2,2
157,R1,2,2
157,R1,2,2
157,R1,2,2
157,R1,2,2
157,R1,2,2
157,R1,2,2
157,R1,3,3
157,R1,4,3
157,R1,3,3
157,R1,3,3
157,R1,4,4
157,R2,3,3
157,R2,4,4
157,X4,2,2
157,X4,2,2
157,X4,2,2
157,X4,2,2
157,X4,2,2
157,X4,2,2
157,X4,2,2
157,X4,2,2
157,X4,4,2
157,X4,2,2
157,X4,2,2
157,X4,2,2
157,X4,2,2
157,X4,2,2
157,X4,2,2
157,X4,2,2
157,X4,2,2
157,X4,2,2
157,X4,3,3
157,X4,4,3
157,X4,3,3
157,X4,3,3
157,X4,4,4
158,base,2,2
158,base,2,2
158,base,2,2
158,base,2,2
158,base,4,2
158,R1,2,2
158,R1,2,2
158,R1,2,2
158,R1,2,2
158,R1,4,2
158,X4,2,2
158,X4,2,2
158,X4,2,2
158,X4,3,3
160,base,2,2
160,base,2,2
160,base,3,2
160,base,2,2
160,base,2,2
160,base,2,2
160,base,2,2
160,base,2,2
160,base,2,2
160,base,3,2
160,base,2,2
160,base,3,2
160,base,4,2
160,base,3,3
160,base,5,3
160,base,3,3
160,base,4,3
160,R1,2,2
160,R1,2,2
160,R1,3,2
160,R1,2,2
160,R1,2,2
160,R1,2,2
160,R1,2,2
160,R1,2,2
160,R1,2,2
160,R1,3,2
160,R1,2,2
160,R1,3,2
160,R1,4,2
160,R1,3,3
160,R1,5,3
160,R1,3,3
160,R1,4,3
160,R2,4,3
160,X4,2,2
160,X4,2,2
160,X4,3,2
160,X4,2,2
160,X4,2,2
160,X4,2,2
160,X4,2,2
160,X4,2,2
160,X4,2,2
160,X4,3,2
160,X4,2,2
160,X4,3,2
160,X4,2,2
160,X4,3,3
160,X4,5,3
160,X4,3,3
160,X4,4,3
162,base,2,2
162,base,2,2
162,base,2,2
162,base,3,3
162,base,4,3
162,R1,2,2
162,R1,2,2
162,R1,2,2
162,R1,3,3
162,R1,4,3
162,R2,3,3
162,R2,4,3
162,X4,2,2
162,X4,2,2
162,X4,2,2
162,X4,3,3
162,X4,4,3
163,base,3,2
163,base,2,2
163,base,2,2
163,base,2,2
163,base,2,2
163,base,2,2
163,base,2,2
163,base,4,2
163,base,2,2
163,base,3,2
163,base,3,2
163,base,2,2
163,base,2,2
163,base,2,2
163,base,2,2
163,base,2,2
163,base,2,2
163,base,2,2
163,base,4,2
163,base,5,3
163,base,3,3
163,base,4,3
163,base,3,3
163,R1,3,2
163,R1,2,2
163,R1,2,2
163,R1,2,2
163,R1,2,2
163,R1,2,2
163,R1,2,2
163,R1,4,2
163,R1,2,2
163,R1,5,3
163,R1,3,3
163,R1,4,3
163,R1,2,2
163,R1,2,2
163,R1,2,2
163,R1,2,2
163,R1,2,2
163,R1,2,2
163,R1,2,2
163,R1,4,2
163,R1,3,3
163,R2,5,3
163,R2,3,3
163,R2,4,3
163,X4,3,2
163,X4,2,2
163,X4,2,2
163,X4,2,2
163,X4,2,2
163,X4,2,2
163,X4,2,2
163,X4,4,2
163,X4,2,2
163,X4,3,2
163,X4,3,2
163,X4,2,2
163,X4,2,2
163,X4,2,2
163,X4,2,2
163,X4,2,2
163,X4,2,2
163,X4,2,2
163,X4,2,2
163,X4,5,3
163,X4,3,3
163,X4,4,3
163,X4,3,3
164,base,2,2
164,base,2,2
164,base,2,2
164,base,2,2
164,base,2,2
164,base,2,2
164,base,2,2
164,base,2,2
164,base,2,2
164,base,2,2
164,base,3,2
164,base,4,2
164,base,3,2
164,base,2,2
164,base,2,2
164,base,3,2
164,base,2,2
164,base,3,2
164,base,2,2
164,base,3,2
164,base,2,2
164,base,2,2
164,base,4,3
164,base,3,3
164,base,3,3
164,base,4,3
164,base,3,3
164,R1,2,2
164,R1,2,2
164,R1,2,2
164,R1,2,2
164,R1,2,2
164,R1,2,2
164,R1,2,2
164,R1,2,2
164,R1,2,2
164,R1,2,2
164,R1,3,2
164,R1,4,3
164,R1,3,3
164,R1,3,3
164,R1,3,2
164,R1,2,2
164,R1,2,2
164,R1,3,2
164,R1,2,2
164,R1,3,2
164,R1,2,2
164,R1,3,2
164,R1,2,2
164,R1,2,2
164,R1,4,3
164,R1,3,3
164,R2,4,3
164,R2,3,3
164,R2,3,3
164,R2,4,3
164,R2,3,3
164,X4,2,2
164,X4,2,2
164,X4,2,2
164,X4,2,2
164,X4,2,2
164,X4,2,2
164,X4,2,2
164,X4,2,2
164,X4,2,2
164,X4,2,2
164,X4,3,2
164,X4,4,2
164,X4,3,2
164,X4,2,2
164,X4,2,2
164,X4,3,2
164,X4,2,2
164,X4,3,2
164,X4,2,2
164,X4,3,2
164,X4,2,2
164,X4,2,2
164,X4,4,3
164,X4,3,3
164,X4,3,3
164,X4,4,3
164,X4,3,3
165,base,5,2
165,base,2,2
165,base,3,2
165,base,4,4
165,R1,5,2
165,R1,2,2
165,R1,3,2
165,R1,4,4
165,X4,2,2
165,X4,2,2
165,X4,3,2
165,X4,4,4
165,base,2,2
165,base,3,2
165,base,4,2
165,base,2,2
165,base,2,2
165,base,5,2
165,base,4,2
165,base,3,3
165,base,3,3
165,base,3,3
165,base,3,3
165,base,5,3
165,R1,2,2
165,R1,3,2
165,R1,4,2
165,R1,2,2
165,R1,2,2
165,R1,5,2
165,R1,4,2
165,R1,3,3
165,R1,3,3
165,R1,3,3
165,R1,3,3
165,R1,5,3
165,R2,3,3
165,R2,3,3
165,R2,3,3
165,X4,2,2
165,X4,3,2
165,X4,4,2
165,X4,2,2
165,X4,2,2
165,X4,3,3
165,X4,3,3
165,X4,3,3
165,X4,3,3
165,X4,3,3
165,X4,5,3
167,base,2,2
167,base,2,2
167,base,4,2
167,base,4,2
167,base,2,2
167,base,3,3
167,base,3,3
167,R1,2,2
167,R1,2,2
167,R1,4,2
167,R1,4,2
167,R1,2,2
167,R1,3,3
167,R1,3,3
167,R2,3,3
167,R2,3,3
167,X4,2,2
167,X4,2,2
167,X4,2,2
167,X4,3,3
167,X4,3,3
167,X4,3,3
167,X4,3,3
170,base,3,3
170,base,3,3
170,R1,3,3
170,R1,3,3
170,R2,3,3
170,X4,3,3
170,X4,3,3
172,base,2,2
172,R1,2,2
172,X4,2,2
173,base,2,2
173,base,3,2
173,base,2,2
173,base,2,2
173,base,4,2
173,base,4,2
173,base,3,3
173,R1,2,2
173,R1,3,2
173,R1,2,2
173,R1,2,2
173,R1,4,2
173,R1,4,2
173,R1,3,3
173,R2,3,3
173,X4,2,2
173,X4,3,2
173,X4,2,2
173,X4,2,2
173,X4,4,2
173,X4,2,2
173,X4,3,3
174,base,2,2
174,base,2,2
174,base,2,2
174,base,3,2
174,base,2,2
174,base,3,2
174,base,2,2
174,base,2,2
174,base,4,3
174,base,4,3
174,base,3,3
174,base,3,3
174,base,4,3
174,base,3,3
174,base,4,3
174,base,4,4
174,R1,2,2
174,R1,2,2
174,R1,2,2
174,R1,3,2
174,R1,2,2
174,R1,3,2
174,R1,2,2
174,R1,2,2
174,R1,4,3
174,R1,4,3
174,R1,3,3
174,R1,3,3
174,R1,4,3
174,R1,3,3
174,R1,4,3
174,R1,4,4
174,R2,3,3
174,R2,4,3
174,R2,3,3
174,R2,3,3
174,X4,2,2
174,X4,2,2
174,X4,2,2
174,X4,2,2
174,X4,2,2
174,X4,2,2
174,X4,3,2
174,X4,2,2
174,X4,2,2
174,X4,4,3
174,X4,4,3
174,X4,3,3
174,X4,3,3
174,X4,4,3
174,X4,3,3
174,X4,4,3
174,X4,4,4
175,base,5,2
175,base,2,2
175,base,3,2
175,base,2,2
175,base,2,2
175,base,2,2
175,base,2,2
175,base,4,2
175,base,3,2
175,base,3,2
175,base,2,2
175,base,2,2
175,base,3,3
175,base,3,3
175,R1,5,2
175,R1,2,2
175,R1,3,2
175,R1,2,2
175,R1,2,2
175,R1,2,2
175,R1,2,2
175,R1,4,2
175,R1,3,2
175,R1,3,2
175,R1,2,2
175,R1,2,2
175,R1,3,3
175,R1,3,3
175,R2,3,3
175,X4,5,2
175,X4,2,2
175,X4,3,2
175,X4,2,2
175,X4,2,2
175,X4,2,2
175,X4,2,2
175,X4,4,2
175,X4,3,2
175,X4,3,2
175,X4,2,2
175,X4,2,2
175,X4,3,3
175,X4,3,3
201,base,3,2
201,base,2,2
201,base,2,2
201,base,2,2
201,base,3,2
201,R1,3,2
201,R1,2,2
201,R1,2,2
201,R1,2,2
201,R1,3,2
201,X4,3,2
201,X4,2,2
201,X4,2,2
201,X4,2,2
201,X4,3,2
202,base,2,2
202,base,3,2
202,base,2,2
202,base,2,2
202,base,2,2
202,base,2,2
202,base,2,2
202,base,3,2
202,base,3,2
202,base,2,2
202,base,3,3
202,base,3,3
202,base,3,3
202,R1,2,2
202,R1,3,2
202,R1,2,2
202,R1,2,2
202,R1,2,2
202,R1,2,2
202,R1,2,2
202,R1,3,2
202,R1,3,2
202,R1,2,2
202,R1,3,3
202,R1,3,3
202,R1,3,3
202,R2,3,3
202,R2,3,3
202,X4,2,2
202,X4,2,2
202,X4,2,2
202,X4,2,2
202,X4,2,2
202,X4,2,2
202,X4,2,2
202,X4,3,2
202,X4,3,2
202,X4,2,2
202,X4,3,3
202,X4,3,3
202,X4,3,3
203,base,2,2
203,base,2,2
203,base,4,2
203,R1,2,2
203,R1,2,2
203,X4,2,2
203,X4,2,2
203,X4,4,2
204,base,3,2
204,base,2,2
204,base,2,2
204,base,4,2
204,base,5,2
204,base,2,2
204,base,4,3
204,base,3,3
204,base,4,3
204,base,3,3
204,base,4,4
204,R1,3,2
204,R1,2,2
204,R1,2,2
204,R1,4,2
204,R1,5,2
204,R1,2,2
204,R1,4,3
204,R1,3,3
204,R1,4,3
204,R1,3,3
204,R1,4,4
204,R2,4,3
204,R2,3,3
204,R2,4,3
204,R2,3,3
204,X4,3,2
204,X4,2,2
204,X4,2,2
204,X4,2,2
204,X4,2,2
204,X4,2,2
204,X4,2,2
204,X4,2,2
204,X4,4,3
204,X4,3,3
204,X4,4,3
204,X4,3,3
204,X4,4,4
204,base,4,2
204,base,2,2
204,base,5,2
204,base,4,2
204,base,2,2
204,base,2,2
204,base,3,3
204,base,5,3
204,base,4,4
204,R1,4,2
204,R1,2,2
204,R1,5,2
204,R1,4,2
204,R1,2,2
204,R1,2,2
204,R1,3,3
204,R1,5,3
204,R1,4,4
204,R2,3,3
204,R2,3,3
204,R2,5,3
204,X4,2,2
204,X4,2,2
204,X4,2,2
204,X4,2,2
204,X4,2,2
204,X4,3,3
204,X4,3,3
204,X4,5,3
204,X4,4,4
206,base,3,2
206,base,2,2
206,base,2,2
206,base,2,2
206,base,2,2
206,base,4,2
206,base,2,2
206,base,2,2
206,base,3,3
206,base,5,4
206,R1,2,2
206,R1,2,2
206,R1,2,2
206,R1,2,2
206,R1,4,2
206,R1,2,2
206,R1,2,2
206,R1,3,3
206,R1,5,4
206,R2,3,3
206,R2,5,4
206,X4,3,2
206,X4,2,2
206,X4,2,2
206,X4,2,2
206,X4,2,2
206,X4,4,2
206,X4,2,2
206,X4,2,2
206,X4,3,3
206,X4,5,4
210,base,3,2
210,X4,3,2
213,base,3,2
213,X4,3,2
216,base,2,2
216,base,2,2
216,base,2,2
216,base,3,2
216,base,3,2
216,base,3,2
216,base,2,2
216,base,2,2
216,base,2,2
216,base,2,2
216,base,3,2
216,base,2,2
216,base,2,2
216,base,2,2
216,base,2,2
216,base,4,2
216,base,3,2
216,base,2,2
216,base,2,2
216,base,2,2
216,base,2,2
216,base,3,3
216,base,3,3
216,base,3,3
216,base,3,3
216,base,3,3
216,R1,2,2
216,R1,2,2
216,R1,2,2
216,R1,3,2
216,R1,3,2
216,R1,3,2
216,R1,2,2
216,R1,2,2
216,R1,2,2
216,R1,2,2
216,R1,3,2
216,R1,2,2
216,R1,2,2
216,R1,2,2
216,R1,2,2
216,R1,4,2
216,R1,3,2
216,R1,2,2
216,R1,2,2
216,R1,2,2
216,R1,2,2
216,R1,3,3
216,R1,3,3
216,R1,3,3
216,R1,3,3
216,R1,3,3
216,R2,3,3
216,R2,3,3
216,X4,2,2
216,X4,2,2
216,X4,2,2
216,X4,3,2
216,X4,3,2
216,X4,3,2
216,X4,2,2
216,X4,2,2
216,X4,2,2
216,X4,2,2
216,X4,3,2
216,X4,2,2
216,X4,2,2
216,X4,2,2
216,X4,2,2
216,X4,2,2
216,X4,3,2
216,X4,2,2
216,X4,2,2
216,X4,2,2
216,X4,2,2
216,X4,3,3
216,X4,3,3
216,X4,3,3
216,X4,3,3
216,X4,3,3
217,base,2,2
217,base,2,2
217,base,4,2
217,base,3,2
217,base,2,2
217,base,3,2
217,base,2,2
217,base,2,2
217,base,4,2
217,base,2,2
217,R1,2,2
217,R1,2,2
217,R1,4,2
217,R1,3,2
217,R1,2,2
217,R1,3,2
217,R1,2,2
217,R1,2,2
217,R1,4,2
217,R1,2,2
217,X4,2,2
217,X4,2,2
217,X4,4,2
217,X4,3,2
217,X4,2,2
217,X4,2,2
217,X4,3,2
217,X4,2,2
217,X4,2,2
217,X4,2,2
217,X4,3,3
220,base,3,2
220,base,3,2
220,base,2,2
220,base,2,2
220,base,2,2
220,base,2,2
220,base,2,2
220,base,3,2
220,base,3,2
220,base,3,2
220,base,3,2
220,R1,3,2
220,R1,3,2
220,R1,2,2
220,R1,2,2
220,R1,2,2
220,R1,2,2
220,R1,2,2
220,R1,3,2
220,R1,3,2
220,R1,3,2
220,R1,3,2
220,X4,3,2
220,X4,3,2
220,X4,2,2
220,X4,2,2
220,X4,2,2
220,X4,2,2
220,X4,2,2
220,X4,3,2
220,X4,3,2
220,X4,3,3
222,base,6,2
222,X4,4,2
223,base,2,2
223,base,2,2
223,base,3,2
223,base,3,2
223,base,2,2
223,base,2,2
223,base,2,2
223,base,2,2
223,base,3,2
223,base,2,2
223,base,2,2
223,base,3,2
223,base,3,2
223,base,3,3
223,base,3,3
223,base,4,3
223,base,3,3
223,base,3,3
223,R1,2,2
223,R1,2,2
223,R1,3,2
223,R1,3,2
223,R1,2,2
223,R1,2,2
223,R1,2,2
223,R1,2,2
223,R1,3,2
223,R1,2,2
223,R1,2,2
223,R1,3,2
223,R1,3,2
223,R1,3,3
223,R1,3,3
223,R1,4,3
223,R1,3,3
223,R1,3,3
223,R2,4,3
223,X4,2,2
223,X4,2,2
223,X4,3,2
223,X4,3,2
223,X4,2,2
223,X4,2,2
223,X4,2,2
223,X4,2,2
223,X4,3,2
223,X4,2,2
223,X4,2,2
223,X4,3,2
223,X4,3,2
223,X4,3,3
223,X4,3,3
223,X4,4,3
223,X4,3,3
223,X4,3,3
224,base,2,2
224,base,2,2
224,base,2,2
224,base,2,2
224,base,4,2
224,base,2,2
224,base,2,2
224,base,2,2
224,base,2,2
224,base,2,2
224,base,4,2
224,base,2,2
224,base,2,2
224,base,2,2
224,base,2,2
224,base,2,2
224,base,2,2
224,base,2,2
224,base,3,2
224,base,2,2
224,base,3,2
224,base,3,3
224,base,6,3
224,base,4,3
224,base,3,3
224,R1,2,2
224,R1,2,2
224,R1,2,2
224,R1,2,2
224,R1,4,2
224,R1,2,2
224,R1,2,2
224,R1,2,2
224,R1,2,2
224,R1,2,2
224,R1,4,2
224,R1,2,2
224,R1,2,2
224,R1,2,2
224,R1,2,2
224,R1,2,2
224,R1,2,2
224,R1,2,2
224,R1,3,2
224,R1,2,2
224,R1,3,2
224,R1,3,3
224,R1,6,3
224,R1,4,3
224,R1,3,3
224,R2,6,3
224,R2,3,3
224,X4,2,2
224,X4,2,2
224,X4,2,2
224,X4,2,2
224,X4,4,2
224,X4,2,2
224,X4,2,2
224,X4,2,2
224,X4,2,2
224,X4,2,2
224,X4,4,2
224,X4,2,2
224,X4,2,2
224,X4,2,2
224,X4,2,2
224,X4,2,2
224,X4,2,2
224,X4,2,2
224,X4,3,2
224,X4,2,2
224,X4,3,2
224,X4,3,3
224,X4,6,3
224,X4,4,3
224,X4,3,3
226,base,2,2
226,base,2,2
226,base,2,2
226,base,2,2
226,base,2,2
226,base,3,2
226,base,4,2
226,base,3,2
226,base,3,2
226,base,4,2
226,base,4,2
226,base,2,2
226,base,4,2
226,base,2,2
226,base,2,2
226,base,2,2
226,base,2,2
226,base,2,2
226,base,4,2
226,base,4,2
226,base,4,3
226,base,3,3
226,R1,2,2
226,R1,2,2
226,R1,2,2
226,R1,2,2
226,R1,2,2
226,R1,3,2
226,R1,4,2
226,R1,3,2
226,R1,3,2
226,R1,4,2
226,R1,4,2
226,R1,2,2
226,R1,4,2
226,R1,2,2
226,R1,4,3
226,R1,3,3
226,R1,2,2
226,R1,2,2
226,R1,2,2
226,R1,4,2
226,R2,4,3
226,R2,3,3
226,X4,2,2
226,X4,2,2
226,X4,2,2
226,X4,2,2
226,X4,2,2
226,X4,2,2
226,X4,2,2
226,X4,3,2
226,X4,4,2
226,X4,3,2
226,X4,3,2
226,X4,2,2
226,X4,2,2
226,X4,2,2
226,X4,4,2
226,X4,2,2
226,X4,2,2
226,X4,2,2
226,X4,2,2
226,X4,2,2
226,X4,4,2
226,X4,4,2
226,X4,4,3
226,X4,3,3
231,base,2,2
231,base,3,2
231,base,2,2
231,base,2,2
231,base,2,2
231,base,2,2
231,base,2,2
231,base,2,2
231,base,3,3
231,R1,2,2
231,R1,3,2
231,R1,2,2
231,R1,2,2
231,R1,2,2
231,R1,2,2
231,R1,2,2
231,R1,2,2
231,R1,3,3
231,R2,3,3
231,X4,2,2
231,X4,3,2
231,X4,2,2
231,X4,2,2
231,X4,2,2
231,X4,2,2
231,X4,2,2
231,X4,2,2
231,X4,3,3
234,base,2,2
234,R1,2,2
234,X4,2,2
235,base,2,2
235,base,3,2
235,base,3,2
235,base,2,2
235,base,2,2
235,base,5,2
235,base,3,3
235,R1,2,2
235,R1,3,2
235,R1,3,2
235,R1,2,2
235,R1,2,2
235,R1,5,2
235,R1,3,3
235,R2,3,3
235,X4,2,2
235,X4,3,2
235,X4,3,2
235,X4,2,2
235,X4,2,2
235,X4,2,2
235,X4,2,2
235,X4,3,3
240,base,5,2
240,base,2,2
240,base,2,2
240,base,2,2
240,base,2,2
240,base,2,2
240,base,3,2
240,base,3,2
240,base,2,2
240,base,2,2
240,base,2,2
240,base,2,2
240,base,3,2
240,base,3,2
240,base,3,3
240,base,3,3
240,R1,5,2
240,R1,2,2
240,R1,2,2
240,R1,2,2
240,R1,2,2
240,R1,2,2
240,R1,3,2
240,R1,3,2
240,R1,2,2
240,R1,2,2
240,R1,2,2
240,R1,2,2
240,R1,3,2
240,R1,3,2
240,R1,3,3
240,R1,3,3
240,R2,3,3
240,X4,2,2
240,X4,2,2
240,X4,2,2
240,X4,2,2
240,X4,2,2
240,X4,2,2
240,X4,3,2
240,X4,3,2
240,X4,2,2
240,X4,2,2
240,X4,2,2
240,X4,2,2
240,X4,3,2
240,X4,3,2
240,X4,3,3
240,X4,3,3
240,base,2,2
240,base,2,2
240,base,4,2
240,base,3,2
240,base,2,2
240,base,2,2
240,base,2,2
240,base,2,2
240,base,2,2
240,base,3,2
240,base,3,2
240,base,4,2
240,base,4,2
240,base,2,2
240,base,2,2
240,base,2,2
240,base,4,3
240,base,3,3
240,R1,2,2
240,R1,2,2
240,R1,4,3
240,R1,2,2
240,R1,2,2
240,R1,2,2
240,R1,2,2
240,R1,2,2
240,R1,3,2
240,R1,3,2
240,R1,4,2
240,R1,4,2
240,R1,2,2
240,R1,2,2
240,R1,2,2
240,R1,3,3
240,R2,3,3
240,X4,2,2
240,X4,2,2
240,X4,4,2
240,X4,3,2
240,X4,2,2
240,X4,2,2
240,X4,2,2
240,X4,2,2
240,X4,2,2
240,X4,3,2
240,X4,3,2
240,X4,2,2
240,X4,2,2
240,X4,2,2
240,X4,2,2
240,X4,2,2
240,X4,4,3
240,X4,3,3
243,base,2,2
243,base,4,2
243,base,3,2
243,base,3,2
243,base,2,2
243,base,3,2
243,base,2,2
243,base,3,2
243,base,4,2
243,base,2,2
243,base,3,3
243,base,3,3
243,base,5,4
243,R1,2,2
243,R1,4,2
243,R1,3,3
243,R1,5,4
243,R1,3,2
243,R1,3,2
243,R1,2,2
243,R1,3,2
243,R1,2,2
243,R1,3,2
243,R1,4,2
243,R1,2,2
243,R1,3,3
243,R2,3,3
243,R2,4,3
243,X4,2,2
243,X4,3,2
243,X4,3,2
243,X4,2,2
243,X4,3,2
243,X4,2,2
243,X4,3,2
243,X4,4,2
243,X4,2,2
243,X4,3,3
243,X4,3,3
243,X4,3,3
243,X4,5,4
246,base,2,2
246,base,2,2
246,R1,2,2
246,R1,2,2
246,X4,2,2
246,X4,2,2
248,base,2,2
248,R1,2,2
248,X4,2,2
249,base,2,2
249,base,2,2
249,base,5,2
249,base,2,2
249,base,2,2
249,base,3,2
249,base,2,2
249,base,2,2
249,base,5,2
249,base,2,2
249,base,2,2
249,base,2,2
249,base,2,2
249,base,2,2
249,base,3,2
249,base,2,2
249,base,5,2
249,base,4,2
249,base,3,3
249,base,3,3
249,base,4,4
249,base,5,4
249,R1,2,2
249,R1,2,2
249,R1,5,2
249,R1,2,2
249,R1,2,2
249,R1,3,2
249,R1,2,2
249,R1,2,2
249,R1,5,2
249,R1,2,2
249,R1,2,2
249,R1,2,2
249,R1,2,2
249,R1,2,2
249,R1,3,2
249,R1,2,2
249,R1,5,2
249,R1,4,2
249,R1,3,3
249,R1,3,3
249,R1,4,4
249,R1,5,4
249,R2,3,3
249,R2,5,4
249,X4,2,2
249,X4,2,2
249,X4,2,2
249,X4,2,2
249,X4,2,2
249,X4,3,2
249,X4,2,2
249,X4,2,2
249,X4,5,2
249,X4,2,2
249,X4,2,2
249,X4,2,2
249,X4,2,2
249,X4,2,2
249,X4,3,2
249,X4,2,2
249,X4,3,3
249,X4,3,3
249,X4,3,3
249,X4,4,4
249,X4,5,4
250,base,6,2
250,base,4,2
250,base,2,2
250,base,2,2
250,base,2,2
250,base,3,2
250,base,2,2
250,base,4,2
250,base,2,2
250,base,2,2
250,base,2,2
250,base,2,2
250,base,2,2
250,base,2,2
250,base,2,2
250,base,3,2
250,base,2,2
250,base,2,2
250,base,2,2
250,base,3,2
250,base,3,3
250,base,4,3
250,base,3,3
250,base,4,3
250,base,3,3
250,base,5,4
250,R1,2,2
250,R1,2,2
250,R1,2,2
250,R1,3,2
250,R1,2,2
250,R1,4,2
250,R1,2,2
250,R1,2,2
250,R1,2,2
250,R1,2,2
250,R1,2,2
250,R1,2,2
250,R1,2,2
250,R1,3,2
250,R1,2,2
250,R1,2,2
250,R1,2,2
250,R1,3,2
250,R1,3,3
250,R1,4,3
250,R1,3,3
250,R1,4,3
250,R1,3,3
250,R1,5,4
250,R2,3,3
250,R2,4,3
250,R2,5,4
250,X4,4,2
250,X4,2,2
250,X4,2,2
250,X4,2,2
250,X4,2,2
250,X4,3,2
250,X4,2,2
250,X4,2,2
250,X4,2,2
250,X4,2,2
250,X4,2,2
250,X4,2,2
250,X4,2,2
250,X4,2,2
250,X4,3,2
250,X4,2,2
250,X4,2,2
250,X4,2,2
250,X4,3,2
250,X4,3,3
250,X4,4,3
250,X4,3,3
250,X4,4,3
250,X4,3,3
250,X4,3,3
250,X4,5,4
254,base,3,2
254,X4,3,2
255,base,3,2
255,base,3,2
255,base,2,2
255,base,2,2
255,base,2,2
255,base,2,2
255,base,2,2
255,base,2,2
255,base,2,2
255,base,2,2
255,base,2,2
255,base,3,2
255,base,2,2
255,base,2,2
255,base,3,2
255,base,2,2
255,base,2,2
255,base,4,3
255,base,3,3
255,base,6,3
255,base,3,3
255,R1,3,2
255,R1,3,2
255,R1,2,2
255,R1,2,2
255,R1,2,2
255,R1,2,2
255,R1,2,2
255,R1,2,2
255,R1,2,2
255,R1,2,2
255,R1,2,2
255,R1,3,2
255,R1,2,2
255,R1,2,2
255,R1,3,2
255,R1,2,2
255,R1,2,2
255,R1,4,3
255,R1,3,3
255,R1,6,3
255,R1,3,3
255,R2,3,3
255,R2,6,3
255,R2,3,3
255,X4,3,2
255,X4,3,2
255,X4,2,2
255,X4,2,2
255,X4,2,2
255,X4,2,2
255,X4,2,2
255,X4,2,2
255,X4,2,2
255,X4,2,2
255,X4,2,2
255,X4,3,2
255,X4,2,2
255,X4,2,2
255,X4,3,2
255,X4,2,2
255,X4,2,2
255,X4,4,3
255,X4,3,3
255,X4,6,3
255,X4,3,3
256,base,4,2
256,X4,4,2
259,base,3,2
259,R1,3,2
259,X4,3,2
260,base,3,2
260,X4,3,2
261,base,2,2
261,base,2,2
261,base,4,2
261,base,2,2
261,base,3,3
261,base,3,3
261,base,3,3
261,R1,2,2
261,R1,2,2
261,R1,4,2
261,R1,2,2
261,R1,3,3
261,R1,3,3
261,R1,3,3
261,R2,3,3
261,R2,3,3
261,X4,2,2
261,X4,2,2
261,X4,4,2
261,X4,2,2
261,X4,3,3
261,X4,3,3
261,X4,3,3
262,base,2,2
262,base,2,2
262,base,3,2
262,base,2,2
262,base,2,2
262,base,2,2
262,base,3,2
262,base,5,2
262,base,4,3
262,base,3,3
262,base,3,3
262,base,3,3
262,base,4,3
262,base,3,3
262,base,6,4
262,base,4,4
262,R1,2,2
262,R1,2,2
262,R1,3,2
262,R1,2,2
262,R1,2,2
262,R1,2,2
262,R1,3,2
262,R1,5,2
262,R1,4,3
262,R1,3,3
262,R1,3,3
262,R1,3,3
262,R1,4,3
262,R1,3,3
262,R1,6,4
262,R1,4,4
262,R2,4,3
262,R2,3,3
262,R2,3,3
262,R2,3,3
262,R2,3,3
262,R2,4,3
262,R2,4,4
262,X4,2,2
262,X4,2,2
262,X4,2,2
262,X4,2,2
262,X4,2,2
262,X4,3,2
262,X4,5,2
262,X4,3,3
262,X4,4,3
262,X4,3,3
262,X4,3,3
262,X4,3,3
262,X4,4,3
262,X4,3,3
262,X4,6,4
262,X4,4,4
266,base,2,2
266,base,3,2
266,base,3,2
266,base,4,2
266,R1,2,2
266,R1,3,2
266,R1,3,2
266,R1,4,2
266,X4,2,2
266,X4,4,2
266,X4,3,3
268,base,4,2
268,base,3,3
268,base,4,4
268,R1,4,2
268,R1,3,3
268,R1,4,4
268,R2,3,3
268,R2,3,3
268,X4,2,2
268,X4,3,3
268,X4,4,4
269,base,2,2
269,R1,2,2
269,X4,2,2
270,base,5,2
270,base,2,2
270,base,2,2
270,base,2,2
270,base,2,2
270,base,3,3
270,base,3,3
270,base,4,4
270,R1,5,2
270,R1,2,2
270,R1,2,2
270,R1,2,2
270,R1,2,2
270,R1,3,3
270,R1,3,3
270,R1,4,4
270,R2,3,3
270,R2,4,4
270,X4,2,2
270,X4,2,2
270,X4,2,2
270,X4,2,2
270,X4,2,2
270,X4,3,3
270,X4,3,3
270,X4,4,4
271,base,2,2
271,base,2,2
271,base,2,2
271,base,2,2
271,base,2,2
271,base,2,2
271,base,3,2
271,base,2,2
271,base,3,3
271,base,3,3
271,base,3,3
271,R1,2,2
271,R1,2,2
271,R1,2,2
271,R1,2,2
271,R1,2,2
271,R1,2,2
271,R1,3,2
271,R1,2,2
271,R1,3,3
271,R1,3,3
271,R1,3,3
271,X4,2,2
271,X4,2,2
271,X4,2,2
271,X4,2,2
271,X4,2,2
271,X4,2,2
271,X4,2,2
271,X4,2,2
271,X4,3,2
271,X4,2,2
271,X4,3,3
271,X4,3,3
271,X4,3,3
272,base,4,2
272,base,5,2
272,base,4,2
272,base,2,2
272,base,5,3
272,R1,5,2
272,R1,4,2
272,R1,2,2
272,R1,5,3
272,X4,4,2
272,X4,2,2
272,X4,3,3
272,X4,5,3
281,base,2,2
281,R1,2,2
281,X4,2,2
282,base,2,2
282,base,2,2
282,base,3,2
282,base,2,2
282,base,2,2
282,base,3,3
282,R1,2,2
282,R1,2,2
282,R1,3,2
282,R1,2,2
282,R1,2,2
282,R1,3,3
282,X4,2,2
282,X4,2,2
282,X4,3,2
282,X4,2,2
282,X4,2,2
282,X4,3,3
283,base,2,2
283,base,2,2
283,base,2,2
283,base,2,2
283,base,2,2
283,base,3,2
283,base,3,2
283,base,3,2
283,base,4,2
283,base,3,2
283,base,2,2
283,base,2,2
283,base,2,2
283,base,4,2
283,base,4,2
283,base,2,2
283,base,2,2
283,base,5,2
283,base,2,2
283,base,2,2
283,base,2,2
283,base,3,2
283,base,2,2
283,base,2,2
283,base,2,2
283,base,2,2
283,base,2,2
283,base,2,2
283,base,4,2
283,base,2,2
283,base,3,3
283,base,3,3
283,base,3,3
283,base,3,3
283,base,3,3
283,base,3,3
283,base,3,3
283,base,3,3
283,base,3,3
283,base,3,3
283,base,5,3
283,base,4,3
283,base,4,3
283,base,4,4
283,base,4,4
283,base,6,4
283,base,4,4
283,base,4,4
283,base,4,4
283,base,4,4
283,base,4,4
283,base,5,4
283,R1,2,2
283,R1,2,2
283,R1,2,2
283,R1,2,2
283,R1,2,2
283,R1,3,2
283,R1,3,2
283,R1,3,2
283,R1,4,2
283,R1,3,2
283,R1,2,2
283,R1,2,2
283,R1,2,2
283,R1,4,2
283,R1,4,2
283,R1,2,2
283,R1,2,2
283,R1,5,2
283,R1,2,2
283,R1,2,2
283,R1,2,2
283,R1,3,2
283,R1,2,2
283,R1,2,2
283,R1,2,2
283,R1,2,2
283,R1,2,2
283,R1,2,2
283,R1,4,2
283,R1,2,2
283,R1,3,3
283,R1,3,3
283,R1,3,3
283,R1,3,3
283,R1,3,3
283,R1,3,3
283,R1,3,3
283,R1,3,3
283,R1,3,3
283,R1,3,3
283,R1,5,3
283,R1,4,3
283,R1,4,3
283,R1,4,4
283,R1,4,4
283,R1,6,4
283,R1,4,4
283,R1,4,4
283,R1,4,4
283,R1,4,4
283,R1,4,4
283,R1,5,4
283,R2,3,3
283,R2,3,3
283,R2,3,3
283,R2,3,3
283,R2,3,3
283,R2,3,3
283,R2,3,3
283,R2,3,3
283,R2,5,3
283,R2,5,3
283,R2,3,3
283,R2,3,3
283,R2,3,3
283,R2,3,3
283,R2,5,3
283,R2,3,3
283,R2,3,3
283,R2,4,3
283,R2,4,3
283,R2,4,4
283,R2,4,4
283,X4,2,2
283,X4,2,2
283,X4,2,2
283,X4,2,2
283,X4,2,2
283,X4,3,2
283,X4,3,2
283,X4,3,2
283,X4,4,2
283,X4,3,2
283,X4,2,2
283,X4,2,2
283,X4,2,2
283,X4,4,2
283,X4,4,2
283,X4,2,2
283,X4,2,2
283,X4,5,2
283,X4,2,2
283,X4,2,2
283,X4,2,2
283,X4,3,2
283,X4,2,2
283,X4,2,2
283,X4,2,2
283,X4,2,2
283,X4,2,2
283,X4,2,2
283,X4,2,2
283,X4,3,3
283,X4,3,3
283,X4,3,3
283,X4,3,3
283,X4,3,3
283,X4,3,3
283,X4,3,3
283,X4,3,3
283,X4,3,3
283,X4,3,3
283,X4,5,3
283,X4,4,3
283,X4,3,3
283,X4,3,3
283,X4,4,4
283,X4,4,4
283,X4,6,4
283,X4,4,4
283,X4,4,4
283,X4,4,4
283,X4,4,4
283,X4,5,4
283,X4,4,4
283,X4,5,4
284,base,5,2
284,base,3,2
284,base,3,2
284,base,2,2
284,base,2,2
284,base,2,2
284,base,4,2
284,base,3,2
284,base,3,2
284,base,5,2
284,base,3,2
284,base,3,3
284,base,3,3
284,base,3,3
284,base,3,3
284,base,3,3
284,base,3,3
284,base,4,3
284,base,3,3
284,base,4,3
284,base,3,3
284,base,3,3
284,base,3,3
284,base,5,3
284,base,4,4
284,R1,5,2
284,R1,3,2
284,R1,3,2
284,R1,2,2
284,R1,2,2
284,R1,2,2
284,R1,4,2
284,R1,3,2
284,R1,3,2
284,R1,2,2
284,R1,3,3
284,R1,3,3
284,R1,3,3
284,R1,3,3
284,R1,3,3
284,R1,3,3
284,R1,4,3
284,R1,3,3
284,R1,4,3
284,R1,3,3
284,R1,3,3
284,R1,3,3
284,R1,4,4
284,R1,5,2
284,R1,3,2
284,R2,3,3
284,R2,3,3
284,R2,3,3
284,R2,3,3
284,R2,3,3
284,R2,3,3
284,R2,4,3
284,R2,3,3
284,R2,4,3
284,R2,3,3
284,X4,2,2
284,X4,3,2
284,X4,3,2
284,X4,2,2
284,X4,2,2
284,X4,3,2
284,X4,2,2
284,X4,2,2
284,X4,2,2
284,X4,3,2
284,X4,5,2
284,X4,3,2
284,X4,3,3
284,X4,3,3
284,X4,3,3
284,X4,3,3
284,X4,3,3
284,X4,3,3
284,X4,4,3
284,X4,3,3
284,X4,4,3
284,X4,3,3
284,X4,3,3
284,X4,3,3
284,X4,4,3
284,X4,5,3
284,X4,4,4
285,base,5,2
285,base,4,2
285,base,5,3
285,R1,5,2
285,R1,4,2
285,R1,5,3
285,X4,2,2
285,X4,3,3
285,X4,5,3
286,base,2,2
286,base,2,2
286,base,2,2
286,base,2,2
286,R1,2,2
286,R1,2,2
286,R1,2,2
286,R1,2,2
286,X4,2,2
286,X4,2,2
286,X4,2,2
286,X4,2,2
287,base,2,2
287,base,2,2
287,base,2,2
287,base,2,2
287,base,2,2
287,base,2,2
287,base,2,2
287,base,2,2
287,base,2,2
287,base,2,2
287,base,2,2
287,base,4,2
287,base,4,2
287,base,2,2
287,base,3,3
287,base,3,3
287,base,4,3
287,base,5,3
287,base,4,4
287,R1,2,2
287,R1,2,2
287,R1,2,2
287,R1,2,2
287,R1,2,2
287,R1,2,2
287,R1,2,2
287,R1,2,2
287,R1,2,2
287,R1,2,2
287,R1,2,2
287,R1,4,2
287,R1,4,2
287,R1,2,2
287,R1,3,3
287,R1,3,3
287,R1,4,3
287,R1,5,3
287,R1,4,4
287,R2,3,3
287,R2,3,3
287,R2,3,3
287,R2,4,3
287,X4,2,2
287,X4,2,2
287,X4,2,2
287,X4,2,2
287,X4,2,2
287,X4,2,2
287,X4,2,2
287,X4,2,2
287,X4,2,2
287,X4,2,2
287,X4,2,2
287,X4,2,2
287,X4,3,3
287,X4,3,3
287,X4,5,3
287,X4,4,4
287,X4,6,5
288,base,2,2
288,base,3,2
288,base,3,2
288,base,4,2
288,base,2,2
288,base,5,2
288,base,3,2
288,base,2,2
288,base,2,2
288,base,2,2
288,base,3,3
288,R1,2,2
288,R1,3,2
288,R1,3,2
288,R1,4,2
288,R1,2,2
288,R1,5,2
288,R1,3,2
288,R1,2,2
288,R1,2,2
288,R1,2,2
288,R1,3,3
288,R2,3,3
288,X4,2,2
288,X4,3,2
288,X4,3,2
288,X4,2,2
288,X4,2,2
288,X4,5,2
288,X4,3,2
288,X4,2,2
288,X4,2,2
288,X4,2,2
288,X4,3,3
288,X4,3,3
289,base,2,2
289,base,3,2
289,base,3,2
289,base,2,2
289,base,2,2
289,base,2,2
289,base,2,2
289,base,2,2
289,base,2,2
289,base,4,2
289,base,2,2
289,base,2,2
289,base,2,2
289,base,3,3
289,base,3,3
289,base,3,3
289,base,3,3
289,base,3,3
289,base,5,4
289,base,4,4
289,R1,2,2
289,R1,3,2
289,R1,3,2
289,R1,2,2
289,R1,2,2
289,R1,2,2
289,R1,2,2
289,R1,2,2
289,R1,2,2
289,R1,4,2
289,R1,2,2
289,R1,2,2
289,R1,2,2
289,R1,3,3
289,R1,3,3
289,R1,3,3
289,R1,3,3
289,R1,3,3
289,R1,5,4
289,R1,4,4
289,R2,3,3
289,R2,3,3
289,R2,3,3
289,R2,3,3
289,R2,3,3
289,R2,5,4
289,X4,2,2
289,X4,3,2
289,X4,3,2
289,X4,2,2
289,X4,2,2
289,X4,2,2
289,X4,2,2
289,X4,2,2
289,X4,2,2
289,X4,4,2
289,X4,2,2
289,X4,2,2
289,X4,2,2
289,X4,3,3
289,X4,3,3
289,X4,3,3
289,X4,3,3
289,X4,3,3
289,X4,5,4
289,X4,4,4
290,base,2,2
290,base,3,2
290,base,4,2
290,base,2,2
290,base,3,3
290,R1,2,2
290,R1,3,2
290,R1,4,2
290,R1,2,2
290,R1,3,3
290,R2,3,3
290,X4,4,2
290,X4,2,2
290,X4,2,2
290,X4,3,2
290,X4,2,2
290,X4,2,2
290,X4,3,3
292,base,2,2
292,base,2,2
292,base,2,2
292,base,2,2
292,base,2,2
292,base,2,2
292,base,3,2
292,base,3,2
292,base,2,2
292,base,2,2
292,base,2,2
292,base,4,3
292,R1,2,2
292,R1,2,2
292,R1,2,2
292,R1,2,2
292,R1,2,2
292,R1,4,3
292,R1,3,2
292,R1,2,2
292,R1,2,2
292,R1,2,2
292,R2,4,3
292,X4,2,2
292,X4,2,2
292,X4,2,2
292,X4,2,2
292,X4,2,2
292,X4,2,2
292,X4,3,2
292,X4,3,2
292,X4,2,2
292,X4,2,2
292,X4,2,2
292,X4,4,3
293,base,2,2
293,base,4,2
293,R1,2,2
293,R1,4,2
293,X4,2,2
293,X4,4,2
295,base,2,2
295,base,2,2
295,base,2,2
295,base,4,2
295,base,3,3
295,R1,2,2
295,R1,2,2
295,R1,2,2
295,R1,4,2
295,R1,3,3
295,X4,2,2
295,X4,2,2
295,X4,2,2
295,X4,3,3
295,X4,4,3
296,base,2,2
296,base,2,2
296,base,4,2
296,base,2,2
296,base,2,2
296,base,4,2
296,base,4,3
296,base,4,3
296,R1,2,2
296,R1,2,2
296,R1,4,2
296,R1,2,2
296,R1,2,2
296,R1,4,2
296,R1,4,3
296,R1,4,3
296,R2,4,3
296,X4,2,2
296,X4,2,2
296,X4,4,2
296,X4,2,2
296,X4,4,3
296,X4,4,3
296,X4,3,3
299,base,2,2
299,base,3,2
299,R1,2,2
299,R1,3,2
299,X4,2,2
299,X4,3,2
300,base,2,2
300,base,3,2
300,base,2,2
300,base,2,2
300,base,2,2
300,base,2,2
300,base,2,2
300,base,4,2
300,base,3,2
300,base,2,2
300,base,2,2
300,base,3,2
300,base,4,2
300,base,3,3
300,base,3,3
300,base,3,3
300,base,3,3
300,base,3,3
300,base,5,4
300,R1,2,2
300,R1,3,2
300,R1,2,2
300,R1,2,2
300,R1,2,2
300,R1,2,2
300,R1,2,2
300,R1,4,2
300,R1,3,2
300,R1,2,2
300,R1,2,2
300,R1,3,2
300,R1,4,2
300,R1,3,3
300,R1,3,3
300,R1,3,3
300,R1,3,3
300,R1,3,3
300,R1,5,4
300,R2,3,3
300,R2,3,3
300,R2,3,3
300,R2,3,3
300,R2,3,3
300,R2,5,4
300,X4,2,2
300,X4,3,2
300,X4,2,2
300,X4,2,2
300,X4,2,2
300,X4,2,2
300,X4,2,2
300,X4,2,2
300,X4,2,2
300,X4,3,2
300,X4,2,2
300,X4,2,2
300,X4,3,2
300,X4,4,2
300,X4,3,3
300,X4,3,3
300,X4,3,3
300,X4,3,3
300,X4,3,3
300,X4,5,4
303,base,2,2
303,base,3,2
303,base,3,2
303,base,2,2
303,base,3,2
303,base,4,2
303,base,4,3
303,base,3,3
303,R1,2,2
303,R1,3,2
303,R1,3,2
303,R1,2,2
303,R1,3,2
303,R1,4,2
303,R1,4,3
303,R1,3,3
303,R2,4,3
303,X4,2,2
303,X4,3,2
303,X4,3,2
303,X4,2,2
303,X4,3,2
303,X4,4,2
303,X4,4,3
303,X4,3,3
305,base,2,2
305,base,2,2
305,R1,2,2
305,R1,2,2
305,X4,2,2
305,X4,2,2
307,base,2,2
307,base,2,2
307,base,3,2
307,base,3,2
307,base,4,2
307,base,5,3
307,base,3,3
307,R1,2,2
307,R1,2,2
307,R1,3,2
307,R1,3,2
307,R1,4,2
307,R1,5,3
307,R1,3,3
307,R2,3,3
307,X4,2,2
307,X4,2,2
307,X4,3,2
307,X4,3,2
307,X4,2,2
307,X4,3,3
307,X4,3,3
308,base,2,2
308,base,2,2
308,base,2,2
308,base,2,2
308,base,3,2
308,base,2,2
308,base,4,2
308,base,2,2
308,base,2,2
308,base,2,2
308,base,2,2
308,base,2,2
308,base,4,3
308,base,3,3
308,base,3,3
308,base,4,3
308,base,3,3
308,base,3,3
308,R1,2,2
308,R1,2,2
308,R1,2,2
308,R1,2,2
308,R1,4,3
308,R1,3,3
308,R1,2,2
308,R1,4,2
308,R1,2,2
308,R1,2,2
308,R1,2,2
308,R1,2,2
308,R1,2,2
308,R1,3,3
308,R1,4,3
308,R1,3,3
308,R1,3,3
308,R2,4,3
308,R2,3,3
308,R2,3,3
308,R2,3,3
308,X4,2,2
308,X4,2,2
308,X4,2,2
308,X4,2,2
308,X4,3,2
308,X4,2,2
308,X4,2,2
308,X4,2,2
308,X4,2,2
308,X4,2,2
308,X4,2,2
308,X4,2,2
308,X4,4,3
308,X4,3,3
308,X4,3,3
308,X4,4,3
308,X4,3,3
308,X4,3,3
308,X4,3,3
309,base,4,2
309,X4,4,2
310,base,2,2
310,base,2,2
310,base,2,2
310,base,2,2
310,base,2,2
310,base,2,2
310,base,2,2
310,base,4,2
310,base,2,2
310,base,2,2
310,base,2,2
310,base,2,2
310,base,3,2
310,base,2,2
310,base,3,2
310,base,3,3
310,base,3,3
310,base,4,3
310,R1,2,2
310,R1,2,2
310,R1,2,2
310,R1,2,2
310,R1,2,2
310,R1,2,2
310,R1,2,2
310,R1,4,2
310,R1,2,2
310,R1,2,2
310,R1,2,2
310,R1,2,2
310,R1,3,2
310,R1,2,2
310,R1,3,2
310,R1,3,3
310,R1,3,3
310,R1,4,3
310,R2,4,3
310,X4,2,2
310,X4,2,2
310,X4,2,2
310,X4,2,2
310,X4,2,2
310,X4,2,2
310,X4,2,2
310,X4,2,2
310,X4,2,2
310,X4,2,2
310,X4,2,2
310,X4,2,2
310,X4,2,2
310,X4,3,2
310,X4,2,2
310,X4,3,2
310,X4,3,3
310,X4,3,3
310,X4,4,3
311,base,2,2
311,base,2,2
311,base,2,2
311,base,2,2
311,base,2,2
311,base,2,2
311,base,2,2
311,base,2,2
311,base,3,2
311,base,2,2
311,base,2,2
311,base,2,2
311,base,2,2
311,base,2,2
311,base,2,2
311,base,2,2
311,base,3,3
311,base,3,3
311,base,3,3
311,base,3,3
311,R1,2,2
311,R1,2,2
311,R1,2,2
311,R1,2,2
311,R1,2,2
311,R1,2,2
311,R1,2,2
311,R1,2,2
311,R1,3,2
311,R1,2,2
311,R1,2,2
311,R1,2,2
311,R1,2,2
311,R1,2,2
311,R1,2,2
311,R1,2,2
311,R1,3,3
311,R1,3,3
311,R1,3,3
311,R1,3,3
311,R2,3,3
311,R2,3,3
311,R2,3,3
311,X4,2,2
311,X4,2,2
311,X4,2,2
311,X4,2,2
311,X4,2,2
311,X4,2,2
311,X4,2,2
311,X4,2,2
311,X4,3,2
311,X4,2,2
311,X4,2,2
311,X4,2,2
311,X4,2,2
311,X4,2,2
311,X4,2,2
311,X4,2,2
311,X4,3,3
311,X4,3,3
311,X4,3,3
311,X4,3,3
312,base,4,2
312,base,3,2
312,base,3,3
312,base,4,4
312,R1,4,2
312,R1,3,2
312,R1,3,3
312,R1,4,4
312,R2,3,3
312,R2,3,3
312,X4,3,2
312,X4,3,3
312,X4,5,5
313,base,2,2
313,base,2,2
313,base,3,2
313,base,2,2
313,base,2,2
313,base,3,2
313,R1,2,2
313,R1,2,2
313,R1,3,2
313,R1,2,2
313,R1,2,2
313,R1,3,2
313,X4,3,2
313,X4,3,2
313,X4,2,2
313,X4,2,2
313,X4,3,2
313,X4,2,2
313,X4,2,2
313,X4,3,2
314,base,2,2
314,base,4,2
314,base,4,2
314,base,2,2
314,base,3,3
314,base,5,3
314,R1,2,2
314,R1,4,2
314,R1,4,2
314,R1,2,2
314,R1,3,3
314,R1,5,3
314,R2,5,3
314,X4,2,2
314,X4,2,2
314,X4,3,3
314,X4,3,3
314,X4,5,3
315,base,2,2
315,base,4,2
315,base,2,2
315,base,2,2
315,base,5,3
315,base,4,3
315,base,3,3
315,base,4,3
315,base,4,3
315,base,3,3
315,R1,2,2
315,R1,4,2
315,R1,2,2
315,R1,2,2
315,R1,5,3
315,R1,4,3
315,R1,3,3
315,R1,4,3
315,R1,4,3
315,R1,3,3
315,R2,5,3
315,R2,3,3
315,R2,3,3
315,X4,2,2
315,X4,2,2
315,X4,2,2
315,X4,2,2
315,X4,5,3
315,X4,4,3
315,X4,3,3
315,X4,4,3
315,X4,3,3
315,X4,5,4
316,base,2,2
316,base,2,2
316,base,2,2
316,base,2,2
316,base,2,2
316,base,2,2
316,base,2,2
316,base,3,2
316,base,2,2
316,base,2,2
316,base,2,2
316,base,2,2
316,base,3,2
316,base,2,2
316,base,2,2
316,base,2,2
316,base,2,2
316,base,2,2
316,base,2,2
316,base,2,2
316,base,2,2
316,base,3,3
316,base,3,3
316,base,3,3
316,base,3,3
316,base,5,4
316,R1,2,2
316,R1,2,2
316,R1,2,2
316,R1,2,2
316,R1,2,2
316,R1,2,2
316,R1,2,2
316,R1,3,2
316,R1,2,2
316,R1,2,2
316,R1,2,2
316,R1,2,2
316,R1,3,2
316,R1,2,2
316,R1,2,2
316,R1,2,2
316,R1,2,2
316,R1,2,2
316,R1,2,2
316,R1,2,2
316,R1,2,2
316,R1,3,3
316,R1,3,3
316,R1,3,3
316,R1,3,3
316,R1,5,4
316,R2,3,3
316,R2,3,3
316,R2,5,4
316,X4,2,2
316,X4,2,2
316,X4,2,2
316,X4,2,2
316,X4,2,2
316,X4,2,2
316,X4,2,2
316,X4,3,2
316,X4,2,2
316,X4,2,2
316,X4,2,2
316,X4,2,2
316,X4,2,2
316,X4,3,2
316,X4,2,2
316,X4,2,2
316,X4,2,2
316,X4,2,2
316,X4,2,2
316,X4,2,2
316,X4,2,2
316,X4,2,2
316,X4,3,3
316,X4,3,3
316,X4,3,3
316,X4,3,3
316,X4,5,4
317,base,5,2
317,base,2,2
317,base,2,2
317,base,3,2
317,base,2,2
317,base,2,2
317,base,3,2
317,base,2,2
317,base,4,3
317,base,4,3
317,base,4,3
317,base,3,3
317,base,4,3
317,R1,5,2
317,R1,2,2
317,R1,2,2
317,R1,3,2
317,R1,2,2
317,R1,2,2
317,R1,3,2
317,R1,2,2
317,R1,4,3
317,R1,4,3
317,R1,4,3
317,R1,3,3
317,R1,4,3
317,R2,4,3
317,R2,4,3
317,R2,4,3
317,R2,3,3
317,X4,2,2
317,X4,2,2
317,X4,2,2
317,X4,3,2
317,X4,2,2
317,X4,2,2
317,X4,3,2
317,X4,2,2
317,X4,2,2
317,X4,4,3
317,X4,4,3
317,X4,4,3
317,X4,3,3
317,X4,4,3
317,base,2,2
317,base,3,2
317,base,2,2
317,base,2,2
317,base,2,2
317,base,3,2
317,base,2,2
317,base,2,2
317,base,2,2
317,base,3,2
317,base,2,2
317,base,3,3
317,base,4,3
317,R1,2,2
317,R1,3,2
317,R1,2,2
317,R1,2,2
317,R1,2,2
317,R1,3,2
317,R1,2,2
317,R1,2,2
317,R1,2,2
317,R1,3,2
317,R1,2,2
317,R1,3,3
317,R1,4,3
317,R2,3,3
317,X4,2,2
317,X4,3,2
317,X4,2,2
317,X4,2,2
317,X4,2,2
317,X4,3,2
317,X4,2,2
317,X4,2,2
317,X4,2,2
317,X4,3,2
317,X4,2,2
317,X4,3,3
317,X4,4,3
319,base,2,2
319,base,3,2
319,R1,2,2
319,X4,2,2
319,X4,3,2
320,base,2,2
320,base,2,2
320,base,2,2
320,base,2,2
320,base,2,2
320,base,3,2
320,base,4,3
320,base,3,3
320,base,4,3
320,base,5,3
320,base,4,3
320,R1,2,2
320,R1,2,2
320,R1,2,2
320,R1,2,2
320,R1,2,2
320,R1,3,2
320,R1,4,3
320,R1,3,3
320,R1,4,3
320,R1,5,3
320,R1,4,3
320,R2,4,3
320,R2,4,3
320,R2,4,3
320,X4,2,2
320,X4,2,2
320,X4,2,2
320,X4,2,2
320,X4,2,2
320,X4,3,2
320,X4,2,2
320,X4,4,3
320,X4,3,3
320,X4,4,3
320,X4,5,3
320,X4,4,3
321,base,4,2
321,base,2,2
321,base,3,2
321,base,2,2
321,base,4,2
321,base,2,2
321,base,2,2
321,base,2,2
321,base,3,2
321,base,2,2
321,base,3,2
321,base,3,2
321,base,3,2
321,base,2,2
321,base,2,2
321,base,4,3
321,base,3,3
321,R1,4,2
321,R1,2,2
321,R1,3,2
321,R1,2,2
321,R1,4,2
321,R1,2,2
321,R1,2,2
321,R1,2,2
321,R1,3,2
321,R1,2,2
321,R1,3,2
321,R1,3,2
321,R1,3,2
321,R1,2,2
321,R1,2,2
321,R1,4,3
321,R1,3,3
321,R2,4,3
321,R2,3,3
321,X4,4,2
321,X4,2,2
321,X4,2,2
321,X4,3,2
321,X4,2,2
321,X4,2,2
321,X4,2,2
321,X4,3,2
321,X4,2,2
321,X4,3,2
321,X4,2,2
321,X4,3,2
321,X4,3,2
321,X4,2,2
321,X4,2,2
321,X4,4,3
321,X4,3,3
321,X4,3,3
321,X4,4,3
323,base,2,2
323,base,2,2
323,base,3,2
323,base,2,2
323,base,2,2
323,base,2,2
323,base,2,2
323,base,3,3
323,base,3,3
323,base,3,3
323,base,5,3
323,R1,2,2
323,R1,2,2
323,R1,2,2
323,R1,2,2
323,R1,2,2
323,R1,2,2
323,R1,3,3
323,R1,3,3
323,R1,3,3
323,R1,5,3
323,R2,3,3
323,R2,3,3
323,R2,5,3
323,X4,2,2
323,X4,2,2
323,X4,3,2
323,X4,2,2
323,X4,2,2
323,X4,2,2
323,X4,2,2
323,X4,3,3
323,X4,3,3
323,X4,3,3
323,X4,5,3
324,base,3,2
324,X4,3,2
326,base,5,2
326,base,4,2
326,R1,5,2
326,R1,4,2
326,X4,3,3
329,base,3,2
329,base,4,2
329,base,2,2
329,base,2,2
329,R1,4,2
329,R1,2,2
329,R1,2,2
329,X4,3,2
329,X4,4,2
329,X4,2,2
329,X4,2,2
330,base,2,2
330,base,2,2
330,base,2,2
330,base,2,2
330,base,3,2
330,base,2,2
330,base,2,2
330,base,2,2
330,base,2,2
330,base,2,2
330,base,4,2
330,base,2,2
330,base,3,2
330,base,3,2
330,base,2,2
330,base,4,3
330,base,3,3
330,base,3,3
330,base,3,3
330,base,3,3
330,base,3,3
330,base,4,4
330,R1,2,2
330,R1,2,2
330,R1,2,2
330,R1,2,2
330,R1,3,2
330,R1,2,2
330,R1,2,2
330,R1,2,2
330,R1,2,2
330,R1,2,2
330,R1,4,2
330,R1,2,2
330,R1,3,2
330,R1,3,2
330,R1,2,2
330,R1,4,3
330,R1,3,3
330,R1,3,3
330,R1,3,3
330,R1,3,3
330,R1,3,3
330,R1,4,4
330,R2,4,3
330,R2,3,3
330,R2,3,3
330,R2,3,3
330,X4,2,2
330,X4,2,2
330,X4,2,2
330,X4,2,2
330,X4,3,2
330,X4,2,2
330,X4,2,2
330,X4,2,2
330,X4,2,2
330,X4,2,2
330,X4,2,2
330,X4,3,2
330,X4,3,2
330,X4,2,2
330,X4,4,3
330,X4,3,3
330,X4,3,3
330,X4,3,3
330,X4,3,3
330,X4,3,3
330,X4,3,3
330,X4,4,4
331,base,2,2
331,base,2,2
331,base,2,2
331,base,2,2
331,base,2,2
331,base,2,2
331,base,4,2
331,R1,2,2
331,R1,2,2
331,R1,2,2
331,R1,2,2
331,R1,2,2
331,R1,2,2
331,R1,4,2
331,X4,2,2
331,X4,2,2
331,X4,2,2
331,X4,2,2
331,X4,2,2
331,X4,2,2
331,X4,2,2
331,X4,4,2
332,base,3,2
332,X4,3,2
