point_idx,cyc,elapsed_s,A,D,category,set_no,game_no,game_in_set,tiebreak,serve_number,n_clips,clip_roles,tv_rally_duration_s,tv_n_shots,repeat_involved,n_tok_base,n_cov_base,n_tok_R1,n_cov_R1,n_tok_R2,n_cov_R2,n_tok_X4,n_cov_X4,n_tok_U,n_cov_U,n_tok_R1U,n_cov_R1U,n_syll,words
2,1,25.0,54.0,49.519999999999996,within_game,1,1,1,False,1,1,rally,4.48,5.0,False,2,2,0,0,2,0,2,2,2,2,0,0,3,2
4,3,137.0,45.0,28.440000000000026,within_game,1,1,1,False,2,2,ace+rally,0.64,2.0,False,33,13,33,13,33,0,33,14,33,13,33,13,53,33
5,4,182.0,36.0,33.60000000000002,within_game,1,1,1,False,1,1,rally,2.4,3.0,False,26,18,26,18,26,7,26,18,26,18,26,18,32,26
6,5,218.0,27.0,26.880000000000024,within_game,1,1,1,False,1,1,rally,0.64,2.0,False,1,0,1,0,1,0,1,0,1,0,1,0,1,1
7,6,245.0,36.0,31.920000000000016,within_game,1,1,1,False,1,1,rally,3.92,4.0,False,2,2,0,0,2,0,2,2,2,2,0,0,6,2
8,7,281.0,82.0,75.04000000000002,within_game,1,1,1,False,1,1,rally,7.52,7.0,False,29,23,29,23,29,12,29,23,29,23,29,23,41,29
9,8,363.0,40.0,30.24000000000001,within_game,1,1,1,False,1,1,rally,9.92,8.0,False,22,16,22,16,22,0,22,17,22,16,22,16,34,22
11,10,482.0,26.0,23.599999999999966,within_game,1,2,2,False,1,1,rally,2.16,3.0,True,0,0,0,0,0,0,0,0,0,0,0,0,0,0
12,11,508.0,54.0,48.64000000000004,within_game,1,2,2,False,1,1,rally,5.76,5.0,True,56,43,56,43,56,19,56,44,56,43,56,43,74,56
14,13,625.0,32.0,29.120000000000005,within_game,1,2,2,False,1,1,rally,3.44,4.0,False,36,22,35,20,36,9,36,23,36,22,35,20,62,36
15,14,657.0,32.0,30.440000000000055,within_game,1,2,2,False,1,1,rally,2.16,3.0,False,41,31,39,29,41,13,41,33,41,31,39,29,56,41
16,15,689.0,76.0,59.120000000000005,other_game_end,1,2,2,False,2,2,first_serve_fault+rally,4.88,5.0,True,102,72,101,72,102,27,102,73,102,72,101,72,135,102
18,17,803.0,61.0,46.879999999999995,within_game,1,3,3,False,2,1,rally,10.96,9.0,False,2,2,0,0,2,0,2,2,2,2,0,0,3,2
23,22,1189.0,26.0,25.200000000000045,within_game,1,4,4,False,1,1,rally,0.72,2.0,False,28,15,28,15,28,6,28,15,28,15,28,15,40,28
24,23,1215.0,23.0,22.079999999999927,within_game,1,4,4,False,1,1,rally,0.64,2.0,False,3,0,3,0,3,0,3,0,3,0,3,0,4,3
25,24,1238.0,37.0,32.07999999999993,within_game,1,4,4,False,1,1,rally,4.88,5.0,False,0,0,0,0,0,0,0,0,0,0,0,0,0,0
26,25,1275.0,40.0,30.039999999999964,within_game,1,4,4,False,1,1,rally,9.6,9.0,False,32,21,31,21,32,3,32,23,32,21,31,21,46,32
27,26,1315.0,41.0,26.680000000000064,within_game,1,4,4,False,2,2,first_serve_fault+rally,3.36,4.0,False,2,2,0,0,2,0,2,2,2,2,0,0,4,2
28,27,1356.0,40.0,39.3599999999999,within_game,1,4,4,False,1,1,rally,0.72,2.0,False,13,11,13,11,13,3,13,11,11,9,11,9,20,13
29,28,1396.0,55.0,29.559999999999945,within_game,1,4,4,False,2,1,rally,12.24,10.0,False,43,24,43,24,43,0,43,26,43,24,43,24,63,43
30,29,1451.0,55.0,41.24000000000001,other_game_end,1,4,4,False,2,2,first_serve_fault+rally,2.08,3.0,False,98,81,98,81,98,25,98,82,98,81,98,81,127,98
31,30,1506.0,22.0,21.519999999999982,within_game,1,5,5,False,1,1,rally,0.72,2.0,False,61,41,61,41,61,7,61,44,61,41,61,41,91,61
32,31,1528.0,29.0,25.559999999999945,within_game,1,5,5,False,1,1,rally,3.2,4.0,False,47,33,47,33,47,3,47,33,47,33,47,33,66,47
33,32,1557.0,36.0,32.16000000000008,within_game,1,5,5,False,1,1,rally,4.24,4.0,False,0,0,0,0,0,0,0,0,0,0,0,0,0,0
36,35,1727.0,28.0,26.080000000000155,within_game,1,6,6,False,1,1,rally,2.08,3.0,True,0,0,0,0,0,0,0,0,0,0,0,0,0,0
37,36,1755.0,22.0,21.0,within_game,1,6,6,False,1,1,rally,0.64,2.0,True,0,0,0,0,0,0,0,0,0,0,0,0,0,0
38,37,1777.0,38.0,24.75999999999999,within_game,1,6,6,False,2,2,first_serve_fault+rally,1.84,3.0,False,69,34,69,34,69,6,69,35,69,34,69,34,86,69
39,38,1815.0,40.0,28.12000000000012,within_game,1,6,6,False,0,2,first_serve_fault+double_fault,0.0,1.0,False,49,37,49,37,49,15,49,37,49,37,49,37,70,49
40,39,1855.0,41.0,29.04000000000019,within_game,1,6,6,False,1,1,rally,12.32,9.0,False,2,2,2,2,2,0,2,2,2,2,2,2,3,2
41,40,1896.0,52.0,48.04000000000019,other_game_end,1,6,6,False,1,1,rally,4.48,5.0,False,25,21,25,21,25,3,25,21,25,21,25,21,41,25
42,41,1948.0,43.0,31.680000000000064,within_game,1,7,7,False,1,1,rally,11.28,10.0,False,18,12,18,12,18,0,18,12,18,12,18,12,28,18
46,45,2188.0,30.0,26.6400000000001,within_game,2,1,1,False,1,1,rally,3.36,4.0,False,39,33,39,33,39,8,39,34,39,33,39,33,56,39
48,47,2254.0,33.0,28.24000000000001,within_game,2,1,1,False,1,1,rally,4.48,5.0,False,51,38,51,38,51,3,51,38,51,38,51,38,65,51
49,48,2287.0,27.0,26.0,within_game,2,1,1,False,1,1,rally,0.8,2.0,False,2,2,0,0,2,0,2,2,2,2,0,0,4,2
50,49,2314.0,61.0,60.92000000000007,other_game_end,2,1,1,False,1,1,rally,0.64,2.0,False,101,72,100,70,101,14,101,77,101,72,100,70,149,101
51,50,2375.0,57.0,30.320000000000164,within_game,2,2,2,False,0,2,first_serve_fault+double_fault,0.0,1.0,False,26,21,25,21,26,4,26,21,26,21,25,21,31,26
52,51,2432.0,57.0,34.63999999999987,within_game,2,2,2,False,2,2,first_serve_fault+rally,7.04,7.0,False,89,67,88,66,89,6,89,67,89,67,88,66,126,89
53,52,2489.0,41.0,36.720000000000255,within_game,2,2,2,False,1,1,rally,4.64,5.0,False,50,34,46,29,50,6,50,34,50,34,46,29,64,50
54,53,2530.0,66.0,34.88000000000011,within_game,2,2,2,False,2,2,ace+rally,11.68,9.0,False,70,53,66,49,70,10,70,53,70,53,66,49,97,70
55,54,2596.0,60.0,40.840000000000146,within_game,2,2,2,False,2,2,first_serve_fault+rally,0.72,2.0,False,27,19,25,16,27,6,27,19,27,19,25,16,38,27
56,55,2656.0,67.0,41.07999999999993,within_game,2,2,2,False,2,1,rally,9.76,9.0,False,0,0,0,0,0,0,0,0,0,0,0,0,0,0
57,56,2723.0,75.0,54.07999999999993,within_game,2,2,2,False,2,2,first_serve_fault+rally,2.8,3.0,False,124,91,121,87,124,34,124,94,124,91,121,87,169,124
59,58,2830.0,51.0,40.92000000000007,within_game,2,2,2,False,1,1,rally,9.92,9.0,False,12,7,11,5,12,0,12,7,12,7,11,5,18,12
60,59,2881.0,47.0,42.11999999999989,other_game_end,2,2,2,False,1,1,rally,4.64,5.0,False,70,49,68,47,70,11,70,49,70,49,68,47,104,70
62,61,2972.0,50.0,31.360000000000127,within_game,2,3,3,False,2,2,first_serve_fault+rally,6.8,7.0,False,0,0,0,0,0,0,0,0,0,0,0,0,0,0
63,62,3022.0,63.0,41.80000000000018,within_game,2,3,3,False,1,1,rally,21.04,18.0,False,44,36,44,36,44,10,44,36,44,36,44,36,60,44
64,63,3085.0,41.0,38.039999999999964,within_game,2,3,3,False,1,1,rally,3.12,4.0,False,32,22,32,22,32,8,32,22,32,22,32,22,39,32
65,64,3126.0,43.0,30.440000000000055,within_game,2,3,3,False,2,2,first_serve_fault+rally,0.72,2.0,False,49,24,49,24,49,0,49,26,49,24,49,24,79,49
66,65,3169.0,42.0,32.559999999999945,within_game,2,3,3,False,1,1,rally,9.28,8.0,False,40,25,40,25,40,6,40,25,40,25,40,25,58,40
69,68,3400.0,37.0,33.24000000000024,within_game,2,4,4,False,1,1,rally,3.68,4.0,False,87,64,87,64,87,11,87,66,87,64,87,64,118,87
70,69,3437.0,68.0,47.2800000000002,within_game,2,4,4,False,2,2,first_serve_fault+rally,7.28,6.0,False,38,23,38,23,38,10,38,23,38,23,38,23,46,38
71,70,3505.0,49.0,32.960000000000036,within_game,2,4,4,False,2,2,first_serve_fault+rally,2.96,4.0,False,38,34,38,34,38,7,38,34,38,34,38,34,48,38
72,71,3554.0,50.0,49.24000000000024,within_game,2,4,4,False,1,1,rally,0.72,2.0,False,3,0,3,0,3,0,3,0,3,0,3,0,4,3
74,73,3660.0,87.0,56.59999999999991,within_game,2,4,4,False,1,1,rally,30.56,24.0,False,0,0,0,0,0,0,0,0,0,0,0,0,0,0
75,74,3747.0,43.0,39.76000000000022,within_game,2,4,4,False,1,1,rally,3.52,4.0,False,110,67,108,67,110,24,110,70,110,67,108,67,143,110
76,75,3790.0,38.0,37.039999999999964,other_game_end,2,4,4,False,1,1,rally,0.64,2.0,False,38,29,38,29,38,3,38,29,38,29,38,29,49,38
77,76,3828.0,61.0,29.11999999999989,within_game,2,5,5,False,2,2,first_serve_fault+rally,12.8,11.0,False,81,61,81,61,81,9,81,64,81,61,81,61,115,81
78,77,3889.0,26.0,25.360000000000127,within_game,2,5,5,False,1,1,rally,0.64,2.0,False,12,9,12,9,12,3,12,9,12,9,12,9,17,12
79,78,3915.0,27.0,23.720000000000255,within_game,2,5,5,False,1,1,rally,3.2,4.0,False,41,31,41,31,41,11,41,31,41,31,41,31,60,41
80,79,3942.0,34.0,25.11999999999989,within_game,2,5,5,False,1,1,rally,8.56,8.0,False,37,27,37,27,37,11,37,27,37,27,37,27,53,37
81,80,3976.0,26.0,24.920000000000073,within_game,2,5,5,False,1,1,rally,0.64,2.0,False,26,20,26,20,26,4,26,20,26,20,26,20,34,26
82,81,4002.0,50.0,35.840000000000146,within_game,2,5,5,False,1,1,rally,14.4,11.0,False,77,53,77,53,77,24,77,53,77,53,77,53,104,77
83,82,4052.0,36.0,31.840000000000146,within_game,2,5,5,False,1,1,rally,4.24,5.0,False,0,0,0,0,0,0,0,0,0,0,0,0,0,0
84,83,4088.0,27.0,23.559999999999945,within_game,2,5,5,False,1,1,rally,3.44,4.0,False,2,2,2,2,2,0,2,2,0,0,0,0,2,2
85,84,4115.0,43.0,30.960000000000036,within_game,2,5,5,False,2,2,first_serve_fault+rally,0.56,2.0,False,2,0,0,0,2,0,2,2,2,0,0,0,6,2
89,88,4432.0,47.0,47.0,within_game,2,6,6,False,2,1,ace,0.0,1.0,False,0,0,0,0,0,0,0,0,0,0,0,0,0,0
90,89,4479.0,37.0,34.2800000000002,within_game,2,6,6,False,1,1,rally,3.04,3.0,False,2,2,2,2,2,0,2,2,2,2,2,2,2,2
91,90,4516.0,46.0,28.479999999999563,within_game,2,6,6,False,2,1,rally,0.88,2.0,False,32,13,32,13,32,3,32,13,32,13,32,13,45,32
92,91,4562.0,43.0,42.67999999999938,other_game_end,2,6,6,False,1,1,rally,0.72,2.0,False,4,2,4,2,4,0,4,2,4,2,4,2,4,4
93,92,4605.0,49.0,31.039999999999964,within_game,2,7,7,False,2,2,first_serve_fault+rally,5.52,6.0,False,47,20,45,20,47,0,47,20,47,20,45,20,66,47
94,93,4654.0,55.0,45.35999999999967,within_game,2,7,7,False,1,1,rally,9.52,7.0,False,0,0,0,0,0,0,0,0,0,0,0,0,0,0
95,94,4709.0,42.0,26.8799999999992,within_game,2,7,7,False,2,2,first_serve_fault+rally,2.24,3.0,False,75,64,75,64,75,18,75,65,75,64,75,64,90,75
98,97,4951.0,49.0,33.57999999999993,within_game,2,8,8,False,1,1,rally,15.12,13.0,False,37,21,37,21,37,0,37,21,37,21,37,21,50,37
99,98,5000.0,63.0,35.18000000000029,within_game,2,8,8,False,2,2,first_serve_fault+rally,9.92,9.0,False,2,2,0,0,2,0,2,2,2,2,0,0,4,2
100,99,5063.0,50.0,28.659999999999854,within_game,2,8,8,False,2,2,first_serve_fault+rally,3.84,4.0,False,4,0,4,0,4,0,4,0,4,0,4,0,6,4
101,100,5113.0,50.0,49.81999999999971,other_game_end,2,8,8,False,2,1,rally,0.72,2.0,False,0,0,0,0,0,0,0,0,0,0,0,0,0,0
102,101,5163.0,28.0,25.659999999999854,within_game,2,9,9,False,1,1,rally,1.92,3.0,False,43,28,43,28,43,6,43,28,43,28,43,28,61,43
103,102,5191.0,90.0,73.53999999999996,within_game,2,9,9,False,2,1,rally,5.68,6.0,False,0,0,0,0,0,0,0,0,0,0,0,0,0,0
105,104,5306.0,51.0,45.18000000000029,within_game,2,9,9,False,1,1,rally,5.84,6.0,False,41,24,39,22,41,0,41,25,41,24,39,22,51,41
107,106,5494.0,32.0,29.579999999999927,within_game,2,10,10,False,1,1,rally,2.8,3.0,False,20,13,20,13,20,3,20,13,20,13,20,13,27,20
108,107,5526.0,44.0,40.340000000000146,within_game,2,10,10,False,1,1,rally,3.44,4.0,False,8,5,8,5,8,0,8,5,8,5,8,5,8,8
109,108,5570.0,31.0,28.019999999999527,within_game,2,10,10,False,1,1,rally,3.44,4.0,False,35,26,35,26,35,0,35,26,35,26,35,26,44,35
110,109,5601.0,105.0,95.5,within_game,2,10,10,False,1,1,rally,9.44,9.0,False,3,2,3,2,3,0,3,2,3,2,3,2,3,3
111,110,5706.0,34.0,31.139999999999418,within_game,2,10,10,False,1,1,rally,3.12,4.0,False,31,25,31,25,31,9,31,26,31,25,31,25,42,31
112,111,5740.0,41.0,36.81999999999971,within_game,2,10,10,False,1,1,rally,4.24,5.0,False,62,50,62,50,62,20,62,51,62,50,62,50,84,62
113,112,5781.0,58.0,41.61999999999989,within_game,2,10,10,False,1,1,rally,17.04,14.0,False,69,50,69,50,69,11,69,50,69,50,69,50,96,69
114,113,5839.0,79.0,56.42000000000007,other_game_end,2,10,10,False,2,2,first_serve_fault+rally,5.12,6.0,False,24,11,24,11,24,0,24,11,24,11,24,11,28,24
115,114,5918.0,45.0,28.61999999999989,within_game,2,11,11,False,2,2,first_serve_fault+rally,4.64,5.0,False,74,51,72,49,74,16,74,53,74,51,72,49,101,74
116,115,5963.0,69.0,34.42000000000007,within_game,2,11,11,False,2,1,rally,19.12,16.0,False,0,0,0,0,0,0,0,0,0,0,0,0,0,0
117,116,6032.0,29.0,28.05999999999949,within_game,2,11,11,False,1,1,rally,0.72,2.0,False,17,12,17,12,17,7,17,12,17,12,17,12,25,17
122,121,6302.0,44.0,43.659999999999854,within_game,2,12,12,False,2,1,ace,0.0,1.0,False,0,0,0,0,0,0,0,0,0,0,0,0,0,0
123,122,6346.0,45.0,34.13999999999942,within_game,2,12,12,False,1,1,rally,10.96,9.0,False,17,13,15,11,17,0,17,13,17,13,15,11,21,17
140,139,7321.0,30.0,27.079999999999927,within_game,3,1,1,False,1,1,rally,2.64,3.0,False,2,0,1,0,2,0,2,0,2,0,1,0,3,2
141,140,7351.0,49.0,34.20000000000073,within_game,3,1,1,False,1,1,rally,15.04,13.0,True,60,48,56,44,60,12,60,48,60,48,56,44,88,60
142,141,7400.0,42.0,42.07999999999993,within_game,3,1,1,False,1,1,ace,0.0,1.0,True,0,0,0,0,0,0,0,0,0,0,0,0,0,0
143,142,7442.0,38.0,30.920000000000073,within_game,3,1,1,False,1,1,rally,6.56,6.0,False,56,40,56,40,56,0,56,40,56,40,56,40,69,56
144,143,7480.0,49.0,36.280000000000655,within_game,3,1,1,False,1,1,rally,12.08,11.0,False,17,12,15,10,17,0,17,13,17,12,15,10,26,17
148,147,7761.0,52.0,29.4399999999996,within_game,3,2,2,False,1,1,rally,22.72,19.0,False,19,12,17,10,19,0,19,12,19,12,17,10,23,19
149,148,7813.0,24.0,22.840000000000146,within_game,3,2,2,False,1,1,rally,0.72,2.0,True,95,77,95,77,95,33,95,81,95,77,95,77,120,95
150,149,7837.0,26.0,25.67999999999938,within_game,3,2,2,False,1,1,rally,0.64,2.0,True,0,0,0,0,0,0,0,0,0,0,0,0,0,0
152,151,7909.0,43.0,25.31999999999971,within_game,3,2,2,False,2,2,first_serve_fault+rally,5.76,6.0,False,33,25,32,25,33,12,33,25,33,25,32,25,47,33
153,152,7952.0,29.0,28.67999999999938,other_game_end,3,2,2,False,1,1,rally,0.56,2.0,False,0,0,0,0,0,0,0,0,0,0,0,0,0,0
154,153,7981.0,20.0,19.11999999999989,within_game,3,3,3,False,1,1,rally,0.72,2.0,False,2,2,0,0,2,0,2,2,2,2,0,0,3,2
155,154,8001.0,55.0,40.279999999999745,within_game,3,3,3,False,1,1,rally,14.96,12.0,False,0,0,0,0,0,0,0,0,0,0,0,0,0,0
156,155,8056.0,38.0,30.399999999999636,within_game,3,3,3,False,1,1,rally,7.44,7.0,False,2,0,1,0,2,0,2,0,2,0,1,0,4,2
157,156,8094.0,66.0,40.88000000000011,within_game,3,3,3,False,2,2,first_serve_fault+rally,11.44,11.0,False,49,37,49,37,49,5,49,36,49,37,49,37,60,49
158,157,8160.0,45.0,44.47999999999956,within_game,3,3,3,False,1,1,rally,0.72,2.0,False,7,7,7,7,7,0,7,7,7,7,7,7,9,7
160,159,8340.0,40.0,26.159999999999854,within_game,3,4,4,False,1,1,rally,13.84,12.0,True,35,27,35,27,35,3,35,27,35,27,35,27,53,35
161,160,8380.0,27.0,26.31999999999971,within_game,3,4,4,False,1,1,rally,0.8,2.0,True,0,0,0,0,0,0,0,0,0,0,0,0,0,0
162,161,8407.0,34.0,29.44000000000051,within_game,3,4,4,False,1,1,rally,4.72,5.0,False,26,10,26,10,26,6,26,10,26,10,26,10,39,26
163,162,8441.0,56.0,32.039999999999964,within_game,3,4,4,False,2,2,first_serve_fault+rally,12.48,11.0,False,51,37,50,34,51,9,51,37,51,37,50,34,81,51
164,163,8497.0,55.0,31.079999999999927,within_game,3,4,4,False,2,2,first_serve_fault+rally,12.4,10.0,False,60,47,59,46,60,13,60,47,60,47,59,46,75,60
165,164,8552.0,70.0,46.600000000000364,within_game,3,4,4,False,2,2,first_serve_fault+rally,0.72,2.0,False,43,32,43,32,43,9,43,32,43,32,43,32,62,43
167,166,8669.0,99.0,98.27999999999975,other_game_end,3,4,4,False,1,1,rally,0.72,2.0,False,13,12,13,12,13,4,13,12,13,12,13,12,17,13
170,169,8831.0,80.0,58.88000000000011,within_game,3,5,5,False,2,2,first_serve_fault+rally,3.52,4.0,True,4,4,4,4,4,3,4,4,4,4,4,4,4,4
172,171,8981.0,41.0,26.960000000000036,within_game,3,5,5,False,2,1,rally,13.84,5.0,False,2,2,2,2,2,0,2,2,2,2,2,2,2,2
173,172,9022.0,30.0,27.88000000000011,within_game,3,5,5,False,1,1,rally,2.0,3.0,False,15,13,15,13,15,3,15,13,15,13,15,13,20,15
174,173,9052.0,40.0,25.0,within_game,3,5,5,False,2,2,first_serve_fault+rally,2.16,3.0,False,38,32,37,32,38,10,38,32,38,32,37,32,48,38
175,174,9092.0,62.0,35.039999999999964,within_game,3,5,5,False,2,1,rally,26.64,13.0,False,43,24,43,24,43,3,43,24,43,24,43,24,68,43
177,176,9195.0,51.0,48.79999999999927,within_game,3,5,5,False,1,1,rally,2.32,3.0,False,0,0,0,0,0,0,0,0,0,0,0,0,0,0
201,200,10485.0,36.0,29.039999999999054,within_game,3,6,6,False,1,1,rally,7.2,7.0,False,19,8,19,8,19,0,19,8,19,8,19,8,35,19
202,201,10521.0,20.0,19.0,within_game,3,6,6,False,1,1,rally,0.72,2.0,False,31,23,31,23,31,6,31,23,31,23,31,23,42,31
203,202,10541.0,22.0,21.600000000000364,within_game,3,6,6,False,1,1,rally,0.64,2.0,False,11,6,9,4,11,0,11,6,11,6,9,4,17,11
204,203,10563.0,61.0,36.039999999999054,other_game_end,3,6,6,False,2,2,first_serve_fault+rally,0.64,2.0,False,61,41,61,41,61,17,61,44,61,41,61,41,92,61
205,204,10624.0,24.0,20.840000000000146,within_game,3,7,7,False,1,1,rally,3.28,4.0,False,10,0,10,0,10,0,10,0,10,0,10,0,18,10
206,205,10648.0,36.0,22.959999999999127,within_game,3,7,7,False,2,1,rally,0.72,2.0,True,29,19,26,17,29,7,29,19,29,19,26,17,39,29
210,209,11169.0,27.0,22.719999999999345,within_game,4,1,1,False,1,1,rally,4.32,4.0,False,2,2,0,0,2,0,2,2,2,2,0,0,3,2
211,210,11196.0,40.0,39.68000000000029,within_game,4,1,1,False,0,1,ace,0.0,1.0,False,0,0,0,0,0,0,0,0,0,0,0,0,0,0
213,212,11276.0,35.0,29.0,within_game,4,1,1,False,1,1,rally,6.24,6.0,False,2,2,0,0,2,0,2,2,2,2,0,0,3,2
216,215,11406.0,46.0,30.280000000000655,within_game,4,2,2,False,1,1,rally,15.28,13.0,False,56,42,56,42,56,6,56,42,56,42,56,42,74,56
217,216,11452.0,53.0,48.280000000000655,within_game,4,2,2,False,1,1,rally,4.32,4.0,False,38,18,37,18,38,0,38,20,38,18,37,18,57,38
219,218,11536.0,60.0,44.600000000000364,within_game,4,2,2,False,2,2,first_serve_fault+rally,2.0,3.0,False,0,0,0,0,0,0,0,0,0,0,0,0,0,0
220,219,11596.0,49.0,29.959999999999127,within_game,4,2,2,False,2,1,rally,6.56,6.0,False,23,15,23,15,23,0,23,15,23,15,23,15,33,23
221,220,11645.0,38.0,30.31999999999971,within_game,4,2,2,False,1,1,rally,7.52,6.0,False,0,0,0,0,0,0,0,0,0,0,0,0,0,0
222,221,11683.0,35.0,30.76000000000022,within_game,4,2,2,False,1,1,rally,4.08,5.0,False,2,2,0,0,2,0,2,2,2,2,0,0,6,2
223,222,11718.0,48.0,34.36000000000058,other_game_end,4,2,2,False,2,2,first_serve_fault+rally,0.64,2.0,False,37,31,37,31,37,3,37,31,37,31,37,31,47,37
224,223,11766.0,37.0,24.68000000000029,within_game,4,3,3,False,2,2,first_serve_fault+rally,0.72,2.0,False,52,41,52,41,52,6,52,41,52,41,52,41,66,52
225,224,11803.0,36.0,24.200000000000728,within_game,4,3,3,False,0,2,first_serve_fault+double_fault,0.0,1.0,False,2,0,0,0,2,0,2,0,2,0,0,0,3,2
226,225,11839.0,33.0,29.639999999999418,within_game,4,3,3,False,1,1,rally,3.76,5.0,True,51,36,48,33,51,6,51,38,51,36,48,33,76,51
227,226,11872.0,24.0,24.31999999999971,within_game,4,3,3,False,1,1,ace,0.0,1.0,True,0,0,0,0,0,0,0,0,0,0,0,0,0,0
228,227,11896.0,54.0,37.31999999999971,within_game,4,3,3,False,2,2,first_serve_fault+rally,4.88,4.0,False,1,0,1,0,1,0,1,0,1,0,1,0,1,1
229,228,11950.0,46.0,28.079999999999927,within_game,4,3,3,False,2,2,first_serve_fault+rally,4.64,5.0,True,2,0,2,0,2,0,2,0,2,0,2,0,2,2
230,229,11996.0,35.0,30.520000000000437,within_game,4,3,3,False,1,1,rally,4.0,5.0,True,0,0,0,0,0,0,0,0,0,0,0,0,0,0
231,230,12031.0,38.0,-48.68000000000029,within_game,4,3,3,False,0,3,first_serve_fault+double_fault+rally,5.92,6.0,False,17,14,16,14,17,3,17,14,17,14,16,14,19,17
234,233,12147.0,66.0,34.95999999999913,within_game,4,3,3,False,2,2,first_serve_fault+rally,19.2,15.0,False,4,2,4,2,4,0,4,2,4,2,4,2,5,4
235,234,12213.0,117.0,113.71999999999935,changeover,4,3,3,False,1,1,rally,3.68,4.0,False,12,11,12,11,12,3,12,11,12,11,12,11,17,12
240,239,12515.0,63.0,28.799999999999272,within_game,4,4,4,False,2,2,first_serve_fault+rally,3.52,4.0,False,81,61,77,57,81,6,81,61,81,61,77,57,107,81
241,240,12578.0,42.0,35.68000000000029,within_game,4,4,4,False,1,1,rally,6.48,6.0,False,0,0,0,0,0,0,0,0,0,0,0,0,0,0
243,242,12680.0,48.0,37.76000000000022,other_game_end,4,4,4,False,1,1,rally,10.72,9.0,False,47,28,46,28,47,4,47,28,47,28,46,28,68,47
245,244,12776.0,50.0,32.11999999999898,within_game,4,5,5,False,2,2,first_serve_fault+rally,5.52,4.0,False,0,0,0,0,0,0,0,0,0,0,0,0,0,0
246,245,12826.0,29.0,25.0,within_game,4,5,5,False,1,1,rally,3.6,3.0,False,3,3,3,3,3,0,3,3,3,3,3,3,3,3
247,246,12855.0,34.0,33.76000000000022,within_game,4,5,5,False,1,1,rally,0.72,2.0,False,0,0,0,0,0,0,0,0,0,0,0,0,0,0
248,247,12889.0,41.0,33.95999999999913,within_game,4,5,5,False,1,1,rally,7.04,5.0,False,10,2,10,2,10,0,10,2,10,2,10,2,14,10
249,248,12930.0,50.0,34.159999999999854,within_game,4,5,5,False,2,2,first_serve_fault+rally,4.56,5.0,False,54,37,54,37,54,7,54,37,54,37,54,37,77,54
250,249,12980.0,86.0,-38.600000000000364,within_game,4,5,5,False,2,2,first_serve_fault+rally,4.72,5.0,False,45,42,43,39,45,8,45,42,45,42,43,39,60,45
254,253,13267.0,26.0,22.31999999999971,within_game,4,6,6,False,1,1,rally,3.36,4.0,False,2,2,0,0,2,0,2,2,2,2,0,0,3,2
255,254,13293.0,41.0,32.19999999999891,within_game,4,6,6,False,1,1,rally,8.56,8.0,False,47,34,47,34,47,7,47,34,47,34,47,34,59,47
256,255,13334.0,29.0,26.519999999998618,within_game,4,6,6,False,1,1,rally,2.64,3.0,False,7,2,5,0,7,0,7,2,7,2,5,0,16,7
257,256,13363.0,59.0,59.43999999999869,within_game,4,6,6,False,2,1,ace,0.0,1.0,False,0,0,0,0,0,0,0,0,0,0,0,0,0,0
258,257,13422.0,53.0,36.07999999999993,within_game,4,6,6,False,2,2,first_serve_fault+rally,3.36,4.0,False,0,0,0,0,0,0,0,0,0,0,0,0,0,0
259,258,13475.0,34.0,33.47999999999956,other_game_end,4,6,6,False,1,1,rally,0.72,2.0,False,2,2,2,2,2,0,2,2,2,2,2,2,3,2
260,259,13509.0,29.0,27.079999999999927,within_game,4,7,7,False,1,1,rally,2.0,3.0,False,2,2,0,0,2,0,2,2,2,2,0,0,3,2
261,260,13538.0,58.0,39.279999999998836,within_game,4,7,7,False,2,2,first_serve_fault+rally,7.76,6.0,False,18,12,18,12,18,6,18,12,18,12,18,12,21,18
262,261,13596.0,24.0,22.959999999999127,within_game,4,7,7,False,1,1,rally,0.72,2.0,True,50,36,50,36,50,19,50,37,50,36,50,36,66,50
266,265,13802.0,54.0,28.80000000000109,within_game,4,8,8,False,2,1,rally,25.28,12.0,False,10,6,10,6,10,0,10,6,10,6,10,6,18,10
267,266,13856.0,30.0,26.640000000001237,within_game,4,8,8,False,1,1,rally,3.52,4.0,False,18,0,18,0,18,0,18,0,18,0,18,0,18,18
268,267,13886.0,36.0,34.840000000000146,other_game_end,4,8,8,False,1,1,rally,0.64,2.0,False,7,6,7,6,7,4,7,6,7,6,7,6,10,7
269,268,13922.0,28.0,24.23999999999978,within_game,4,9,9,False,1,1,rally,3.76,4.0,False,7,2,7,2,7,0,7,2,7,2,7,2,9,7
270,269,13950.0,43.0,31.23999999999978,within_game,4,9,9,False,0,2,first_serve_fault+double_fault,0.0,1.0,False,42,19,41,19,42,7,42,19,42,19,41,19,57,42
271,270,13993.0,42.0,29.520000000000437,within_game,4,9,9,False,2,2,first_serve_fault+rally,0.72,2.0,False,22,17,22,17,22,0,22,19,22,17,22,17,27,22
272,271,14035.0,24.0,23.600000000000364,within_game,4,9,9,False,1,1,rally,0.72,2.0,False,10,9,8,7,10,0,10,9,8,7,6,5,19,10
277,276,14391.0,56.0,55.67999999999847,within_game,5,1,1,False,2,1,ace,0.0,1.0,False,1,0,1,0,1,0,1,0,1,0,1,0,1,1
278,277,14447.0,62.0,59.35999999999876,within_game,5,1,1,False,1,1,rally,2.08,3.0,False,0,0,0,0,0,0,0,0,0,0,0,0,0,0
281,280,14567.0,75.0,46.51999999999862,within_game,5,1,1,False,2,1,rally,12.48,11.0,False,3,2,3,2,3,0,3,2,3,2,3,2,4,3
282,281,14642.0,29.0,27.959999999999127,within_game,5,1,1,False,1,1,rally,0.64,2.0,False,17,11,17,11,17,0,17,11,17,11,17,11,20,17
283,282,14671.0,74.0,51.95999999999913,other_game_end,5,1,1,False,2,2,first_serve_fault+rally,3.2,4.0,False,108,92,108,92,108,47,108,92,108,92,108,92,135,108
284,283,14745.0,51.0,40.039999999999054,within_game,5,2,2,False,1,1,rally,10.96,9.0,False,62,49,61,48,62,22,62,52,62,49,61,48,91,62
285,284,14796.0,36.0,31.279999999998836,within_game,5,2,2,False,1,1,rally,4.64,5.0,False,8,5,6,5,8,0,8,6,8,5,6,5,16,8
286,285,14832.0,47.0,30.919999999998254,within_game,5,2,2,False,2,2,first_serve_fault+rally,2.16,3.0,False,14,7,13,7,14,0,14,7,14,7,13,7,19,14
287,286,14879.0,34.0,31.639999999999418,within_game,5,2,2,False,1,1,rally,1.84,3.0,False,58,36,58,36,58,12,58,36,58,36,58,36,81,58
288,287,14913.0,46.0,28.359999999998763,within_game,5,2,2,False,2,2,first_serve_fault+rally,5.04,4.0,False,24,18,24,18,24,3,24,18,24,18,24,18,32,24
289,288,14959.0,66.0,48.95999999999913,within_game,5,2,2,False,1,1,rally,17.04,15.0,False,46,37,46,37,46,17,46,37,46,37,46,37,52,46
290,289,15025.0,50.0,34.95999999999913,within_game,5,2,2,False,2,2,first_serve_fault+rally,2.08,3.0,False,25,10,23,10,25,3,25,12,25,10,23,10,40,25
291,290,15075.0,69.0,48.11999999999898,other_game_end,5,2,2,False,2,2,first_serve_fault+rally,8.72,7.0,False,0,0,0,0,0,0,0,0,0,0,0,0,0,0
292,291,15144.0,42.0,33.7599999999984,within_game,5,3,3,False,1,1,rally,8.64,8.0,False,35,19,33,17,35,3,35,19,35,19,33,17,42,35
293,292,15186.0,32.0,29.11999999999898,within_game,5,3,3,False,1,1,rally,3.2,4.0,False,12,4,12,4,12,0,12,4,12,4,12,4,19,12
294,293,15218.0,77.0,38.43999999999869,within_game,5,3,3,False,2,1,rally,5.92,6.0,False,0,0,0,0,0,0,0,0,0,0,0,0,0,0
295,294,15295.0,33.0,29.31999999999971,within_game,5,3,3,False,1,1,rally,3.36,4.0,False,8,7,8,7,8,0,8,8,8,7,8,7,11,8
296,295,15328.0,37.0,34.51999999999862,within_game,5,3,3,False,1,1,rally,2.08,3.0,False,17,12,17,12,17,3,17,12,17,12,17,12,24,17
298,297,15488.0,27.0,25.99999999999818,within_game,5,4,4,False,1,1,rally,0.72,2.0,True,0,0,0,0,0,0,0,0,0,0,0,0,0,0
299,298,15515.0,27.0,26.8799999999992,within_game,5,4,4,False,1,1,rally,0.72,2.0,False,7,4,6,4,7,0,7,4,7,4,6,4,9,7
300,299,15542.0,26.0,25.719999999999345,within_game,5,4,4,False,1,1,rally,0.72,2.0,True,54,37,54,37,54,17,54,37,54,37,54,37,86,54
301,300,15568.0,42.0,42.159999999999854,other_game_end,5,4,4,False,1,1,ace,0.0,1.0,True,0,0,0,0,0,0,0,0,0,0,0,0,0,0
302,301,15610.0,39.0,38.7599999999984,within_game,5,5,5,False,2,1,ace,0.0,1.0,False,0,0,0,0,0,0,0,0,0,0,0,0,0,0
303,302,15649.0,24.0,23.43999999999869,within_game,5,5,5,False,1,1,rally,0.72,2.0,False,37,16,37,16,37,3,37,16,37,16,37,16,48,37
305,304,15695.0,40.0,20.719999999999345,within_game,5,5,5,False,2,1,rally,2.64,3.0,True,6,3,6,3,6,0,6,3,6,3,6,3,10,6
307,306,15833.0,47.0,30.860000000000582,within_game,5,6,6,False,2,2,first_serve_fault+rally,4.96,5.0,False,15,11,14,11,15,3,15,11,15,11,14,11,20,15
308,307,15880.0,46.0,31.659999999999854,within_game,5,6,6,False,2,2,first_serve_fault+rally,2.8,4.0,False,44,31,42,29,44,12,44,33,44,31,42,29,61,44
309,308,15926.0,29.0,26.94000000000051,within_game,5,6,6,False,1,1,rally,1.92,3.0,False,2,2,0,0,2,0,2,2,2,2,0,0,4,2
310,309,15955.0,42.0,29.899999999999636,within_game,5,6,6,False,2,2,first_serve_fault+rally,0.96,2.0,False,37,28,37,28,37,3,37,29,37,28,37,28,48,37
311,310,15997.0,32.0,28.220000000001164,within_game,5,6,6,False,1,1,rally,3.84,4.0,False,42,32,42,32,42,9,42,32,42,32,42,32,48,42
312,311,16029.0,30.0,29.579999999999927,other_game_end,5,6,6,False,1,1,ace,0.0,1.0,False,8,8,8,8,8,4,8,8,8,8,8,8,11,8
313,312,16059.0,15.0,13.94000000000051,within_game,5,7,7,False,1,1,rally,0.72,2.0,False,17,10,17,10,17,0,17,13,17,10,17,10,25,17
314,313,16074.0,46.0,42.30000000000109,within_game,5,7,7,False,1,1,rally,3.28,3.0,False,17,11,16,11,17,3,17,11,17,11,16,11,24,17
315,314,16120.0,42.0,31.220000000001164,within_game,5,7,7,False,1,1,rally,10.8,10.0,False,23,19,23,19,23,9,23,19,23,19,23,19,36,23
316,315,16162.0,37.0,33.42000000000007,within_game,5,7,7,False,1,1,rally,3.44,4.0,False,60,45,60,45,60,10,60,47,60,45,60,45,70,60
317,316,16199.0,60.0,27.860000000000582,within_game,5,7,7,False,2,2,first_serve_fault+rally,3.2,4.0,False,82,50,82,50,82,13,82,52,82,50,82,50,112,82
319,318,16365.0,28.0,24.7599999999984,within_game,5,8,8,False,1,1,rally,3.76,4.0,False,10,4,8,2,10,0,10,4,10,4,8,2,14,10
320,319,16393.0,38.0,25.719999999999345,within_game,5,8,8,False,2,2,first_serve_fault+rally,0.88,2.0,False,33,20,33,20,33,9,33,22,33,20,33,20,52,33
321,320,16431.0,47.0,28.719999999999345,within_game,5,8,8,False,2,2,ace+rally,6.0,6.0,True,44,28,44,28,44,6,44,32,44,28,44,28,71,44
322,321,16478.0,27.0,24.7599999999984,within_game,5,8,8,False,1,1,rally,2.48,3.0,True,0,0,0,0,0,0,0,0,0,0,0,0,0,0
323,322,16505.0,45.0,33.43999999999869,other_game_end,5,8,8,False,2,2,first_serve_fault+ace,0.0,1.0,False,33,22,31,20,33,9,33,22,31,20,29,18,44,33
324,323,16550.0,28.0,24.11999999999898,within_game,5,9,9,False,1,1,rally,4.4,5.0,False,2,2,0,0,2,0,2,2,2,2,0,0,3,2
326,325,16604.0,29.0,28.19999999999891,within_game,5,9,9,False,1,1,rally,0.8,2.0,False,6,3,6,3,6,0,6,3,6,3,6,3,12,6
329,328,16771.0,27.0,24.76000000000022,within_game,5,10,10,False,1,1,rally,1.92,3.0,False,8,6,6,4,8,0,8,6,8,6,6,4,12,8
330,329,16798.0,45.0,35.55999999999949,within_game,5,10,10,False,1,1,rally,9.6,9.0,False,51,36,51,36,51,10,51,36,51,36,51,36,65,51
331,330,16843.0,37.0,32.840000000000146,within_game,5,10,10,False,1,1,rally,4.16,5.0,False,20,12,20,12,20,0,20,13,20,12,20,12,26,20
332,331,16880.0,32.0,27.639999999999418,within_game,5,10,10,False,1,1,rally,4.0,3.0,False,2,2,0,0,2,0,2,2,2,2,0,0,3,2
333,332,16912.0,35.0,34.47999999999956,within_game,5,10,10,False,1,1,rally,0.64,2.0,False,0,0,0,0,0,0,0,0,0,0,0,0,0,0
